// Code generated by gen_nfd_table.go; DO NOT EDIT.
// Regenerate with: go run gen_nfd_table.go (requires golang.org/x/text).
// Canonical (NFD, not NFKD) recursive per-rune decompositions. See nfd.go.

package tokenizer

// nfdTable maps a rune to its fully-expanded recursive canonical decomposition.
// Runes absent from the table decompose to themselves.
var nfdTable = map[rune][]rune{
	0x00C0:  {0x0041, 0x0300},
	0x00C1:  {0x0041, 0x0301},
	0x00C2:  {0x0041, 0x0302},
	0x00C3:  {0x0041, 0x0303},
	0x00C4:  {0x0041, 0x0308},
	0x00C5:  {0x0041, 0x030A},
	0x00C7:  {0x0043, 0x0327},
	0x00C8:  {0x0045, 0x0300},
	0x00C9:  {0x0045, 0x0301},
	0x00CA:  {0x0045, 0x0302},
	0x00CB:  {0x0045, 0x0308},
	0x00CC:  {0x0049, 0x0300},
	0x00CD:  {0x0049, 0x0301},
	0x00CE:  {0x0049, 0x0302},
	0x00CF:  {0x0049, 0x0308},
	0x00D1:  {0x004E, 0x0303},
	0x00D2:  {0x004F, 0x0300},
	0x00D3:  {0x004F, 0x0301},
	0x00D4:  {0x004F, 0x0302},
	0x00D5:  {0x004F, 0x0303},
	0x00D6:  {0x004F, 0x0308},
	0x00D9:  {0x0055, 0x0300},
	0x00DA:  {0x0055, 0x0301},
	0x00DB:  {0x0055, 0x0302},
	0x00DC:  {0x0055, 0x0308},
	0x00DD:  {0x0059, 0x0301},
	0x00E0:  {0x0061, 0x0300},
	0x00E1:  {0x0061, 0x0301},
	0x00E2:  {0x0061, 0x0302},
	0x00E3:  {0x0061, 0x0303},
	0x00E4:  {0x0061, 0x0308},
	0x00E5:  {0x0061, 0x030A},
	0x00E7:  {0x0063, 0x0327},
	0x00E8:  {0x0065, 0x0300},
	0x00E9:  {0x0065, 0x0301},
	0x00EA:  {0x0065, 0x0302},
	0x00EB:  {0x0065, 0x0308},
	0x00EC:  {0x0069, 0x0300},
	0x00ED:  {0x0069, 0x0301},
	0x00EE:  {0x0069, 0x0302},
	0x00EF:  {0x0069, 0x0308},
	0x00F1:  {0x006E, 0x0303},
	0x00F2:  {0x006F, 0x0300},
	0x00F3:  {0x006F, 0x0301},
	0x00F4:  {0x006F, 0x0302},
	0x00F5:  {0x006F, 0x0303},
	0x00F6:  {0x006F, 0x0308},
	0x00F9:  {0x0075, 0x0300},
	0x00FA:  {0x0075, 0x0301},
	0x00FB:  {0x0075, 0x0302},
	0x00FC:  {0x0075, 0x0308},
	0x00FD:  {0x0079, 0x0301},
	0x00FF:  {0x0079, 0x0308},
	0x0100:  {0x0041, 0x0304},
	0x0101:  {0x0061, 0x0304},
	0x0102:  {0x0041, 0x0306},
	0x0103:  {0x0061, 0x0306},
	0x0104:  {0x0041, 0x0328},
	0x0105:  {0x0061, 0x0328},
	0x0106:  {0x0043, 0x0301},
	0x0107:  {0x0063, 0x0301},
	0x0108:  {0x0043, 0x0302},
	0x0109:  {0x0063, 0x0302},
	0x010A:  {0x0043, 0x0307},
	0x010B:  {0x0063, 0x0307},
	0x010C:  {0x0043, 0x030C},
	0x010D:  {0x0063, 0x030C},
	0x010E:  {0x0044, 0x030C},
	0x010F:  {0x0064, 0x030C},
	0x0112:  {0x0045, 0x0304},
	0x0113:  {0x0065, 0x0304},
	0x0114:  {0x0045, 0x0306},
	0x0115:  {0x0065, 0x0306},
	0x0116:  {0x0045, 0x0307},
	0x0117:  {0x0065, 0x0307},
	0x0118:  {0x0045, 0x0328},
	0x0119:  {0x0065, 0x0328},
	0x011A:  {0x0045, 0x030C},
	0x011B:  {0x0065, 0x030C},
	0x011C:  {0x0047, 0x0302},
	0x011D:  {0x0067, 0x0302},
	0x011E:  {0x0047, 0x0306},
	0x011F:  {0x0067, 0x0306},
	0x0120:  {0x0047, 0x0307},
	0x0121:  {0x0067, 0x0307},
	0x0122:  {0x0047, 0x0327},
	0x0123:  {0x0067, 0x0327},
	0x0124:  {0x0048, 0x0302},
	0x0125:  {0x0068, 0x0302},
	0x0128:  {0x0049, 0x0303},
	0x0129:  {0x0069, 0x0303},
	0x012A:  {0x0049, 0x0304},
	0x012B:  {0x0069, 0x0304},
	0x012C:  {0x0049, 0x0306},
	0x012D:  {0x0069, 0x0306},
	0x012E:  {0x0049, 0x0328},
	0x012F:  {0x0069, 0x0328},
	0x0130:  {0x0049, 0x0307},
	0x0134:  {0x004A, 0x0302},
	0x0135:  {0x006A, 0x0302},
	0x0136:  {0x004B, 0x0327},
	0x0137:  {0x006B, 0x0327},
	0x0139:  {0x004C, 0x0301},
	0x013A:  {0x006C, 0x0301},
	0x013B:  {0x004C, 0x0327},
	0x013C:  {0x006C, 0x0327},
	0x013D:  {0x004C, 0x030C},
	0x013E:  {0x006C, 0x030C},
	0x0143:  {0x004E, 0x0301},
	0x0144:  {0x006E, 0x0301},
	0x0145:  {0x004E, 0x0327},
	0x0146:  {0x006E, 0x0327},
	0x0147:  {0x004E, 0x030C},
	0x0148:  {0x006E, 0x030C},
	0x014C:  {0x004F, 0x0304},
	0x014D:  {0x006F, 0x0304},
	0x014E:  {0x004F, 0x0306},
	0x014F:  {0x006F, 0x0306},
	0x0150:  {0x004F, 0x030B},
	0x0151:  {0x006F, 0x030B},
	0x0154:  {0x0052, 0x0301},
	0x0155:  {0x0072, 0x0301},
	0x0156:  {0x0052, 0x0327},
	0x0157:  {0x0072, 0x0327},
	0x0158:  {0x0052, 0x030C},
	0x0159:  {0x0072, 0x030C},
	0x015A:  {0x0053, 0x0301},
	0x015B:  {0x0073, 0x0301},
	0x015C:  {0x0053, 0x0302},
	0x015D:  {0x0073, 0x0302},
	0x015E:  {0x0053, 0x0327},
	0x015F:  {0x0073, 0x0327},
	0x0160:  {0x0053, 0x030C},
	0x0161:  {0x0073, 0x030C},
	0x0162:  {0x0054, 0x0327},
	0x0163:  {0x0074, 0x0327},
	0x0164:  {0x0054, 0x030C},
	0x0165:  {0x0074, 0x030C},
	0x0168:  {0x0055, 0x0303},
	0x0169:  {0x0075, 0x0303},
	0x016A:  {0x0055, 0x0304},
	0x016B:  {0x0075, 0x0304},
	0x016C:  {0x0055, 0x0306},
	0x016D:  {0x0075, 0x0306},
	0x016E:  {0x0055, 0x030A},
	0x016F:  {0x0075, 0x030A},
	0x0170:  {0x0055, 0x030B},
	0x0171:  {0x0075, 0x030B},
	0x0172:  {0x0055, 0x0328},
	0x0173:  {0x0075, 0x0328},
	0x0174:  {0x0057, 0x0302},
	0x0175:  {0x0077, 0x0302},
	0x0176:  {0x0059, 0x0302},
	0x0177:  {0x0079, 0x0302},
	0x0178:  {0x0059, 0x0308},
	0x0179:  {0x005A, 0x0301},
	0x017A:  {0x007A, 0x0301},
	0x017B:  {0x005A, 0x0307},
	0x017C:  {0x007A, 0x0307},
	0x017D:  {0x005A, 0x030C},
	0x017E:  {0x007A, 0x030C},
	0x01A0:  {0x004F, 0x031B},
	0x01A1:  {0x006F, 0x031B},
	0x01AF:  {0x0055, 0x031B},
	0x01B0:  {0x0075, 0x031B},
	0x01CD:  {0x0041, 0x030C},
	0x01CE:  {0x0061, 0x030C},
	0x01CF:  {0x0049, 0x030C},
	0x01D0:  {0x0069, 0x030C},
	0x01D1:  {0x004F, 0x030C},
	0x01D2:  {0x006F, 0x030C},
	0x01D3:  {0x0055, 0x030C},
	0x01D4:  {0x0075, 0x030C},
	0x01D5:  {0x0055, 0x0308, 0x0304},
	0x01D6:  {0x0075, 0x0308, 0x0304},
	0x01D7:  {0x0055, 0x0308, 0x0301},
	0x01D8:  {0x0075, 0x0308, 0x0301},
	0x01D9:  {0x0055, 0x0308, 0x030C},
	0x01DA:  {0x0075, 0x0308, 0x030C},
	0x01DB:  {0x0055, 0x0308, 0x0300},
	0x01DC:  {0x0075, 0x0308, 0x0300},
	0x01DE:  {0x0041, 0x0308, 0x0304},
	0x01DF:  {0x0061, 0x0308, 0x0304},
	0x01E0:  {0x0041, 0x0307, 0x0304},
	0x01E1:  {0x0061, 0x0307, 0x0304},
	0x01E2:  {0x00C6, 0x0304},
	0x01E3:  {0x00E6, 0x0304},
	0x01E6:  {0x0047, 0x030C},
	0x01E7:  {0x0067, 0x030C},
	0x01E8:  {0x004B, 0x030C},
	0x01E9:  {0x006B, 0x030C},
	0x01EA:  {0x004F, 0x0328},
	0x01EB:  {0x006F, 0x0328},
	0x01EC:  {0x004F, 0x0328, 0x0304},
	0x01ED:  {0x006F, 0x0328, 0x0304},
	0x01EE:  {0x01B7, 0x030C},
	0x01EF:  {0x0292, 0x030C},
	0x01F0:  {0x006A, 0x030C},
	0x01F4:  {0x0047, 0x0301},
	0x01F5:  {0x0067, 0x0301},
	0x01F8:  {0x004E, 0x0300},
	0x01F9:  {0x006E, 0x0300},
	0x01FA:  {0x0041, 0x030A, 0x0301},
	0x01FB:  {0x0061, 0x030A, 0x0301},
	0x01FC:  {0x00C6, 0x0301},
	0x01FD:  {0x00E6, 0x0301},
	0x01FE:  {0x00D8, 0x0301},
	0x01FF:  {0x00F8, 0x0301},
	0x0200:  {0x0041, 0x030F},
	0x0201:  {0x0061, 0x030F},
	0x0202:  {0x0041, 0x0311},
	0x0203:  {0x0061, 0x0311},
	0x0204:  {0x0045, 0x030F},
	0x0205:  {0x0065, 0x030F},
	0x0206:  {0x0045, 0x0311},
	0x0207:  {0x0065, 0x0311},
	0x0208:  {0x0049, 0x030F},
	0x0209:  {0x0069, 0x030F},
	0x020A:  {0x0049, 0x0311},
	0x020B:  {0x0069, 0x0311},
	0x020C:  {0x004F, 0x030F},
	0x020D:  {0x006F, 0x030F},
	0x020E:  {0x004F, 0x0311},
	0x020F:  {0x006F, 0x0311},
	0x0210:  {0x0052, 0x030F},
	0x0211:  {0x0072, 0x030F},
	0x0212:  {0x0052, 0x0311},
	0x0213:  {0x0072, 0x0311},
	0x0214:  {0x0055, 0x030F},
	0x0215:  {0x0075, 0x030F},
	0x0216:  {0x0055, 0x0311},
	0x0217:  {0x0075, 0x0311},
	0x0218:  {0x0053, 0x0326},
	0x0219:  {0x0073, 0x0326},
	0x021A:  {0x0054, 0x0326},
	0x021B:  {0x0074, 0x0326},
	0x021E:  {0x0048, 0x030C},
	0x021F:  {0x0068, 0x030C},
	0x0226:  {0x0041, 0x0307},
	0x0227:  {0x0061, 0x0307},
	0x0228:  {0x0045, 0x0327},
	0x0229:  {0x0065, 0x0327},
	0x022A:  {0x004F, 0x0308, 0x0304},
	0x022B:  {0x006F, 0x0308, 0x0304},
	0x022C:  {0x004F, 0x0303, 0x0304},
	0x022D:  {0x006F, 0x0303, 0x0304},
	0x022E:  {0x004F, 0x0307},
	0x022F:  {0x006F, 0x0307},
	0x0230:  {0x004F, 0x0307, 0x0304},
	0x0231:  {0x006F, 0x0307, 0x0304},
	0x0232:  {0x0059, 0x0304},
	0x0233:  {0x0079, 0x0304},
	0x0340:  {0x0300},
	0x0341:  {0x0301},
	0x0343:  {0x0313},
	0x0344:  {0x0308, 0x0301},
	0x0374:  {0x02B9},
	0x037E:  {0x003B},
	0x0385:  {0x00A8, 0x0301},
	0x0386:  {0x0391, 0x0301},
	0x0387:  {0x00B7},
	0x0388:  {0x0395, 0x0301},
	0x0389:  {0x0397, 0x0301},
	0x038A:  {0x0399, 0x0301},
	0x038C:  {0x039F, 0x0301},
	0x038E:  {0x03A5, 0x0301},
	0x038F:  {0x03A9, 0x0301},
	0x0390:  {0x03B9, 0x0308, 0x0301},
	0x03AA:  {0x0399, 0x0308},
	0x03AB:  {0x03A5, 0x0308},
	0x03AC:  {0x03B1, 0x0301},
	0x03AD:  {0x03B5, 0x0301},
	0x03AE:  {0x03B7, 0x0301},
	0x03AF:  {0x03B9, 0x0301},
	0x03B0:  {0x03C5, 0x0308, 0x0301},
	0x03CA:  {0x03B9, 0x0308},
	0x03CB:  {0x03C5, 0x0308},
	0x03CC:  {0x03BF, 0x0301},
	0x03CD:  {0x03C5, 0x0301},
	0x03CE:  {0x03C9, 0x0301},
	0x03D3:  {0x03D2, 0x0301},
	0x03D4:  {0x03D2, 0x0308},
	0x0400:  {0x0415, 0x0300},
	0x0401:  {0x0415, 0x0308},
	0x0403:  {0x0413, 0x0301},
	0x0407:  {0x0406, 0x0308},
	0x040C:  {0x041A, 0x0301},
	0x040D:  {0x0418, 0x0300},
	0x040E:  {0x0423, 0x0306},
	0x0419:  {0x0418, 0x0306},
	0x0439:  {0x0438, 0x0306},
	0x0450:  {0x0435, 0x0300},
	0x0451:  {0x0435, 0x0308},
	0x0453:  {0x0433, 0x0301},
	0x0457:  {0x0456, 0x0308},
	0x045C:  {0x043A, 0x0301},
	0x045D:  {0x0438, 0x0300},
	0x045E:  {0x0443, 0x0306},
	0x0476:  {0x0474, 0x030F},
	0x0477:  {0x0475, 0x030F},
	0x04C1:  {0x0416, 0x0306},
	0x04C2:  {0x0436, 0x0306},
	0x04D0:  {0x0410, 0x0306},
	0x04D1:  {0x0430, 0x0306},
	0x04D2:  {0x0410, 0x0308},
	0x04D3:  {0x0430, 0x0308},
	0x04D6:  {0x0415, 0x0306},
	0x04D7:  {0x0435, 0x0306},
	0x04DA:  {0x04D8, 0x0308},
	0x04DB:  {0x04D9, 0x0308},
	0x04DC:  {0x0416, 0x0308},
	0x04DD:  {0x0436, 0x0308},
	0x04DE:  {0x0417, 0x0308},
	0x04DF:  {0x0437, 0x0308},
	0x04E2:  {0x0418, 0x0304},
	0x04E3:  {0x0438, 0x0304},
	0x04E4:  {0x0418, 0x0308},
	0x04E5:  {0x0438, 0x0308},
	0x04E6:  {0x041E, 0x0308},
	0x04E7:  {0x043E, 0x0308},
	0x04EA:  {0x04E8, 0x0308},
	0x04EB:  {0x04E9, 0x0308},
	0x04EC:  {0x042D, 0x0308},
	0x04ED:  {0x044D, 0x0308},
	0x04EE:  {0x0423, 0x0304},
	0x04EF:  {0x0443, 0x0304},
	0x04F0:  {0x0423, 0x0308},
	0x04F1:  {0x0443, 0x0308},
	0x04F2:  {0x0423, 0x030B},
	0x04F3:  {0x0443, 0x030B},
	0x04F4:  {0x0427, 0x0308},
	0x04F5:  {0x0447, 0x0308},
	0x04F8:  {0x042B, 0x0308},
	0x04F9:  {0x044B, 0x0308},
	0x0622:  {0x0627, 0x0653},
	0x0623:  {0x0627, 0x0654},
	0x0624:  {0x0648, 0x0654},
	0x0625:  {0x0627, 0x0655},
	0x0626:  {0x064A, 0x0654},
	0x06C0:  {0x06D5, 0x0654},
	0x06C2:  {0x06C1, 0x0654},
	0x06D3:  {0x06D2, 0x0654},
	0x0929:  {0x0928, 0x093C},
	0x0931:  {0x0930, 0x093C},
	0x0934:  {0x0933, 0x093C},
	0x0958:  {0x0915, 0x093C},
	0x0959:  {0x0916, 0x093C},
	0x095A:  {0x0917, 0x093C},
	0x095B:  {0x091C, 0x093C},
	0x095C:  {0x0921, 0x093C},
	0x095D:  {0x0922, 0x093C},
	0x095E:  {0x092B, 0x093C},
	0x095F:  {0x092F, 0x093C},
	0x09CB:  {0x09C7, 0x09BE},
	0x09CC:  {0x09C7, 0x09D7},
	0x09DC:  {0x09A1, 0x09BC},
	0x09DD:  {0x09A2, 0x09BC},
	0x09DF:  {0x09AF, 0x09BC},
	0x0A33:  {0x0A32, 0x0A3C},
	0x0A36:  {0x0A38, 0x0A3C},
	0x0A59:  {0x0A16, 0x0A3C},
	0x0A5A:  {0x0A17, 0x0A3C},
	0x0A5B:  {0x0A1C, 0x0A3C},
	0x0A5E:  {0x0A2B, 0x0A3C},
	0x0B48:  {0x0B47, 0x0B56},
	0x0B4B:  {0x0B47, 0x0B3E},
	0x0B4C:  {0x0B47, 0x0B57},
	0x0B5C:  {0x0B21, 0x0B3C},
	0x0B5D:  {0x0B22, 0x0B3C},
	0x0B94:  {0x0B92, 0x0BD7},
	0x0BCA:  {0x0BC6, 0x0BBE},
	0x0BCB:  {0x0BC7, 0x0BBE},
	0x0BCC:  {0x0BC6, 0x0BD7},
	0x0C48:  {0x0C46, 0x0C56},
	0x0CC0:  {0x0CBF, 0x0CD5},
	0x0CC7:  {0x0CC6, 0x0CD5},
	0x0CC8:  {0x0CC6, 0x0CD6},
	0x0CCA:  {0x0CC6, 0x0CC2},
	0x0CCB:  {0x0CC6, 0x0CC2, 0x0CD5},
	0x0D4A:  {0x0D46, 0x0D3E},
	0x0D4B:  {0x0D47, 0x0D3E},
	0x0D4C:  {0x0D46, 0x0D57},
	0x0DDA:  {0x0DD9, 0x0DCA},
	0x0DDC:  {0x0DD9, 0x0DCF},
	0x0DDD:  {0x0DD9, 0x0DCF, 0x0DCA},
	0x0DDE:  {0x0DD9, 0x0DDF},
	0x0F43:  {0x0F42, 0x0FB7},
	0x0F4D:  {0x0F4C, 0x0FB7},
	0x0F52:  {0x0F51, 0x0FB7},
	0x0F57:  {0x0F56, 0x0FB7},
	0x0F5C:  {0x0F5B, 0x0FB7},
	0x0F69:  {0x0F40, 0x0FB5},
	0x0F73:  {0x0F71, 0x0F72},
	0x0F75:  {0x0F71, 0x0F74},
	0x0F76:  {0x0FB2, 0x0F80},
	0x0F78:  {0x0FB3, 0x0F80},
	0x0F81:  {0x0F71, 0x0F80},
	0x0F93:  {0x0F92, 0x0FB7},
	0x0F9D:  {0x0F9C, 0x0FB7},
	0x0FA2:  {0x0FA1, 0x0FB7},
	0x0FA7:  {0x0FA6, 0x0FB7},
	0x0FAC:  {0x0FAB, 0x0FB7},
	0x0FB9:  {0x0F90, 0x0FB5},
	0x1026:  {0x1025, 0x102E},
	0x1B06:  {0x1B05, 0x1B35},
	0x1B08:  {0x1B07, 0x1B35},
	0x1B0A:  {0x1B09, 0x1B35},
	0x1B0C:  {0x1B0B, 0x1B35},
	0x1B0E:  {0x1B0D, 0x1B35},
	0x1B12:  {0x1B11, 0x1B35},
	0x1B3B:  {0x1B3A, 0x1B35},
	0x1B3D:  {0x1B3C, 0x1B35},
	0x1B40:  {0x1B3E, 0x1B35},
	0x1B41:  {0x1B3F, 0x1B35},
	0x1B43:  {0x1B42, 0x1B35},
	0x1E00:  {0x0041, 0x0325},
	0x1E01:  {0x0061, 0x0325},
	0x1E02:  {0x0042, 0x0307},
	0x1E03:  {0x0062, 0x0307},
	0x1E04:  {0x0042, 0x0323},
	0x1E05:  {0x0062, 0x0323},
	0x1E06:  {0x0042, 0x0331},
	0x1E07:  {0x0062, 0x0331},
	0x1E08:  {0x0043, 0x0327, 0x0301},
	0x1E09:  {0x0063, 0x0327, 0x0301},
	0x1E0A:  {0x0044, 0x0307},
	0x1E0B:  {0x0064, 0x0307},
	0x1E0C:  {0x0044, 0x0323},
	0x1E0D:  {0x0064, 0x0323},
	0x1E0E:  {0x0044, 0x0331},
	0x1E0F:  {0x0064, 0x0331},
	0x1E10:  {0x0044, 0x0327},
	0x1E11:  {0x0064, 0x0327},
	0x1E12:  {0x0044, 0x032D},
	0x1E13:  {0x0064, 0x032D},
	0x1E14:  {0x0045, 0x0304, 0x0300},
	0x1E15:  {0x0065, 0x0304, 0x0300},
	0x1E16:  {0x0045, 0x0304, 0x0301},
	0x1E17:  {0x0065, 0x0304, 0x0301},
	0x1E18:  {0x0045, 0x032D},
	0x1E19:  {0x0065, 0x032D},
	0x1E1A:  {0x0045, 0x0330},
	0x1E1B:  {0x0065, 0x0330},
	0x1E1C:  {0x0045, 0x0327, 0x0306},
	0x1E1D:  {0x0065, 0x0327, 0x0306},
	0x1E1E:  {0x0046, 0x0307},
	0x1E1F:  {0x0066, 0x0307},
	0x1E20:  {0x0047, 0x0304},
	0x1E21:  {0x0067, 0x0304},
	0x1E22:  {0x0048, 0x0307},
	0x1E23:  {0x0068, 0x0307},
	0x1E24:  {0x0048, 0x0323},
	0x1E25:  {0x0068, 0x0323},
	0x1E26:  {0x0048, 0x0308},
	0x1E27:  {0x0068, 0x0308},
	0x1E28:  {0x0048, 0x0327},
	0x1E29:  {0x0068, 0x0327},
	0x1E2A:  {0x0048, 0x032E},
	0x1E2B:  {0x0068, 0x032E},
	0x1E2C:  {0x0049, 0x0330},
	0x1E2D:  {0x0069, 0x0330},
	0x1E2E:  {0x0049, 0x0308, 0x0301},
	0x1E2F:  {0x0069, 0x0308, 0x0301},
	0x1E30:  {0x004B, 0x0301},
	0x1E31:  {0x006B, 0x0301},
	0x1E32:  {0x004B, 0x0323},
	0x1E33:  {0x006B, 0x0323},
	0x1E34:  {0x004B, 0x0331},
	0x1E35:  {0x006B, 0x0331},
	0x1E36:  {0x004C, 0x0323},
	0x1E37:  {0x006C, 0x0323},
	0x1E38:  {0x004C, 0x0323, 0x0304},
	0x1E39:  {0x006C, 0x0323, 0x0304},
	0x1E3A:  {0x004C, 0x0331},
	0x1E3B:  {0x006C, 0x0331},
	0x1E3C:  {0x004C, 0x032D},
	0x1E3D:  {0x006C, 0x032D},
	0x1E3E:  {0x004D, 0x0301},
	0x1E3F:  {0x006D, 0x0301},
	0x1E40:  {0x004D, 0x0307},
	0x1E41:  {0x006D, 0x0307},
	0x1E42:  {0x004D, 0x0323},
	0x1E43:  {0x006D, 0x0323},
	0x1E44:  {0x004E, 0x0307},
	0x1E45:  {0x006E, 0x0307},
	0x1E46:  {0x004E, 0x0323},
	0x1E47:  {0x006E, 0x0323},
	0x1E48:  {0x004E, 0x0331},
	0x1E49:  {0x006E, 0x0331},
	0x1E4A:  {0x004E, 0x032D},
	0x1E4B:  {0x006E, 0x032D},
	0x1E4C:  {0x004F, 0x0303, 0x0301},
	0x1E4D:  {0x006F, 0x0303, 0x0301},
	0x1E4E:  {0x004F, 0x0303, 0x0308},
	0x1E4F:  {0x006F, 0x0303, 0x0308},
	0x1E50:  {0x004F, 0x0304, 0x0300},
	0x1E51:  {0x006F, 0x0304, 0x0300},
	0x1E52:  {0x004F, 0x0304, 0x0301},
	0x1E53:  {0x006F, 0x0304, 0x0301},
	0x1E54:  {0x0050, 0x0301},
	0x1E55:  {0x0070, 0x0301},
	0x1E56:  {0x0050, 0x0307},
	0x1E57:  {0x0070, 0x0307},
	0x1E58:  {0x0052, 0x0307},
	0x1E59:  {0x0072, 0x0307},
	0x1E5A:  {0x0052, 0x0323},
	0x1E5B:  {0x0072, 0x0323},
	0x1E5C:  {0x0052, 0x0323, 0x0304},
	0x1E5D:  {0x0072, 0x0323, 0x0304},
	0x1E5E:  {0x0052, 0x0331},
	0x1E5F:  {0x0072, 0x0331},
	0x1E60:  {0x0053, 0x0307},
	0x1E61:  {0x0073, 0x0307},
	0x1E62:  {0x0053, 0x0323},
	0x1E63:  {0x0073, 0x0323},
	0x1E64:  {0x0053, 0x0301, 0x0307},
	0x1E65:  {0x0073, 0x0301, 0x0307},
	0x1E66:  {0x0053, 0x030C, 0x0307},
	0x1E67:  {0x0073, 0x030C, 0x0307},
	0x1E68:  {0x0053, 0x0323, 0x0307},
	0x1E69:  {0x0073, 0x0323, 0x0307},
	0x1E6A:  {0x0054, 0x0307},
	0x1E6B:  {0x0074, 0x0307},
	0x1E6C:  {0x0054, 0x0323},
	0x1E6D:  {0x0074, 0x0323},
	0x1E6E:  {0x0054, 0x0331},
	0x1E6F:  {0x0074, 0x0331},
	0x1E70:  {0x0054, 0x032D},
	0x1E71:  {0x0074, 0x032D},
	0x1E72:  {0x0055, 0x0324},
	0x1E73:  {0x0075, 0x0324},
	0x1E74:  {0x0055, 0x0330},
	0x1E75:  {0x0075, 0x0330},
	0x1E76:  {0x0055, 0x032D},
	0x1E77:  {0x0075, 0x032D},
	0x1E78:  {0x0055, 0x0303, 0x0301},
	0x1E79:  {0x0075, 0x0303, 0x0301},
	0x1E7A:  {0x0055, 0x0304, 0x0308},
	0x1E7B:  {0x0075, 0x0304, 0x0308},
	0x1E7C:  {0x0056, 0x0303},
	0x1E7D:  {0x0076, 0x0303},
	0x1E7E:  {0x0056, 0x0323},
	0x1E7F:  {0x0076, 0x0323},
	0x1E80:  {0x0057, 0x0300},
	0x1E81:  {0x0077, 0x0300},
	0x1E82:  {0x0057, 0x0301},
	0x1E83:  {0x0077, 0x0301},
	0x1E84:  {0x0057, 0x0308},
	0x1E85:  {0x0077, 0x0308},
	0x1E86:  {0x0057, 0x0307},
	0x1E87:  {0x0077, 0x0307},
	0x1E88:  {0x0057, 0x0323},
	0x1E89:  {0x0077, 0x0323},
	0x1E8A:  {0x0058, 0x0307},
	0x1E8B:  {0x0078, 0x0307},
	0x1E8C:  {0x0058, 0x0308},
	0x1E8D:  {0x0078, 0x0308},
	0x1E8E:  {0x0059, 0x0307},
	0x1E8F:  {0x0079, 0x0307},
	0x1E90:  {0x005A, 0x0302},
	0x1E91:  {0x007A, 0x0302},
	0x1E92:  {0x005A, 0x0323},
	0x1E93:  {0x007A, 0x0323},
	0x1E94:  {0x005A, 0x0331},
	0x1E95:  {0x007A, 0x0331},
	0x1E96:  {0x0068, 0x0331},
	0x1E97:  {0x0074, 0x0308},
	0x1E98:  {0x0077, 0x030A},
	0x1E99:  {0x0079, 0x030A},
	0x1E9B:  {0x017F, 0x0307},
	0x1EA0:  {0x0041, 0x0323},
	0x1EA1:  {0x0061, 0x0323},
	0x1EA2:  {0x0041, 0x0309},
	0x1EA3:  {0x0061, 0x0309},
	0x1EA4:  {0x0041, 0x0302, 0x0301},
	0x1EA5:  {0x0061, 0x0302, 0x0301},
	0x1EA6:  {0x0041, 0x0302, 0x0300},
	0x1EA7:  {0x0061, 0x0302, 0x0300},
	0x1EA8:  {0x0041, 0x0302, 0x0309},
	0x1EA9:  {0x0061, 0x0302, 0x0309},
	0x1EAA:  {0x0041, 0x0302, 0x0303},
	0x1EAB:  {0x0061, 0x0302, 0x0303},
	0x1EAC:  {0x0041, 0x0323, 0x0302},
	0x1EAD:  {0x0061, 0x0323, 0x0302},
	0x1EAE:  {0x0041, 0x0306, 0x0301},
	0x1EAF:  {0x0061, 0x0306, 0x0301},
	0x1EB0:  {0x0041, 0x0306, 0x0300},
	0x1EB1:  {0x0061, 0x0306, 0x0300},
	0x1EB2:  {0x0041, 0x0306, 0x0309},
	0x1EB3:  {0x0061, 0x0306, 0x0309},
	0x1EB4:  {0x0041, 0x0306, 0x0303},
	0x1EB5:  {0x0061, 0x0306, 0x0303},
	0x1EB6:  {0x0041, 0x0323, 0x0306},
	0x1EB7:  {0x0061, 0x0323, 0x0306},
	0x1EB8:  {0x0045, 0x0323},
	0x1EB9:  {0x0065, 0x0323},
	0x1EBA:  {0x0045, 0x0309},
	0x1EBB:  {0x0065, 0x0309},
	0x1EBC:  {0x0045, 0x0303},
	0x1EBD:  {0x0065, 0x0303},
	0x1EBE:  {0x0045, 0x0302, 0x0301},
	0x1EBF:  {0x0065, 0x0302, 0x0301},
	0x1EC0:  {0x0045, 0x0302, 0x0300},
	0x1EC1:  {0x0065, 0x0302, 0x0300},
	0x1EC2:  {0x0045, 0x0302, 0x0309},
	0x1EC3:  {0x0065, 0x0302, 0x0309},
	0x1EC4:  {0x0045, 0x0302, 0x0303},
	0x1EC5:  {0x0065, 0x0302, 0x0303},
	0x1EC6:  {0x0045, 0x0323, 0x0302},
	0x1EC7:  {0x0065, 0x0323, 0x0302},
	0x1EC8:  {0x0049, 0x0309},
	0x1EC9:  {0x0069, 0x0309},
	0x1ECA:  {0x0049, 0x0323},
	0x1ECB:  {0x0069, 0x0323},
	0x1ECC:  {0x004F, 0x0323},
	0x1ECD:  {0x006F, 0x0323},
	0x1ECE:  {0x004F, 0x0309},
	0x1ECF:  {0x006F, 0x0309},
	0x1ED0:  {0x004F, 0x0302, 0x0301},
	0x1ED1:  {0x006F, 0x0302, 0x0301},
	0x1ED2:  {0x004F, 0x0302, 0x0300},
	0x1ED3:  {0x006F, 0x0302, 0x0300},
	0x1ED4:  {0x004F, 0x0302, 0x0309},
	0x1ED5:  {0x006F, 0x0302, 0x0309},
	0x1ED6:  {0x004F, 0x0302, 0x0303},
	0x1ED7:  {0x006F, 0x0302, 0x0303},
	0x1ED8:  {0x004F, 0x0323, 0x0302},
	0x1ED9:  {0x006F, 0x0323, 0x0302},
	0x1EDA:  {0x004F, 0x031B, 0x0301},
	0x1EDB:  {0x006F, 0x031B, 0x0301},
	0x1EDC:  {0x004F, 0x031B, 0x0300},
	0x1EDD:  {0x006F, 0x031B, 0x0300},
	0x1EDE:  {0x004F, 0x031B, 0x0309},
	0x1EDF:  {0x006F, 0x031B, 0x0309},
	0x1EE0:  {0x004F, 0x031B, 0x0303},
	0x1EE1:  {0x006F, 0x031B, 0x0303},
	0x1EE2:  {0x004F, 0x031B, 0x0323},
	0x1EE3:  {0x006F, 0x031B, 0x0323},
	0x1EE4:  {0x0055, 0x0323},
	0x1EE5:  {0x0075, 0x0323},
	0x1EE6:  {0x0055, 0x0309},
	0x1EE7:  {0x0075, 0x0309},
	0x1EE8:  {0x0055, 0x031B, 0x0301},
	0x1EE9:  {0x0075, 0x031B, 0x0301},
	0x1EEA:  {0x0055, 0x031B, 0x0300},
	0x1EEB:  {0x0075, 0x031B, 0x0300},
	0x1EEC:  {0x0055, 0x031B, 0x0309},
	0x1EED:  {0x0075, 0x031B, 0x0309},
	0x1EEE:  {0x0055, 0x031B, 0x0303},
	0x1EEF:  {0x0075, 0x031B, 0x0303},
	0x1EF0:  {0x0055, 0x031B, 0x0323},
	0x1EF1:  {0x0075, 0x031B, 0x0323},
	0x1EF2:  {0x0059, 0x0300},
	0x1EF3:  {0x0079, 0x0300},
	0x1EF4:  {0x0059, 0x0323},
	0x1EF5:  {0x0079, 0x0323},
	0x1EF6:  {0x0059, 0x0309},
	0x1EF7:  {0x0079, 0x0309},
	0x1EF8:  {0x0059, 0x0303},
	0x1EF9:  {0x0079, 0x0303},
	0x1F00:  {0x03B1, 0x0313},
	0x1F01:  {0x03B1, 0x0314},
	0x1F02:  {0x03B1, 0x0313, 0x0300},
	0x1F03:  {0x03B1, 0x0314, 0x0300},
	0x1F04:  {0x03B1, 0x0313, 0x0301},
	0x1F05:  {0x03B1, 0x0314, 0x0301},
	0x1F06:  {0x03B1, 0x0313, 0x0342},
	0x1F07:  {0x03B1, 0x0314, 0x0342},
	0x1F08:  {0x0391, 0x0313},
	0x1F09:  {0x0391, 0x0314},
	0x1F0A:  {0x0391, 0x0313, 0x0300},
	0x1F0B:  {0x0391, 0x0314, 0x0300},
	0x1F0C:  {0x0391, 0x0313, 0x0301},
	0x1F0D:  {0x0391, 0x0314, 0x0301},
	0x1F0E:  {0x0391, 0x0313, 0x0342},
	0x1F0F:  {0x0391, 0x0314, 0x0342},
	0x1F10:  {0x03B5, 0x0313},
	0x1F11:  {0x03B5, 0x0314},
	0x1F12:  {0x03B5, 0x0313, 0x0300},
	0x1F13:  {0x03B5, 0x0314, 0x0300},
	0x1F14:  {0x03B5, 0x0313, 0x0301},
	0x1F15:  {0x03B5, 0x0314, 0x0301},
	0x1F18:  {0x0395, 0x0313},
	0x1F19:  {0x0395, 0x0314},
	0x1F1A:  {0x0395, 0x0313, 0x0300},
	0x1F1B:  {0x0395, 0x0314, 0x0300},
	0x1F1C:  {0x0395, 0x0313, 0x0301},
	0x1F1D:  {0x0395, 0x0314, 0x0301},
	0x1F20:  {0x03B7, 0x0313},
	0x1F21:  {0x03B7, 0x0314},
	0x1F22:  {0x03B7, 0x0313, 0x0300},
	0x1F23:  {0x03B7, 0x0314, 0x0300},
	0x1F24:  {0x03B7, 0x0313, 0x0301},
	0x1F25:  {0x03B7, 0x0314, 0x0301},
	0x1F26:  {0x03B7, 0x0313, 0x0342},
	0x1F27:  {0x03B7, 0x0314, 0x0342},
	0x1F28:  {0x0397, 0x0313},
	0x1F29:  {0x0397, 0x0314},
	0x1F2A:  {0x0397, 0x0313, 0x0300},
	0x1F2B:  {0x0397, 0x0314, 0x0300},
	0x1F2C:  {0x0397, 0x0313, 0x0301},
	0x1F2D:  {0x0397, 0x0314, 0x0301},
	0x1F2E:  {0x0397, 0x0313, 0x0342},
	0x1F2F:  {0x0397, 0x0314, 0x0342},
	0x1F30:  {0x03B9, 0x0313},
	0x1F31:  {0x03B9, 0x0314},
	0x1F32:  {0x03B9, 0x0313, 0x0300},
	0x1F33:  {0x03B9, 0x0314, 0x0300},
	0x1F34:  {0x03B9, 0x0313, 0x0301},
	0x1F35:  {0x03B9, 0x0314, 0x0301},
	0x1F36:  {0x03B9, 0x0313, 0x0342},
	0x1F37:  {0x03B9, 0x0314, 0x0342},
	0x1F38:  {0x0399, 0x0313},
	0x1F39:  {0x0399, 0x0314},
	0x1F3A:  {0x0399, 0x0313, 0x0300},
	0x1F3B:  {0x0399, 0x0314, 0x0300},
	0x1F3C:  {0x0399, 0x0313, 0x0301},
	0x1F3D:  {0x0399, 0x0314, 0x0301},
	0x1F3E:  {0x0399, 0x0313, 0x0342},
	0x1F3F:  {0x0399, 0x0314, 0x0342},
	0x1F40:  {0x03BF, 0x0313},
	0x1F41:  {0x03BF, 0x0314},
	0x1F42:  {0x03BF, 0x0313, 0x0300},
	0x1F43:  {0x03BF, 0x0314, 0x0300},
	0x1F44:  {0x03BF, 0x0313, 0x0301},
	0x1F45:  {0x03BF, 0x0314, 0x0301},
	0x1F48:  {0x039F, 0x0313},
	0x1F49:  {0x039F, 0x0314},
	0x1F4A:  {0x039F, 0x0313, 0x0300},
	0x1F4B:  {0x039F, 0x0314, 0x0300},
	0x1F4C:  {0x039F, 0x0313, 0x0301},
	0x1F4D:  {0x039F, 0x0314, 0x0301},
	0x1F50:  {0x03C5, 0x0313},
	0x1F51:  {0x03C5, 0x0314},
	0x1F52:  {0x03C5, 0x0313, 0x0300},
	0x1F53:  {0x03C5, 0x0314, 0x0300},
	0x1F54:  {0x03C5, 0x0313, 0x0301},
	0x1F55:  {0x03C5, 0x0314, 0x0301},
	0x1F56:  {0x03C5, 0x0313, 0x0342},
	0x1F57:  {0x03C5, 0x0314, 0x0342},
	0x1F59:  {0x03A5, 0x0314},
	0x1F5B:  {0x03A5, 0x0314, 0x0300},
	0x1F5D:  {0x03A5, 0x0314, 0x0301},
	0x1F5F:  {0x03A5, 0x0314, 0x0342},
	0x1F60:  {0x03C9, 0x0313},
	0x1F61:  {0x03C9, 0x0314},
	0x1F62:  {0x03C9, 0x0313, 0x0300},
	0x1F63:  {0x03C9, 0x0314, 0x0300},
	0x1F64:  {0x03C9, 0x0313, 0x0301},
	0x1F65:  {0x03C9, 0x0314, 0x0301},
	0x1F66:  {0x03C9, 0x0313, 0x0342},
	0x1F67:  {0x03C9, 0x0314, 0x0342},
	0x1F68:  {0x03A9, 0x0313},
	0x1F69:  {0x03A9, 0x0314},
	0x1F6A:  {0x03A9, 0x0313, 0x0300},
	0x1F6B:  {0x03A9, 0x0314, 0x0300},
	0x1F6C:  {0x03A9, 0x0313, 0x0301},
	0x1F6D:  {0x03A9, 0x0314, 0x0301},
	0x1F6E:  {0x03A9, 0x0313, 0x0342},
	0x1F6F:  {0x03A9, 0x0314, 0x0342},
	0x1F70:  {0x03B1, 0x0300},
	0x1F71:  {0x03B1, 0x0301},
	0x1F72:  {0x03B5, 0x0300},
	0x1F73:  {0x03B5, 0x0301},
	0x1F74:  {0x03B7, 0x0300},
	0x1F75:  {0x03B7, 0x0301},
	0x1F76:  {0x03B9, 0x0300},
	0x1F77:  {0x03B9, 0x0301},
	0x1F78:  {0x03BF, 0x0300},
	0x1F79:  {0x03BF, 0x0301},
	0x1F7A:  {0x03C5, 0x0300},
	0x1F7B:  {0x03C5, 0x0301},
	0x1F7C:  {0x03C9, 0x0300},
	0x1F7D:  {0x03C9, 0x0301},
	0x1F80:  {0x03B1, 0x0313, 0x0345},
	0x1F81:  {0x03B1, 0x0314, 0x0345},
	0x1F82:  {0x03B1, 0x0313, 0x0300, 0x0345},
	0x1F83:  {0x03B1, 0x0314, 0x0300, 0x0345},
	0x1F84:  {0x03B1, 0x0313, 0x0301, 0x0345},
	0x1F85:  {0x03B1, 0x0314, 0x0301, 0x0345},
	0x1F86:  {0x03B1, 0x0313, 0x0342, 0x0345},
	0x1F87:  {0x03B1, 0x0314, 0x0342, 0x0345},
	0x1F88:  {0x0391, 0x0313, 0x0345},
	0x1F89:  {0x0391, 0x0314, 0x0345},
	0x1F8A:  {0x0391, 0x0313, 0x0300, 0x0345},
	0x1F8B:  {0x0391, 0x0314, 0x0300, 0x0345},
	0x1F8C:  {0x0391, 0x0313, 0x0301, 0x0345},
	0x1F8D:  {0x0391, 0x0314, 0x0301, 0x0345},
	0x1F8E:  {0x0391, 0x0313, 0x0342, 0x0345},
	0x1F8F:  {0x0391, 0x0314, 0x0342, 0x0345},
	0x1F90:  {0x03B7, 0x0313, 0x0345},
	0x1F91:  {0x03B7, 0x0314, 0x0345},
	0x1F92:  {0x03B7, 0x0313, 0x0300, 0x0345},
	0x1F93:  {0x03B7, 0x0314, 0x0300, 0x0345},
	0x1F94:  {0x03B7, 0x0313, 0x0301, 0x0345},
	0x1F95:  {0x03B7, 0x0314, 0x0301, 0x0345},
	0x1F96:  {0x03B7, 0x0313, 0x0342, 0x0345},
	0x1F97:  {0x03B7, 0x0314, 0x0342, 0x0345},
	0x1F98:  {0x0397, 0x0313, 0x0345},
	0x1F99:  {0x0397, 0x0314, 0x0345},
	0x1F9A:  {0x0397, 0x0313, 0x0300, 0x0345},
	0x1F9B:  {0x0397, 0x0314, 0x0300, 0x0345},
	0x1F9C:  {0x0397, 0x0313, 0x0301, 0x0345},
	0x1F9D:  {0x0397, 0x0314, 0x0301, 0x0345},
	0x1F9E:  {0x0397, 0x0313, 0x0342, 0x0345},
	0x1F9F:  {0x0397, 0x0314, 0x0342, 0x0345},
	0x1FA0:  {0x03C9, 0x0313, 0x0345},
	0x1FA1:  {0x03C9, 0x0314, 0x0345},
	0x1FA2:  {0x03C9, 0x0313, 0x0300, 0x0345},
	0x1FA3:  {0x03C9, 0x0314, 0x0300, 0x0345},
	0x1FA4:  {0x03C9, 0x0313, 0x0301, 0x0345},
	0x1FA5:  {0x03C9, 0x0314, 0x0301, 0x0345},
	0x1FA6:  {0x03C9, 0x0313, 0x0342, 0x0345},
	0x1FA7:  {0x03C9, 0x0314, 0x0342, 0x0345},
	0x1FA8:  {0x03A9, 0x0313, 0x0345},
	0x1FA9:  {0x03A9, 0x0314, 0x0345},
	0x1FAA:  {0x03A9, 0x0313, 0x0300, 0x0345},
	0x1FAB:  {0x03A9, 0x0314, 0x0300, 0x0345},
	0x1FAC:  {0x03A9, 0x0313, 0x0301, 0x0345},
	0x1FAD:  {0x03A9, 0x0314, 0x0301, 0x0345},
	0x1FAE:  {0x03A9, 0x0313, 0x0342, 0x0345},
	0x1FAF:  {0x03A9, 0x0314, 0x0342, 0x0345},
	0x1FB0:  {0x03B1, 0x0306},
	0x1FB1:  {0x03B1, 0x0304},
	0x1FB2:  {0x03B1, 0x0300, 0x0345},
	0x1FB3:  {0x03B1, 0x0345},
	0x1FB4:  {0x03B1, 0x0301, 0x0345},
	0x1FB6:  {0x03B1, 0x0342},
	0x1FB7:  {0x03B1, 0x0342, 0x0345},
	0x1FB8:  {0x0391, 0x0306},
	0x1FB9:  {0x0391, 0x0304},
	0x1FBA:  {0x0391, 0x0300},
	0x1FBB:  {0x0391, 0x0301},
	0x1FBC:  {0x0391, 0x0345},
	0x1FBE:  {0x03B9},
	0x1FC1:  {0x00A8, 0x0342},
	0x1FC2:  {0x03B7, 0x0300, 0x0345},
	0x1FC3:  {0x03B7, 0x0345},
	0x1FC4:  {0x03B7, 0x0301, 0x0345},
	0x1FC6:  {0x03B7, 0x0342},
	0x1FC7:  {0x03B7, 0x0342, 0x0345},
	0x1FC8:  {0x0395, 0x0300},
	0x1FC9:  {0x0395, 0x0301},
	0x1FCA:  {0x0397, 0x0300},
	0x1FCB:  {0x0397, 0x0301},
	0x1FCC:  {0x0397, 0x0345},
	0x1FCD:  {0x1FBF, 0x0300},
	0x1FCE:  {0x1FBF, 0x0301},
	0x1FCF:  {0x1FBF, 0x0342},
	0x1FD0:  {0x03B9, 0x0306},
	0x1FD1:  {0x03B9, 0x0304},
	0x1FD2:  {0x03B9, 0x0308, 0x0300},
	0x1FD3:  {0x03B9, 0x0308, 0x0301},
	0x1FD6:  {0x03B9, 0x0342},
	0x1FD7:  {0x03B9, 0x0308, 0x0342},
	0x1FD8:  {0x0399, 0x0306},
	0x1FD9:  {0x0399, 0x0304},
	0x1FDA:  {0x0399, 0x0300},
	0x1FDB:  {0x0399, 0x0301},
	0x1FDD:  {0x1FFE, 0x0300},
	0x1FDE:  {0x1FFE, 0x0301},
	0x1FDF:  {0x1FFE, 0x0342},
	0x1FE0:  {0x03C5, 0x0306},
	0x1FE1:  {0x03C5, 0x0304},
	0x1FE2:  {0x03C5, 0x0308, 0x0300},
	0x1FE3:  {0x03C5, 0x0308, 0x0301},
	0x1FE4:  {0x03C1, 0x0313},
	0x1FE5:  {0x03C1, 0x0314},
	0x1FE6:  {0x03C5, 0x0342},
	0x1FE7:  {0x03C5, 0x0308, 0x0342},
	0x1FE8:  {0x03A5, 0x0306},
	0x1FE9:  {0x03A5, 0x0304},
	0x1FEA:  {0x03A5, 0x0300},
	0x1FEB:  {0x03A5, 0x0301},
	0x1FEC:  {0x03A1, 0x0314},
	0x1FED:  {0x00A8, 0x0300},
	0x1FEE:  {0x00A8, 0x0301},
	0x1FEF:  {0x0060},
	0x1FF2:  {0x03C9, 0x0300, 0x0345},
	0x1FF3:  {0x03C9, 0x0345},
	0x1FF4:  {0x03C9, 0x0301, 0x0345},
	0x1FF6:  {0x03C9, 0x0342},
	0x1FF7:  {0x03C9, 0x0342, 0x0345},
	0x1FF8:  {0x039F, 0x0300},
	0x1FF9:  {0x039F, 0x0301},
	0x1FFA:  {0x03A9, 0x0300},
	0x1FFB:  {0x03A9, 0x0301},
	0x1FFC:  {0x03A9, 0x0345},
	0x1FFD:  {0x00B4},
	0x2000:  {0x2002},
	0x2001:  {0x2003},
	0x2126:  {0x03A9},
	0x212A:  {0x004B},
	0x212B:  {0x0041, 0x030A},
	0x219A:  {0x2190, 0x0338},
	0x219B:  {0x2192, 0x0338},
	0x21AE:  {0x2194, 0x0338},
	0x21CD:  {0x21D0, 0x0338},
	0x21CE:  {0x21D4, 0x0338},
	0x21CF:  {0x21D2, 0x0338},
	0x2204:  {0x2203, 0x0338},
	0x2209:  {0x2208, 0x0338},
	0x220C:  {0x220B, 0x0338},
	0x2224:  {0x2223, 0x0338},
	0x2226:  {0x2225, 0x0338},
	0x2241:  {0x223C, 0x0338},
	0x2244:  {0x2243, 0x0338},
	0x2247:  {0x2245, 0x0338},
	0x2249:  {0x2248, 0x0338},
	0x2260:  {0x003D, 0x0338},
	0x2262:  {0x2261, 0x0338},
	0x226D:  {0x224D, 0x0338},
	0x226E:  {0x003C, 0x0338},
	0x226F:  {0x003E, 0x0338},
	0x2270:  {0x2264, 0x0338},
	0x2271:  {0x2265, 0x0338},
	0x2274:  {0x2272, 0x0338},
	0x2275:  {0x2273, 0x0338},
	0x2278:  {0x2276, 0x0338},
	0x2279:  {0x2277, 0x0338},
	0x2280:  {0x227A, 0x0338},
	0x2281:  {0x227B, 0x0338},
	0x2284:  {0x2282, 0x0338},
	0x2285:  {0x2283, 0x0338},
	0x2288:  {0x2286, 0x0338},
	0x2289:  {0x2287, 0x0338},
	0x22AC:  {0x22A2, 0x0338},
	0x22AD:  {0x22A8, 0x0338},
	0x22AE:  {0x22A9, 0x0338},
	0x22AF:  {0x22AB, 0x0338},
	0x22E0:  {0x227C, 0x0338},
	0x22E1:  {0x227D, 0x0338},
	0x22E2:  {0x2291, 0x0338},
	0x22E3:  {0x2292, 0x0338},
	0x22EA:  {0x22B2, 0x0338},
	0x22EB:  {0x22B3, 0x0338},
	0x22EC:  {0x22B4, 0x0338},
	0x22ED:  {0x22B5, 0x0338},
	0x2329:  {0x3008},
	0x232A:  {0x3009},
	0x2ADC:  {0x2ADD, 0x0338},
	0x304C:  {0x304B, 0x3099},
	0x304E:  {0x304D, 0x3099},
	0x3050:  {0x304F, 0x3099},
	0x3052:  {0x3051, 0x3099},
	0x3054:  {0x3053, 0x3099},
	0x3056:  {0x3055, 0x3099},
	0x3058:  {0x3057, 0x3099},
	0x305A:  {0x3059, 0x3099},
	0x305C:  {0x305B, 0x3099},
	0x305E:  {0x305D, 0x3099},
	0x3060:  {0x305F, 0x3099},
	0x3062:  {0x3061, 0x3099},
	0x3065:  {0x3064, 0x3099},
	0x3067:  {0x3066, 0x3099},
	0x3069:  {0x3068, 0x3099},
	0x3070:  {0x306F, 0x3099},
	0x3071:  {0x306F, 0x309A},
	0x3073:  {0x3072, 0x3099},
	0x3074:  {0x3072, 0x309A},
	0x3076:  {0x3075, 0x3099},
	0x3077:  {0x3075, 0x309A},
	0x3079:  {0x3078, 0x3099},
	0x307A:  {0x3078, 0x309A},
	0x307C:  {0x307B, 0x3099},
	0x307D:  {0x307B, 0x309A},
	0x3094:  {0x3046, 0x3099},
	0x309E:  {0x309D, 0x3099},
	0x30AC:  {0x30AB, 0x3099},
	0x30AE:  {0x30AD, 0x3099},
	0x30B0:  {0x30AF, 0x3099},
	0x30B2:  {0x30B1, 0x3099},
	0x30B4:  {0x30B3, 0x3099},
	0x30B6:  {0x30B5, 0x3099},
	0x30B8:  {0x30B7, 0x3099},
	0x30BA:  {0x30B9, 0x3099},
	0x30BC:  {0x30BB, 0x3099},
	0x30BE:  {0x30BD, 0x3099},
	0x30C0:  {0x30BF, 0x3099},
	0x30C2:  {0x30C1, 0x3099},
	0x30C5:  {0x30C4, 0x3099},
	0x30C7:  {0x30C6, 0x3099},
	0x30C9:  {0x30C8, 0x3099},
	0x30D0:  {0x30CF, 0x3099},
	0x30D1:  {0x30CF, 0x309A},
	0x30D3:  {0x30D2, 0x3099},
	0x30D4:  {0x30D2, 0x309A},
	0x30D6:  {0x30D5, 0x3099},
	0x30D7:  {0x30D5, 0x309A},
	0x30D9:  {0x30D8, 0x3099},
	0x30DA:  {0x30D8, 0x309A},
	0x30DC:  {0x30DB, 0x3099},
	0x30DD:  {0x30DB, 0x309A},
	0x30F4:  {0x30A6, 0x3099},
	0x30F7:  {0x30EF, 0x3099},
	0x30F8:  {0x30F0, 0x3099},
	0x30F9:  {0x30F1, 0x3099},
	0x30FA:  {0x30F2, 0x3099},
	0x30FE:  {0x30FD, 0x3099},
	0xAC00:  {0x1100, 0x1161},
	0xAC01:  {0x1100, 0x1161, 0x11A8},
	0xAC02:  {0x1100, 0x1161, 0x11A9},
	0xAC03:  {0x1100, 0x1161, 0x11AA},
	0xAC04:  {0x1100, 0x1161, 0x11AB},
	0xAC05:  {0x1100, 0x1161, 0x11AC},
	0xAC06:  {0x1100, 0x1161, 0x11AD},
	0xAC07:  {0x1100, 0x1161, 0x11AE},
	0xAC08:  {0x1100, 0x1161, 0x11AF},
	0xAC09:  {0x1100, 0x1161, 0x11B0},
	0xAC0A:  {0x1100, 0x1161, 0x11B1},
	0xAC0B:  {0x1100, 0x1161, 0x11B2},
	0xAC0C:  {0x1100, 0x1161, 0x11B3},
	0xAC0D:  {0x1100, 0x1161, 0x11B4},
	0xAC0E:  {0x1100, 0x1161, 0x11B5},
	0xAC0F:  {0x1100, 0x1161, 0x11B6},
	0xAC10:  {0x1100, 0x1161, 0x11B7},
	0xAC11:  {0x1100, 0x1161, 0x11B8},
	0xAC12:  {0x1100, 0x1161, 0x11B9},
	0xAC13:  {0x1100, 0x1161, 0x11BA},
	0xAC14:  {0x1100, 0x1161, 0x11BB},
	0xAC15:  {0x1100, 0x1161, 0x11BC},
	0xAC16:  {0x1100, 0x1161, 0x11BD},
	0xAC17:  {0x1100, 0x1161, 0x11BE},
	0xAC18:  {0x1100, 0x1161, 0x11BF},
	0xAC19:  {0x1100, 0x1161, 0x11C0},
	0xAC1A:  {0x1100, 0x1161, 0x11C1},
	0xAC1B:  {0x1100, 0x1161, 0x11C2},
	0xAC1C:  {0x1100, 0x1162},
	0xAC1D:  {0x1100, 0x1162, 0x11A8},
	0xAC1E:  {0x1100, 0x1162, 0x11A9},
	0xAC1F:  {0x1100, 0x1162, 0x11AA},
	0xAC20:  {0x1100, 0x1162, 0x11AB},
	0xAC21:  {0x1100, 0x1162, 0x11AC},
	0xAC22:  {0x1100, 0x1162, 0x11AD},
	0xAC23:  {0x1100, 0x1162, 0x11AE},
	0xAC24:  {0x1100, 0x1162, 0x11AF},
	0xAC25:  {0x1100, 0x1162, 0x11B0},
	0xAC26:  {0x1100, 0x1162, 0x11B1},
	0xAC27:  {0x1100, 0x1162, 0x11B2},
	0xAC28:  {0x1100, 0x1162, 0x11B3},
	0xAC29:  {0x1100, 0x1162, 0x11B4},
	0xAC2A:  {0x1100, 0x1162, 0x11B5},
	0xAC2B:  {0x1100, 0x1162, 0x11B6},
	0xAC2C:  {0x1100, 0x1162, 0x11B7},
	0xAC2D:  {0x1100, 0x1162, 0x11B8},
	0xAC2E:  {0x1100, 0x1162, 0x11B9},
	0xAC2F:  {0x1100, 0x1162, 0x11BA},
	0xAC30:  {0x1100, 0x1162, 0x11BB},
	0xAC31:  {0x1100, 0x1162, 0x11BC},
	0xAC32:  {0x1100, 0x1162, 0x11BD},
	0xAC33:  {0x1100, 0x1162, 0x11BE},
	0xAC34:  {0x1100, 0x1162, 0x11BF},
	0xAC35:  {0x1100, 0x1162, 0x11C0},
	0xAC36:  {0x1100, 0x1162, 0x11C1},
	0xAC37:  {0x1100, 0x1162, 0x11C2},
	0xAC38:  {0x1100, 0x1163},
	0xAC39:  {0x1100, 0x1163, 0x11A8},
	0xAC3A:  {0x1100, 0x1163, 0x11A9},
	0xAC3B:  {0x1100, 0x1163, 0x11AA},
	0xAC3C:  {0x1100, 0x1163, 0x11AB},
	0xAC3D:  {0x1100, 0x1163, 0x11AC},
	0xAC3E:  {0x1100, 0x1163, 0x11AD},
	0xAC3F:  {0x1100, 0x1163, 0x11AE},
	0xAC40:  {0x1100, 0x1163, 0x11AF},
	0xAC41:  {0x1100, 0x1163, 0x11B0},
	0xAC42:  {0x1100, 0x1163, 0x11B1},
	0xAC43:  {0x1100, 0x1163, 0x11B2},
	0xAC44:  {0x1100, 0x1163, 0x11B3},
	0xAC45:  {0x1100, 0x1163, 0x11B4},
	0xAC46:  {0x1100, 0x1163, 0x11B5},
	0xAC47:  {0x1100, 0x1163, 0x11B6},
	0xAC48:  {0x1100, 0x1163, 0x11B7},
	0xAC49:  {0x1100, 0x1163, 0x11B8},
	0xAC4A:  {0x1100, 0x1163, 0x11B9},
	0xAC4B:  {0x1100, 0x1163, 0x11BA},
	0xAC4C:  {0x1100, 0x1163, 0x11BB},
	0xAC4D:  {0x1100, 0x1163, 0x11BC},
	0xAC4E:  {0x1100, 0x1163, 0x11BD},
	0xAC4F:  {0x1100, 0x1163, 0x11BE},
	0xAC50:  {0x1100, 0x1163, 0x11BF},
	0xAC51:  {0x1100, 0x1163, 0x11C0},
	0xAC52:  {0x1100, 0x1163, 0x11C1},
	0xAC53:  {0x1100, 0x1163, 0x11C2},
	0xAC54:  {0x1100, 0x1164},
	0xAC55:  {0x1100, 0x1164, 0x11A8},
	0xAC56:  {0x1100, 0x1164, 0x11A9},
	0xAC57:  {0x1100, 0x1164, 0x11AA},
	0xAC58:  {0x1100, 0x1164, 0x11AB},
	0xAC59:  {0x1100, 0x1164, 0x11AC},
	0xAC5A:  {0x1100, 0x1164, 0x11AD},
	0xAC5B:  {0x1100, 0x1164, 0x11AE},
	0xAC5C:  {0x1100, 0x1164, 0x11AF},
	0xAC5D:  {0x1100, 0x1164, 0x11B0},
	0xAC5E:  {0x1100, 0x1164, 0x11B1},
	0xAC5F:  {0x1100, 0x1164, 0x11B2},
	0xAC60:  {0x1100, 0x1164, 0x11B3},
	0xAC61:  {0x1100, 0x1164, 0x11B4},
	0xAC62:  {0x1100, 0x1164, 0x11B5},
	0xAC63:  {0x1100, 0x1164, 0x11B6},
	0xAC64:  {0x1100, 0x1164, 0x11B7},
	0xAC65:  {0x1100, 0x1164, 0x11B8},
	0xAC66:  {0x1100, 0x1164, 0x11B9},
	0xAC67:  {0x1100, 0x1164, 0x11BA},
	0xAC68:  {0x1100, 0x1164, 0x11BB},
	0xAC69:  {0x1100, 0x1164, 0x11BC},
	0xAC6A:  {0x1100, 0x1164, 0x11BD},
	0xAC6B:  {0x1100, 0x1164, 0x11BE},
	0xAC6C:  {0x1100, 0x1164, 0x11BF},
	0xAC6D:  {0x1100, 0x1164, 0x11C0},
	0xAC6E:  {0x1100, 0x1164, 0x11C1},
	0xAC6F:  {0x1100, 0x1164, 0x11C2},
	0xAC70:  {0x1100, 0x1165},
	0xAC71:  {0x1100, 0x1165, 0x11A8},
	0xAC72:  {0x1100, 0x1165, 0x11A9},
	0xAC73:  {0x1100, 0x1165, 0x11AA},
	0xAC74:  {0x1100, 0x1165, 0x11AB},
	0xAC75:  {0x1100, 0x1165, 0x11AC},
	0xAC76:  {0x1100, 0x1165, 0x11AD},
	0xAC77:  {0x1100, 0x1165, 0x11AE},
	0xAC78:  {0x1100, 0x1165, 0x11AF},
	0xAC79:  {0x1100, 0x1165, 0x11B0},
	0xAC7A:  {0x1100, 0x1165, 0x11B1},
	0xAC7B:  {0x1100, 0x1165, 0x11B2},
	0xAC7C:  {0x1100, 0x1165, 0x11B3},
	0xAC7D:  {0x1100, 0x1165, 0x11B4},
	0xAC7E:  {0x1100, 0x1165, 0x11B5},
	0xAC7F:  {0x1100, 0x1165, 0x11B6},
	0xAC80:  {0x1100, 0x1165, 0x11B7},
	0xAC81:  {0x1100, 0x1165, 0x11B8},
	0xAC82:  {0x1100, 0x1165, 0x11B9},
	0xAC83:  {0x1100, 0x1165, 0x11BA},
	0xAC84:  {0x1100, 0x1165, 0x11BB},
	0xAC85:  {0x1100, 0x1165, 0x11BC},
	0xAC86:  {0x1100, 0x1165, 0x11BD},
	0xAC87:  {0x1100, 0x1165, 0x11BE},
	0xAC88:  {0x1100, 0x1165, 0x11BF},
	0xAC89:  {0x1100, 0x1165, 0x11C0},
	0xAC8A:  {0x1100, 0x1165, 0x11C1},
	0xAC8B:  {0x1100, 0x1165, 0x11C2},
	0xAC8C:  {0x1100, 0x1166},
	0xAC8D:  {0x1100, 0x1166, 0x11A8},
	0xAC8E:  {0x1100, 0x1166, 0x11A9},
	0xAC8F:  {0x1100, 0x1166, 0x11AA},
	0xAC90:  {0x1100, 0x1166, 0x11AB},
	0xAC91:  {0x1100, 0x1166, 0x11AC},
	0xAC92:  {0x1100, 0x1166, 0x11AD},
	0xAC93:  {0x1100, 0x1166, 0x11AE},
	0xAC94:  {0x1100, 0x1166, 0x11AF},
	0xAC95:  {0x1100, 0x1166, 0x11B0},
	0xAC96:  {0x1100, 0x1166, 0x11B1},
	0xAC97:  {0x1100, 0x1166, 0x11B2},
	0xAC98:  {0x1100, 0x1166, 0x11B3},
	0xAC99:  {0x1100, 0x1166, 0x11B4},
	0xAC9A:  {0x1100, 0x1166, 0x11B5},
	0xAC9B:  {0x1100, 0x1166, 0x11B6},
	0xAC9C:  {0x1100, 0x1166, 0x11B7},
	0xAC9D:  {0x1100, 0x1166, 0x11B8},
	0xAC9E:  {0x1100, 0x1166, 0x11B9},
	0xAC9F:  {0x1100, 0x1166, 0x11BA},
	0xACA0:  {0x1100, 0x1166, 0x11BB},
	0xACA1:  {0x1100, 0x1166, 0x11BC},
	0xACA2:  {0x1100, 0x1166, 0x11BD},
	0xACA3:  {0x1100, 0x1166, 0x11BE},
	0xACA4:  {0x1100, 0x1166, 0x11BF},
	0xACA5:  {0x1100, 0x1166, 0x11C0},
	0xACA6:  {0x1100, 0x1166, 0x11C1},
	0xACA7:  {0x1100, 0x1166, 0x11C2},
	0xACA8:  {0x1100, 0x1167},
	0xACA9:  {0x1100, 0x1167, 0x11A8},
	0xACAA:  {0x1100, 0x1167, 0x11A9},
	0xACAB:  {0x1100, 0x1167, 0x11AA},
	0xACAC:  {0x1100, 0x1167, 0x11AB},
	0xACAD:  {0x1100, 0x1167, 0x11AC},
	0xACAE:  {0x1100, 0x1167, 0x11AD},
	0xACAF:  {0x1100, 0x1167, 0x11AE},
	0xACB0:  {0x1100, 0x1167, 0x11AF},
	0xACB1:  {0x1100, 0x1167, 0x11B0},
	0xACB2:  {0x1100, 0x1167, 0x11B1},
	0xACB3:  {0x1100, 0x1167, 0x11B2},
	0xACB4:  {0x1100, 0x1167, 0x11B3},
	0xACB5:  {0x1100, 0x1167, 0x11B4},
	0xACB6:  {0x1100, 0x1167, 0x11B5},
	0xACB7:  {0x1100, 0x1167, 0x11B6},
	0xACB8:  {0x1100, 0x1167, 0x11B7},
	0xACB9:  {0x1100, 0x1167, 0x11B8},
	0xACBA:  {0x1100, 0x1167, 0x11B9},
	0xACBB:  {0x1100, 0x1167, 0x11BA},
	0xACBC:  {0x1100, 0x1167, 0x11BB},
	0xACBD:  {0x1100, 0x1167, 0x11BC},
	0xACBE:  {0x1100, 0x1167, 0x11BD},
	0xACBF:  {0x1100, 0x1167, 0x11BE},
	0xACC0:  {0x1100, 0x1167, 0x11BF},
	0xACC1:  {0x1100, 0x1167, 0x11C0},
	0xACC2:  {0x1100, 0x1167, 0x11C1},
	0xACC3:  {0x1100, 0x1167, 0x11C2},
	0xACC4:  {0x1100, 0x1168},
	0xACC5:  {0x1100, 0x1168, 0x11A8},
	0xACC6:  {0x1100, 0x1168, 0x11A9},
	0xACC7:  {0x1100, 0x1168, 0x11AA},
	0xACC8:  {0x1100, 0x1168, 0x11AB},
	0xACC9:  {0x1100, 0x1168, 0x11AC},
	0xACCA:  {0x1100, 0x1168, 0x11AD},
	0xACCB:  {0x1100, 0x1168, 0x11AE},
	0xACCC:  {0x1100, 0x1168, 0x11AF},
	0xACCD:  {0x1100, 0x1168, 0x11B0},
	0xACCE:  {0x1100, 0x1168, 0x11B1},
	0xACCF:  {0x1100, 0x1168, 0x11B2},
	0xACD0:  {0x1100, 0x1168, 0x11B3},
	0xACD1:  {0x1100, 0x1168, 0x11B4},
	0xACD2:  {0x1100, 0x1168, 0x11B5},
	0xACD3:  {0x1100, 0x1168, 0x11B6},
	0xACD4:  {0x1100, 0x1168, 0x11B7},
	0xACD5:  {0x1100, 0x1168, 0x11B8},
	0xACD6:  {0x1100, 0x1168, 0x11B9},
	0xACD7:  {0x1100, 0x1168, 0x11BA},
	0xACD8:  {0x1100, 0x1168, 0x11BB},
	0xACD9:  {0x1100, 0x1168, 0x11BC},
	0xACDA:  {0x1100, 0x1168, 0x11BD},
	0xACDB:  {0x1100, 0x1168, 0x11BE},
	0xACDC:  {0x1100, 0x1168, 0x11BF},
	0xACDD:  {0x1100, 0x1168, 0x11C0},
	0xACDE:  {0x1100, 0x1168, 0x11C1},
	0xACDF:  {0x1100, 0x1168, 0x11C2},
	0xACE0:  {0x1100, 0x1169},
	0xACE1:  {0x1100, 0x1169, 0x11A8},
	0xACE2:  {0x1100, 0x1169, 0x11A9},
	0xACE3:  {0x1100, 0x1169, 0x11AA},
	0xACE4:  {0x1100, 0x1169, 0x11AB},
	0xACE5:  {0x1100, 0x1169, 0x11AC},
	0xACE6:  {0x1100, 0x1169, 0x11AD},
	0xACE7:  {0x1100, 0x1169, 0x11AE},
	0xACE8:  {0x1100, 0x1169, 0x11AF},
	0xACE9:  {0x1100, 0x1169, 0x11B0},
	0xACEA:  {0x1100, 0x1169, 0x11B1},
	0xACEB:  {0x1100, 0x1169, 0x11B2},
	0xACEC:  {0x1100, 0x1169, 0x11B3},
	0xACED:  {0x1100, 0x1169, 0x11B4},
	0xACEE:  {0x1100, 0x1169, 0x11B5},
	0xACEF:  {0x1100, 0x1169, 0x11B6},
	0xACF0:  {0x1100, 0x1169, 0x11B7},
	0xACF1:  {0x1100, 0x1169, 0x11B8},
	0xACF2:  {0x1100, 0x1169, 0x11B9},
	0xACF3:  {0x1100, 0x1169, 0x11BA},
	0xACF4:  {0x1100, 0x1169, 0x11BB},
	0xACF5:  {0x1100, 0x1169, 0x11BC},
	0xACF6:  {0x1100, 0x1169, 0x11BD},
	0xACF7:  {0x1100, 0x1169, 0x11BE},
	0xACF8:  {0x1100, 0x1169, 0x11BF},
	0xACF9:  {0x1100, 0x1169, 0x11C0},
	0xACFA:  {0x1100, 0x1169, 0x11C1},
	0xACFB:  {0x1100, 0x1169, 0x11C2},
	0xACFC:  {0x1100, 0x116A},
	0xACFD:  {0x1100, 0x116A, 0x11A8},
	0xACFE:  {0x1100, 0x116A, 0x11A9},
	0xACFF:  {0x1100, 0x116A, 0x11AA},
	0xAD00:  {0x1100, 0x116A, 0x11AB},
	0xAD01:  {0x1100, 0x116A, 0x11AC},
	0xAD02:  {0x1100, 0x116A, 0x11AD},
	0xAD03:  {0x1100, 0x116A, 0x11AE},
	0xAD04:  {0x1100, 0x116A, 0x11AF},
	0xAD05:  {0x1100, 0x116A, 0x11B0},
	0xAD06:  {0x1100, 0x116A, 0x11B1},
	0xAD07:  {0x1100, 0x116A, 0x11B2},
	0xAD08:  {0x1100, 0x116A, 0x11B3},
	0xAD09:  {0x1100, 0x116A, 0x11B4},
	0xAD0A:  {0x1100, 0x116A, 0x11B5},
	0xAD0B:  {0x1100, 0x116A, 0x11B6},
	0xAD0C:  {0x1100, 0x116A, 0x11B7},
	0xAD0D:  {0x1100, 0x116A, 0x11B8},
	0xAD0E:  {0x1100, 0x116A, 0x11B9},
	0xAD0F:  {0x1100, 0x116A, 0x11BA},
	0xAD10:  {0x1100, 0x116A, 0x11BB},
	0xAD11:  {0x1100, 0x116A, 0x11BC},
	0xAD12:  {0x1100, 0x116A, 0x11BD},
	0xAD13:  {0x1100, 0x116A, 0x11BE},
	0xAD14:  {0x1100, 0x116A, 0x11BF},
	0xAD15:  {0x1100, 0x116A, 0x11C0},
	0xAD16:  {0x1100, 0x116A, 0x11C1},
	0xAD17:  {0x1100, 0x116A, 0x11C2},
	0xAD18:  {0x1100, 0x116B},
	0xAD19:  {0x1100, 0x116B, 0x11A8},
	0xAD1A:  {0x1100, 0x116B, 0x11A9},
	0xAD1B:  {0x1100, 0x116B, 0x11AA},
	0xAD1C:  {0x1100, 0x116B, 0x11AB},
	0xAD1D:  {0x1100, 0x116B, 0x11AC},
	0xAD1E:  {0x1100, 0x116B, 0x11AD},
	0xAD1F:  {0x1100, 0x116B, 0x11AE},
	0xAD20:  {0x1100, 0x116B, 0x11AF},
	0xAD21:  {0x1100, 0x116B, 0x11B0},
	0xAD22:  {0x1100, 0x116B, 0x11B1},
	0xAD23:  {0x1100, 0x116B, 0x11B2},
	0xAD24:  {0x1100, 0x116B, 0x11B3},
	0xAD25:  {0x1100, 0x116B, 0x11B4},
	0xAD26:  {0x1100, 0x116B, 0x11B5},
	0xAD27:  {0x1100, 0x116B, 0x11B6},
	0xAD28:  {0x1100, 0x116B, 0x11B7},
	0xAD29:  {0x1100, 0x116B, 0x11B8},
	0xAD2A:  {0x1100, 0x116B, 0x11B9},
	0xAD2B:  {0x1100, 0x116B, 0x11BA},
	0xAD2C:  {0x1100, 0x116B, 0x11BB},
	0xAD2D:  {0x1100, 0x116B, 0x11BC},
	0xAD2E:  {0x1100, 0x116B, 0x11BD},
	0xAD2F:  {0x1100, 0x116B, 0x11BE},
	0xAD30:  {0x1100, 0x116B, 0x11BF},
	0xAD31:  {0x1100, 0x116B, 0x11C0},
	0xAD32:  {0x1100, 0x116B, 0x11C1},
	0xAD33:  {0x1100, 0x116B, 0x11C2},
	0xAD34:  {0x1100, 0x116C},
	0xAD35:  {0x1100, 0x116C, 0x11A8},
	0xAD36:  {0x1100, 0x116C, 0x11A9},
	0xAD37:  {0x1100, 0x116C, 0x11AA},
	0xAD38:  {0x1100, 0x116C, 0x11AB},
	0xAD39:  {0x1100, 0x116C, 0x11AC},
	0xAD3A:  {0x1100, 0x116C, 0x11AD},
	0xAD3B:  {0x1100, 0x116C, 0x11AE},
	0xAD3C:  {0x1100, 0x116C, 0x11AF},
	0xAD3D:  {0x1100, 0x116C, 0x11B0},
	0xAD3E:  {0x1100, 0x116C, 0x11B1},
	0xAD3F:  {0x1100, 0x116C, 0x11B2},
	0xAD40:  {0x1100, 0x116C, 0x11B3},
	0xAD41:  {0x1100, 0x116C, 0x11B4},
	0xAD42:  {0x1100, 0x116C, 0x11B5},
	0xAD43:  {0x1100, 0x116C, 0x11B6},
	0xAD44:  {0x1100, 0x116C, 0x11B7},
	0xAD45:  {0x1100, 0x116C, 0x11B8},
	0xAD46:  {0x1100, 0x116C, 0x11B9},
	0xAD47:  {0x1100, 0x116C, 0x11BA},
	0xAD48:  {0x1100, 0x116C, 0x11BB},
	0xAD49:  {0x1100, 0x116C, 0x11BC},
	0xAD4A:  {0x1100, 0x116C, 0x11BD},
	0xAD4B:  {0x1100, 0x116C, 0x11BE},
	0xAD4C:  {0x1100, 0x116C, 0x11BF},
	0xAD4D:  {0x1100, 0x116C, 0x11C0},
	0xAD4E:  {0x1100, 0x116C, 0x11C1},
	0xAD4F:  {0x1100, 0x116C, 0x11C2},
	0xAD50:  {0x1100, 0x116D},
	0xAD51:  {0x1100, 0x116D, 0x11A8},
	0xAD52:  {0x1100, 0x116D, 0x11A9},
	0xAD53:  {0x1100, 0x116D, 0x11AA},
	0xAD54:  {0x1100, 0x116D, 0x11AB},
	0xAD55:  {0x1100, 0x116D, 0x11AC},
	0xAD56:  {0x1100, 0x116D, 0x11AD},
	0xAD57:  {0x1100, 0x116D, 0x11AE},
	0xAD58:  {0x1100, 0x116D, 0x11AF},
	0xAD59:  {0x1100, 0x116D, 0x11B0},
	0xAD5A:  {0x1100, 0x116D, 0x11B1},
	0xAD5B:  {0x1100, 0x116D, 0x11B2},
	0xAD5C:  {0x1100, 0x116D, 0x11B3},
	0xAD5D:  {0x1100, 0x116D, 0x11B4},
	0xAD5E:  {0x1100, 0x116D, 0x11B5},
	0xAD5F:  {0x1100, 0x116D, 0x11B6},
	0xAD60:  {0x1100, 0x116D, 0x11B7},
	0xAD61:  {0x1100, 0x116D, 0x11B8},
	0xAD62:  {0x1100, 0x116D, 0x11B9},
	0xAD63:  {0x1100, 0x116D, 0x11BA},
	0xAD64:  {0x1100, 0x116D, 0x11BB},
	0xAD65:  {0x1100, 0x116D, 0x11BC},
	0xAD66:  {0x1100, 0x116D, 0x11BD},
	0xAD67:  {0x1100, 0x116D, 0x11BE},
	0xAD68:  {0x1100, 0x116D, 0x11BF},
	0xAD69:  {0x1100, 0x116D, 0x11C0},
	0xAD6A:  {0x1100, 0x116D, 0x11C1},
	0xAD6B:  {0x1100, 0x116D, 0x11C2},
	0xAD6C:  {0x1100, 0x116E},
	0xAD6D:  {0x1100, 0x116E, 0x11A8},
	0xAD6E:  {0x1100, 0x116E, 0x11A9},
	0xAD6F:  {0x1100, 0x116E, 0x11AA},
	0xAD70:  {0x1100, 0x116E, 0x11AB},
	0xAD71:  {0x1100, 0x116E, 0x11AC},
	0xAD72:  {0x1100, 0x116E, 0x11AD},
	0xAD73:  {0x1100, 0x116E, 0x11AE},
	0xAD74:  {0x1100, 0x116E, 0x11AF},
	0xAD75:  {0x1100, 0x116E, 0x11B0},
	0xAD76:  {0x1100, 0x116E, 0x11B1},
	0xAD77:  {0x1100, 0x116E, 0x11B2},
	0xAD78:  {0x1100, 0x116E, 0x11B3},
	0xAD79:  {0x1100, 0x116E, 0x11B4},
	0xAD7A:  {0x1100, 0x116E, 0x11B5},
	0xAD7B:  {0x1100, 0x116E, 0x11B6},
	0xAD7C:  {0x1100, 0x116E, 0x11B7},
	0xAD7D:  {0x1100, 0x116E, 0x11B8},
	0xAD7E:  {0x1100, 0x116E, 0x11B9},
	0xAD7F:  {0x1100, 0x116E, 0x11BA},
	0xAD80:  {0x1100, 0x116E, 0x11BB},
	0xAD81:  {0x1100, 0x116E, 0x11BC},
	0xAD82:  {0x1100, 0x116E, 0x11BD},
	0xAD83:  {0x1100, 0x116E, 0x11BE},
	0xAD84:  {0x1100, 0x116E, 0x11BF},
	0xAD85:  {0x1100, 0x116E, 0x11C0},
	0xAD86:  {0x1100, 0x116E, 0x11C1},
	0xAD87:  {0x1100, 0x116E, 0x11C2},
	0xAD88:  {0x1100, 0x116F},
	0xAD89:  {0x1100, 0x116F, 0x11A8},
	0xAD8A:  {0x1100, 0x116F, 0x11A9},
	0xAD8B:  {0x1100, 0x116F, 0x11AA},
	0xAD8C:  {0x1100, 0x116F, 0x11AB},
	0xAD8D:  {0x1100, 0x116F, 0x11AC},
	0xAD8E:  {0x1100, 0x116F, 0x11AD},
	0xAD8F:  {0x1100, 0x116F, 0x11AE},
	0xAD90:  {0x1100, 0x116F, 0x11AF},
	0xAD91:  {0x1100, 0x116F, 0x11B0},
	0xAD92:  {0x1100, 0x116F, 0x11B1},
	0xAD93:  {0x1100, 0x116F, 0x11B2},
	0xAD94:  {0x1100, 0x116F, 0x11B3},
	0xAD95:  {0x1100, 0x116F, 0x11B4},
	0xAD96:  {0x1100, 0x116F, 0x11B5},
	0xAD97:  {0x1100, 0x116F, 0x11B6},
	0xAD98:  {0x1100, 0x116F, 0x11B7},
	0xAD99:  {0x1100, 0x116F, 0x11B8},
	0xAD9A:  {0x1100, 0x116F, 0x11B9},
	0xAD9B:  {0x1100, 0x116F, 0x11BA},
	0xAD9C:  {0x1100, 0x116F, 0x11BB},
	0xAD9D:  {0x1100, 0x116F, 0x11BC},
	0xAD9E:  {0x1100, 0x116F, 0x11BD},
	0xAD9F:  {0x1100, 0x116F, 0x11BE},
	0xADA0:  {0x1100, 0x116F, 0x11BF},
	0xADA1:  {0x1100, 0x116F, 0x11C0},
	0xADA2:  {0x1100, 0x116F, 0x11C1},
	0xADA3:  {0x1100, 0x116F, 0x11C2},
	0xADA4:  {0x1100, 0x1170},
	0xADA5:  {0x1100, 0x1170, 0x11A8},
	0xADA6:  {0x1100, 0x1170, 0x11A9},
	0xADA7:  {0x1100, 0x1170, 0x11AA},
	0xADA8:  {0x1100, 0x1170, 0x11AB},
	0xADA9:  {0x1100, 0x1170, 0x11AC},
	0xADAA:  {0x1100, 0x1170, 0x11AD},
	0xADAB:  {0x1100, 0x1170, 0x11AE},
	0xADAC:  {0x1100, 0x1170, 0x11AF},
	0xADAD:  {0x1100, 0x1170, 0x11B0},
	0xADAE:  {0x1100, 0x1170, 0x11B1},
	0xADAF:  {0x1100, 0x1170, 0x11B2},
	0xADB0:  {0x1100, 0x1170, 0x11B3},
	0xADB1:  {0x1100, 0x1170, 0x11B4},
	0xADB2:  {0x1100, 0x1170, 0x11B5},
	0xADB3:  {0x1100, 0x1170, 0x11B6},
	0xADB4:  {0x1100, 0x1170, 0x11B7},
	0xADB5:  {0x1100, 0x1170, 0x11B8},
	0xADB6:  {0x1100, 0x1170, 0x11B9},
	0xADB7:  {0x1100, 0x1170, 0x11BA},
	0xADB8:  {0x1100, 0x1170, 0x11BB},
	0xADB9:  {0x1100, 0x1170, 0x11BC},
	0xADBA:  {0x1100, 0x1170, 0x11BD},
	0xADBB:  {0x1100, 0x1170, 0x11BE},
	0xADBC:  {0x1100, 0x1170, 0x11BF},
	0xADBD:  {0x1100, 0x1170, 0x11C0},
	0xADBE:  {0x1100, 0x1170, 0x11C1},
	0xADBF:  {0x1100, 0x1170, 0x11C2},
	0xADC0:  {0x1100, 0x1171},
	0xADC1:  {0x1100, 0x1171, 0x11A8},
	0xADC2:  {0x1100, 0x1171, 0x11A9},
	0xADC3:  {0x1100, 0x1171, 0x11AA},
	0xADC4:  {0x1100, 0x1171, 0x11AB},
	0xADC5:  {0x1100, 0x1171, 0x11AC},
	0xADC6:  {0x1100, 0x1171, 0x11AD},
	0xADC7:  {0x1100, 0x1171, 0x11AE},
	0xADC8:  {0x1100, 0x1171, 0x11AF},
	0xADC9:  {0x1100, 0x1171, 0x11B0},
	0xADCA:  {0x1100, 0x1171, 0x11B1},
	0xADCB:  {0x1100, 0x1171, 0x11B2},
	0xADCC:  {0x1100, 0x1171, 0x11B3},
	0xADCD:  {0x1100, 0x1171, 0x11B4},
	0xADCE:  {0x1100, 0x1171, 0x11B5},
	0xADCF:  {0x1100, 0x1171, 0x11B6},
	0xADD0:  {0x1100, 0x1171, 0x11B7},
	0xADD1:  {0x1100, 0x1171, 0x11B8},
	0xADD2:  {0x1100, 0x1171, 0x11B9},
	0xADD3:  {0x1100, 0x1171, 0x11BA},
	0xADD4:  {0x1100, 0x1171, 0x11BB},
	0xADD5:  {0x1100, 0x1171, 0x11BC},
	0xADD6:  {0x1100, 0x1171, 0x11BD},
	0xADD7:  {0x1100, 0x1171, 0x11BE},
	0xADD8:  {0x1100, 0x1171, 0x11BF},
	0xADD9:  {0x1100, 0x1171, 0x11C0},
	0xADDA:  {0x1100, 0x1171, 0x11C1},
	0xADDB:  {0x1100, 0x1171, 0x11C2},
	0xADDC:  {0x1100, 0x1172},
	0xADDD:  {0x1100, 0x1172, 0x11A8},
	0xADDE:  {0x1100, 0x1172, 0x11A9},
	0xADDF:  {0x1100, 0x1172, 0x11AA},
	0xADE0:  {0x1100, 0x1172, 0x11AB},
	0xADE1:  {0x1100, 0x1172, 0x11AC},
	0xADE2:  {0x1100, 0x1172, 0x11AD},
	0xADE3:  {0x1100, 0x1172, 0x11AE},
	0xADE4:  {0x1100, 0x1172, 0x11AF},
	0xADE5:  {0x1100, 0x1172, 0x11B0},
	0xADE6:  {0x1100, 0x1172, 0x11B1},
	0xADE7:  {0x1100, 0x1172, 0x11B2},
	0xADE8:  {0x1100, 0x1172, 0x11B3},
	0xADE9:  {0x1100, 0x1172, 0x11B4},
	0xADEA:  {0x1100, 0x1172, 0x11B5},
	0xADEB:  {0x1100, 0x1172, 0x11B6},
	0xADEC:  {0x1100, 0x1172, 0x11B7},
	0xADED:  {0x1100, 0x1172, 0x11B8},
	0xADEE:  {0x1100, 0x1172, 0x11B9},
	0xADEF:  {0x1100, 0x1172, 0x11BA},
	0xADF0:  {0x1100, 0x1172, 0x11BB},
	0xADF1:  {0x1100, 0x1172, 0x11BC},
	0xADF2:  {0x1100, 0x1172, 0x11BD},
	0xADF3:  {0x1100, 0x1172, 0x11BE},
	0xADF4:  {0x1100, 0x1172, 0x11BF},
	0xADF5:  {0x1100, 0x1172, 0x11C0},
	0xADF6:  {0x1100, 0x1172, 0x11C1},
	0xADF7:  {0x1100, 0x1172, 0x11C2},
	0xADF8:  {0x1100, 0x1173},
	0xADF9:  {0x1100, 0x1173, 0x11A8},
	0xADFA:  {0x1100, 0x1173, 0x11A9},
	0xADFB:  {0x1100, 0x1173, 0x11AA},
	0xADFC:  {0x1100, 0x1173, 0x11AB},
	0xADFD:  {0x1100, 0x1173, 0x11AC},
	0xADFE:  {0x1100, 0x1173, 0x11AD},
	0xADFF:  {0x1100, 0x1173, 0x11AE},
	0xAE00:  {0x1100, 0x1173, 0x11AF},
	0xAE01:  {0x1100, 0x1173, 0x11B0},
	0xAE02:  {0x1100, 0x1173, 0x11B1},
	0xAE03:  {0x1100, 0x1173, 0x11B2},
	0xAE04:  {0x1100, 0x1173, 0x11B3},
	0xAE05:  {0x1100, 0x1173, 0x11B4},
	0xAE06:  {0x1100, 0x1173, 0x11B5},
	0xAE07:  {0x1100, 0x1173, 0x11B6},
	0xAE08:  {0x1100, 0x1173, 0x11B7},
	0xAE09:  {0x1100, 0x1173, 0x11B8},
	0xAE0A:  {0x1100, 0x1173, 0x11B9},
	0xAE0B:  {0x1100, 0x1173, 0x11BA},
	0xAE0C:  {0x1100, 0x1173, 0x11BB},
	0xAE0D:  {0x1100, 0x1173, 0x11BC},
	0xAE0E:  {0x1100, 0x1173, 0x11BD},
	0xAE0F:  {0x1100, 0x1173, 0x11BE},
	0xAE10:  {0x1100, 0x1173, 0x11BF},
	0xAE11:  {0x1100, 0x1173, 0x11C0},
	0xAE12:  {0x1100, 0x1173, 0x11C1},
	0xAE13:  {0x1100, 0x1173, 0x11C2},
	0xAE14:  {0x1100, 0x1174},
	0xAE15:  {0x1100, 0x1174, 0x11A8},
	0xAE16:  {0x1100, 0x1174, 0x11A9},
	0xAE17:  {0x1100, 0x1174, 0x11AA},
	0xAE18:  {0x1100, 0x1174, 0x11AB},
	0xAE19:  {0x1100, 0x1174, 0x11AC},
	0xAE1A:  {0x1100, 0x1174, 0x11AD},
	0xAE1B:  {0x1100, 0x1174, 0x11AE},
	0xAE1C:  {0x1100, 0x1174, 0x11AF},
	0xAE1D:  {0x1100, 0x1174, 0x11B0},
	0xAE1E:  {0x1100, 0x1174, 0x11B1},
	0xAE1F:  {0x1100, 0x1174, 0x11B2},
	0xAE20:  {0x1100, 0x1174, 0x11B3},
	0xAE21:  {0x1100, 0x1174, 0x11B4},
	0xAE22:  {0x1100, 0x1174, 0x11B5},
	0xAE23:  {0x1100, 0x1174, 0x11B6},
	0xAE24:  {0x1100, 0x1174, 0x11B7},
	0xAE25:  {0x1100, 0x1174, 0x11B8},
	0xAE26:  {0x1100, 0x1174, 0x11B9},
	0xAE27:  {0x1100, 0x1174, 0x11BA},
	0xAE28:  {0x1100, 0x1174, 0x11BB},
	0xAE29:  {0x1100, 0x1174, 0x11BC},
	0xAE2A:  {0x1100, 0x1174, 0x11BD},
	0xAE2B:  {0x1100, 0x1174, 0x11BE},
	0xAE2C:  {0x1100, 0x1174, 0x11BF},
	0xAE2D:  {0x1100, 0x1174, 0x11C0},
	0xAE2E:  {0x1100, 0x1174, 0x11C1},
	0xAE2F:  {0x1100, 0x1174, 0x11C2},
	0xAE30:  {0x1100, 0x1175},
	0xAE31:  {0x1100, 0x1175, 0x11A8},
	0xAE32:  {0x1100, 0x1175, 0x11A9},
	0xAE33:  {0x1100, 0x1175, 0x11AA},
	0xAE34:  {0x1100, 0x1175, 0x11AB},
	0xAE35:  {0x1100, 0x1175, 0x11AC},
	0xAE36:  {0x1100, 0x1175, 0x11AD},
	0xAE37:  {0x1100, 0x1175, 0x11AE},
	0xAE38:  {0x1100, 0x1175, 0x11AF},
	0xAE39:  {0x1100, 0x1175, 0x11B0},
	0xAE3A:  {0x1100, 0x1175, 0x11B1},
	0xAE3B:  {0x1100, 0x1175, 0x11B2},
	0xAE3C:  {0x1100, 0x1175, 0x11B3},
	0xAE3D:  {0x1100, 0x1175, 0x11B4},
	0xAE3E:  {0x1100, 0x1175, 0x11B5},
	0xAE3F:  {0x1100, 0x1175, 0x11B6},
	0xAE40:  {0x1100, 0x1175, 0x11B7},
	0xAE41:  {0x1100, 0x1175, 0x11B8},
	0xAE42:  {0x1100, 0x1175, 0x11B9},
	0xAE43:  {0x1100, 0x1175, 0x11BA},
	0xAE44:  {0x1100, 0x1175, 0x11BB},
	0xAE45:  {0x1100, 0x1175, 0x11BC},
	0xAE46:  {0x1100, 0x1175, 0x11BD},
	0xAE47:  {0x1100, 0x1175, 0x11BE},
	0xAE48:  {0x1100, 0x1175, 0x11BF},
	0xAE49:  {0x1100, 0x1175, 0x11C0},
	0xAE4A:  {0x1100, 0x1175, 0x11C1},
	0xAE4B:  {0x1100, 0x1175, 0x11C2},
	0xAE4C:  {0x1101, 0x1161},
	0xAE4D:  {0x1101, 0x1161, 0x11A8},
	0xAE4E:  {0x1101, 0x1161, 0x11A9},
	0xAE4F:  {0x1101, 0x1161, 0x11AA},
	0xAE50:  {0x1101, 0x1161, 0x11AB},
	0xAE51:  {0x1101, 0x1161, 0x11AC},
	0xAE52:  {0x1101, 0x1161, 0x11AD},
	0xAE53:  {0x1101, 0x1161, 0x11AE},
	0xAE54:  {0x1101, 0x1161, 0x11AF},
	0xAE55:  {0x1101, 0x1161, 0x11B0},
	0xAE56:  {0x1101, 0x1161, 0x11B1},
	0xAE57:  {0x1101, 0x1161, 0x11B2},
	0xAE58:  {0x1101, 0x1161, 0x11B3},
	0xAE59:  {0x1101, 0x1161, 0x11B4},
	0xAE5A:  {0x1101, 0x1161, 0x11B5},
	0xAE5B:  {0x1101, 0x1161, 0x11B6},
	0xAE5C:  {0x1101, 0x1161, 0x11B7},
	0xAE5D:  {0x1101, 0x1161, 0x11B8},
	0xAE5E:  {0x1101, 0x1161, 0x11B9},
	0xAE5F:  {0x1101, 0x1161, 0x11BA},
	0xAE60:  {0x1101, 0x1161, 0x11BB},
	0xAE61:  {0x1101, 0x1161, 0x11BC},
	0xAE62:  {0x1101, 0x1161, 0x11BD},
	0xAE63:  {0x1101, 0x1161, 0x11BE},
	0xAE64:  {0x1101, 0x1161, 0x11BF},
	0xAE65:  {0x1101, 0x1161, 0x11C0},
	0xAE66:  {0x1101, 0x1161, 0x11C1},
	0xAE67:  {0x1101, 0x1161, 0x11C2},
	0xAE68:  {0x1101, 0x1162},
	0xAE69:  {0x1101, 0x1162, 0x11A8},
	0xAE6A:  {0x1101, 0x1162, 0x11A9},
	0xAE6B:  {0x1101, 0x1162, 0x11AA},
	0xAE6C:  {0x1101, 0x1162, 0x11AB},
	0xAE6D:  {0x1101, 0x1162, 0x11AC},
	0xAE6E:  {0x1101, 0x1162, 0x11AD},
	0xAE6F:  {0x1101, 0x1162, 0x11AE},
	0xAE70:  {0x1101, 0x1162, 0x11AF},
	0xAE71:  {0x1101, 0x1162, 0x11B0},
	0xAE72:  {0x1101, 0x1162, 0x11B1},
	0xAE73:  {0x1101, 0x1162, 0x11B2},
	0xAE74:  {0x1101, 0x1162, 0x11B3},
	0xAE75:  {0x1101, 0x1162, 0x11B4},
	0xAE76:  {0x1101, 0x1162, 0x11B5},
	0xAE77:  {0x1101, 0x1162, 0x11B6},
	0xAE78:  {0x1101, 0x1162, 0x11B7},
	0xAE79:  {0x1101, 0x1162, 0x11B8},
	0xAE7A:  {0x1101, 0x1162, 0x11B9},
	0xAE7B:  {0x1101, 0x1162, 0x11BA},
	0xAE7C:  {0x1101, 0x1162, 0x11BB},
	0xAE7D:  {0x1101, 0x1162, 0x11BC},
	0xAE7E:  {0x1101, 0x1162, 0x11BD},
	0xAE7F:  {0x1101, 0x1162, 0x11BE},
	0xAE80:  {0x1101, 0x1162, 0x11BF},
	0xAE81:  {0x1101, 0x1162, 0x11C0},
	0xAE82:  {0x1101, 0x1162, 0x11C1},
	0xAE83:  {0x1101, 0x1162, 0x11C2},
	0xAE84:  {0x1101, 0x1163},
	0xAE85:  {0x1101, 0x1163, 0x11A8},
	0xAE86:  {0x1101, 0x1163, 0x11A9},
	0xAE87:  {0x1101, 0x1163, 0x11AA},
	0xAE88:  {0x1101, 0x1163, 0x11AB},
	0xAE89:  {0x1101, 0x1163, 0x11AC},
	0xAE8A:  {0x1101, 0x1163, 0x11AD},
	0xAE8B:  {0x1101, 0x1163, 0x11AE},
	0xAE8C:  {0x1101, 0x1163, 0x11AF},
	0xAE8D:  {0x1101, 0x1163, 0x11B0},
	0xAE8E:  {0x1101, 0x1163, 0x11B1},
	0xAE8F:  {0x1101, 0x1163, 0x11B2},
	0xAE90:  {0x1101, 0x1163, 0x11B3},
	0xAE91:  {0x1101, 0x1163, 0x11B4},
	0xAE92:  {0x1101, 0x1163, 0x11B5},
	0xAE93:  {0x1101, 0x1163, 0x11B6},
	0xAE94:  {0x1101, 0x1163, 0x11B7},
	0xAE95:  {0x1101, 0x1163, 0x11B8},
	0xAE96:  {0x1101, 0x1163, 0x11B9},
	0xAE97:  {0x1101, 0x1163, 0x11BA},
	0xAE98:  {0x1101, 0x1163, 0x11BB},
	0xAE99:  {0x1101, 0x1163, 0x11BC},
	0xAE9A:  {0x1101, 0x1163, 0x11BD},
	0xAE9B:  {0x1101, 0x1163, 0x11BE},
	0xAE9C:  {0x1101, 0x1163, 0x11BF},
	0xAE9D:  {0x1101, 0x1163, 0x11C0},
	0xAE9E:  {0x1101, 0x1163, 0x11C1},
	0xAE9F:  {0x1101, 0x1163, 0x11C2},
	0xAEA0:  {0x1101, 0x1164},
	0xAEA1:  {0x1101, 0x1164, 0x11A8},
	0xAEA2:  {0x1101, 0x1164, 0x11A9},
	0xAEA3:  {0x1101, 0x1164, 0x11AA},
	0xAEA4:  {0x1101, 0x1164, 0x11AB},
	0xAEA5:  {0x1101, 0x1164, 0x11AC},
	0xAEA6:  {0x1101, 0x1164, 0x11AD},
	0xAEA7:  {0x1101, 0x1164, 0x11AE},
	0xAEA8:  {0x1101, 0x1164, 0x11AF},
	0xAEA9:  {0x1101, 0x1164, 0x11B0},
	0xAEAA:  {0x1101, 0x1164, 0x11B1},
	0xAEAB:  {0x1101, 0x1164, 0x11B2},
	0xAEAC:  {0x1101, 0x1164, 0x11B3},
	0xAEAD:  {0x1101, 0x1164, 0x11B4},
	0xAEAE:  {0x1101, 0x1164, 0x11B5},
	0xAEAF:  {0x1101, 0x1164, 0x11B6},
	0xAEB0:  {0x1101, 0x1164, 0x11B7},
	0xAEB1:  {0x1101, 0x1164, 0x11B8},
	0xAEB2:  {0x1101, 0x1164, 0x11B9},
	0xAEB3:  {0x1101, 0x1164, 0x11BA},
	0xAEB4:  {0x1101, 0x1164, 0x11BB},
	0xAEB5:  {0x1101, 0x1164, 0x11BC},
	0xAEB6:  {0x1101, 0x1164, 0x11BD},
	0xAEB7:  {0x1101, 0x1164, 0x11BE},
	0xAEB8:  {0x1101, 0x1164, 0x11BF},
	0xAEB9:  {0x1101, 0x1164, 0x11C0},
	0xAEBA:  {0x1101, 0x1164, 0x11C1},
	0xAEBB:  {0x1101, 0x1164, 0x11C2},
	0xAEBC:  {0x1101, 0x1165},
	0xAEBD:  {0x1101, 0x1165, 0x11A8},
	0xAEBE:  {0x1101, 0x1165, 0x11A9},
	0xAEBF:  {0x1101, 0x1165, 0x11AA},
	0xAEC0:  {0x1101, 0x1165, 0x11AB},
	0xAEC1:  {0x1101, 0x1165, 0x11AC},
	0xAEC2:  {0x1101, 0x1165, 0x11AD},
	0xAEC3:  {0x1101, 0x1165, 0x11AE},
	0xAEC4:  {0x1101, 0x1165, 0x11AF},
	0xAEC5:  {0x1101, 0x1165, 0x11B0},
	0xAEC6:  {0x1101, 0x1165, 0x11B1},
	0xAEC7:  {0x1101, 0x1165, 0x11B2},
	0xAEC8:  {0x1101, 0x1165, 0x11B3},
	0xAEC9:  {0x1101, 0x1165, 0x11B4},
	0xAECA:  {0x1101, 0x1165, 0x11B5},
	0xAECB:  {0x1101, 0x1165, 0x11B6},
	0xAECC:  {0x1101, 0x1165, 0x11B7},
	0xAECD:  {0x1101, 0x1165, 0x11B8},
	0xAECE:  {0x1101, 0x1165, 0x11B9},
	0xAECF:  {0x1101, 0x1165, 0x11BA},
	0xAED0:  {0x1101, 0x1165, 0x11BB},
	0xAED1:  {0x1101, 0x1165, 0x11BC},
	0xAED2:  {0x1101, 0x1165, 0x11BD},
	0xAED3:  {0x1101, 0x1165, 0x11BE},
	0xAED4:  {0x1101, 0x1165, 0x11BF},
	0xAED5:  {0x1101, 0x1165, 0x11C0},
	0xAED6:  {0x1101, 0x1165, 0x11C1},
	0xAED7:  {0x1101, 0x1165, 0x11C2},
	0xAED8:  {0x1101, 0x1166},
	0xAED9:  {0x1101, 0x1166, 0x11A8},
	0xAEDA:  {0x1101, 0x1166, 0x11A9},
	0xAEDB:  {0x1101, 0x1166, 0x11AA},
	0xAEDC:  {0x1101, 0x1166, 0x11AB},
	0xAEDD:  {0x1101, 0x1166, 0x11AC},
	0xAEDE:  {0x1101, 0x1166, 0x11AD},
	0xAEDF:  {0x1101, 0x1166, 0x11AE},
	0xAEE0:  {0x1101, 0x1166, 0x11AF},
	0xAEE1:  {0x1101, 0x1166, 0x11B0},
	0xAEE2:  {0x1101, 0x1166, 0x11B1},
	0xAEE3:  {0x1101, 0x1166, 0x11B2},
	0xAEE4:  {0x1101, 0x1166, 0x11B3},
	0xAEE5:  {0x1101, 0x1166, 0x11B4},
	0xAEE6:  {0x1101, 0x1166, 0x11B5},
	0xAEE7:  {0x1101, 0x1166, 0x11B6},
	0xAEE8:  {0x1101, 0x1166, 0x11B7},
	0xAEE9:  {0x1101, 0x1166, 0x11B8},
	0xAEEA:  {0x1101, 0x1166, 0x11B9},
	0xAEEB:  {0x1101, 0x1166, 0x11BA},
	0xAEEC:  {0x1101, 0x1166, 0x11BB},
	0xAEED:  {0x1101, 0x1166, 0x11BC},
	0xAEEE:  {0x1101, 0x1166, 0x11BD},
	0xAEEF:  {0x1101, 0x1166, 0x11BE},
	0xAEF0:  {0x1101, 0x1166, 0x11BF},
	0xAEF1:  {0x1101, 0x1166, 0x11C0},
	0xAEF2:  {0x1101, 0x1166, 0x11C1},
	0xAEF3:  {0x1101, 0x1166, 0x11C2},
	0xAEF4:  {0x1101, 0x1167},
	0xAEF5:  {0x1101, 0x1167, 0x11A8},
	0xAEF6:  {0x1101, 0x1167, 0x11A9},
	0xAEF7:  {0x1101, 0x1167, 0x11AA},
	0xAEF8:  {0x1101, 0x1167, 0x11AB},
	0xAEF9:  {0x1101, 0x1167, 0x11AC},
	0xAEFA:  {0x1101, 0x1167, 0x11AD},
	0xAEFB:  {0x1101, 0x1167, 0x11AE},
	0xAEFC:  {0x1101, 0x1167, 0x11AF},
	0xAEFD:  {0x1101, 0x1167, 0x11B0},
	0xAEFE:  {0x1101, 0x1167, 0x11B1},
	0xAEFF:  {0x1101, 0x1167, 0x11B2},
	0xAF00:  {0x1101, 0x1167, 0x11B3},
	0xAF01:  {0x1101, 0x1167, 0x11B4},
	0xAF02:  {0x1101, 0x1167, 0x11B5},
	0xAF03:  {0x1101, 0x1167, 0x11B6},
	0xAF04:  {0x1101, 0x1167, 0x11B7},
	0xAF05:  {0x1101, 0x1167, 0x11B8},
	0xAF06:  {0x1101, 0x1167, 0x11B9},
	0xAF07:  {0x1101, 0x1167, 0x11BA},
	0xAF08:  {0x1101, 0x1167, 0x11BB},
	0xAF09:  {0x1101, 0x1167, 0x11BC},
	0xAF0A:  {0x1101, 0x1167, 0x11BD},
	0xAF0B:  {0x1101, 0x1167, 0x11BE},
	0xAF0C:  {0x1101, 0x1167, 0x11BF},
	0xAF0D:  {0x1101, 0x1167, 0x11C0},
	0xAF0E:  {0x1101, 0x1167, 0x11C1},
	0xAF0F:  {0x1101, 0x1167, 0x11C2},
	0xAF10:  {0x1101, 0x1168},
	0xAF11:  {0x1101, 0x1168, 0x11A8},
	0xAF12:  {0x1101, 0x1168, 0x11A9},
	0xAF13:  {0x1101, 0x1168, 0x11AA},
	0xAF14:  {0x1101, 0x1168, 0x11AB},
	0xAF15:  {0x1101, 0x1168, 0x11AC},
	0xAF16:  {0x1101, 0x1168, 0x11AD},
	0xAF17:  {0x1101, 0x1168, 0x11AE},
	0xAF18:  {0x1101, 0x1168, 0x11AF},
	0xAF19:  {0x1101, 0x1168, 0x11B0},
	0xAF1A:  {0x1101, 0x1168, 0x11B1},
	0xAF1B:  {0x1101, 0x1168, 0x11B2},
	0xAF1C:  {0x1101, 0x1168, 0x11B3},
	0xAF1D:  {0x1101, 0x1168, 0x11B4},
	0xAF1E:  {0x1101, 0x1168, 0x11B5},
	0xAF1F:  {0x1101, 0x1168, 0x11B6},
	0xAF20:  {0x1101, 0x1168, 0x11B7},
	0xAF21:  {0x1101, 0x1168, 0x11B8},
	0xAF22:  {0x1101, 0x1168, 0x11B9},
	0xAF23:  {0x1101, 0x1168, 0x11BA},
	0xAF24:  {0x1101, 0x1168, 0x11BB},
	0xAF25:  {0x1101, 0x1168, 0x11BC},
	0xAF26:  {0x1101, 0x1168, 0x11BD},
	0xAF27:  {0x1101, 0x1168, 0x11BE},
	0xAF28:  {0x1101, 0x1168, 0x11BF},
	0xAF29:  {0x1101, 0x1168, 0x11C0},
	0xAF2A:  {0x1101, 0x1168, 0x11C1},
	0xAF2B:  {0x1101, 0x1168, 0x11C2},
	0xAF2C:  {0x1101, 0x1169},
	0xAF2D:  {0x1101, 0x1169, 0x11A8},
	0xAF2E:  {0x1101, 0x1169, 0x11A9},
	0xAF2F:  {0x1101, 0x1169, 0x11AA},
	0xAF30:  {0x1101, 0x1169, 0x11AB},
	0xAF31:  {0x1101, 0x1169, 0x11AC},
	0xAF32:  {0x1101, 0x1169, 0x11AD},
	0xAF33:  {0x1101, 0x1169, 0x11AE},
	0xAF34:  {0x1101, 0x1169, 0x11AF},
	0xAF35:  {0x1101, 0x1169, 0x11B0},
	0xAF36:  {0x1101, 0x1169, 0x11B1},
	0xAF37:  {0x1101, 0x1169, 0x11B2},
	0xAF38:  {0x1101, 0x1169, 0x11B3},
	0xAF39:  {0x1101, 0x1169, 0x11B4},
	0xAF3A:  {0x1101, 0x1169, 0x11B5},
	0xAF3B:  {0x1101, 0x1169, 0x11B6},
	0xAF3C:  {0x1101, 0x1169, 0x11B7},
	0xAF3D:  {0x1101, 0x1169, 0x11B8},
	0xAF3E:  {0x1101, 0x1169, 0x11B9},
	0xAF3F:  {0x1101, 0x1169, 0x11BA},
	0xAF40:  {0x1101, 0x1169, 0x11BB},
	0xAF41:  {0x1101, 0x1169, 0x11BC},
	0xAF42:  {0x1101, 0x1169, 0x11BD},
	0xAF43:  {0x1101, 0x1169, 0x11BE},
	0xAF44:  {0x1101, 0x1169, 0x11BF},
	0xAF45:  {0x1101, 0x1169, 0x11C0},
	0xAF46:  {0x1101, 0x1169, 0x11C1},
	0xAF47:  {0x1101, 0x1169, 0x11C2},
	0xAF48:  {0x1101, 0x116A},
	0xAF49:  {0x1101, 0x116A, 0x11A8},
	0xAF4A:  {0x1101, 0x116A, 0x11A9},
	0xAF4B:  {0x1101, 0x116A, 0x11AA},
	0xAF4C:  {0x1101, 0x116A, 0x11AB},
	0xAF4D:  {0x1101, 0x116A, 0x11AC},
	0xAF4E:  {0x1101, 0x116A, 0x11AD},
	0xAF4F:  {0x1101, 0x116A, 0x11AE},
	0xAF50:  {0x1101, 0x116A, 0x11AF},
	0xAF51:  {0x1101, 0x116A, 0x11B0},
	0xAF52:  {0x1101, 0x116A, 0x11B1},
	0xAF53:  {0x1101, 0x116A, 0x11B2},
	0xAF54:  {0x1101, 0x116A, 0x11B3},
	0xAF55:  {0x1101, 0x116A, 0x11B4},
	0xAF56:  {0x1101, 0x116A, 0x11B5},
	0xAF57:  {0x1101, 0x116A, 0x11B6},
	0xAF58:  {0x1101, 0x116A, 0x11B7},
	0xAF59:  {0x1101, 0x116A, 0x11B8},
	0xAF5A:  {0x1101, 0x116A, 0x11B9},
	0xAF5B:  {0x1101, 0x116A, 0x11BA},
	0xAF5C:  {0x1101, 0x116A, 0x11BB},
	0xAF5D:  {0x1101, 0x116A, 0x11BC},
	0xAF5E:  {0x1101, 0x116A, 0x11BD},
	0xAF5F:  {0x1101, 0x116A, 0x11BE},
	0xAF60:  {0x1101, 0x116A, 0x11BF},
	0xAF61:  {0x1101, 0x116A, 0x11C0},
	0xAF62:  {0x1101, 0x116A, 0x11C1},
	0xAF63:  {0x1101, 0x116A, 0x11C2},
	0xAF64:  {0x1101, 0x116B},
	0xAF65:  {0x1101, 0x116B, 0x11A8},
	0xAF66:  {0x1101, 0x116B, 0x11A9},
	0xAF67:  {0x1101, 0x116B, 0x11AA},
	0xAF68:  {0x1101, 0x116B, 0x11AB},
	0xAF69:  {0x1101, 0x116B, 0x11AC},
	0xAF6A:  {0x1101, 0x116B, 0x11AD},
	0xAF6B:  {0x1101, 0x116B, 0x11AE},
	0xAF6C:  {0x1101, 0x116B, 0x11AF},
	0xAF6D:  {0x1101, 0x116B, 0x11B0},
	0xAF6E:  {0x1101, 0x116B, 0x11B1},
	0xAF6F:  {0x1101, 0x116B, 0x11B2},
	0xAF70:  {0x1101, 0x116B, 0x11B3},
	0xAF71:  {0x1101, 0x116B, 0x11B4},
	0xAF72:  {0x1101, 0x116B, 0x11B5},
	0xAF73:  {0x1101, 0x116B, 0x11B6},
	0xAF74:  {0x1101, 0x116B, 0x11B7},
	0xAF75:  {0x1101, 0x116B, 0x11B8},
	0xAF76:  {0x1101, 0x116B, 0x11B9},
	0xAF77:  {0x1101, 0x116B, 0x11BA},
	0xAF78:  {0x1101, 0x116B, 0x11BB},
	0xAF79:  {0x1101, 0x116B, 0x11BC},
	0xAF7A:  {0x1101, 0x116B, 0x11BD},
	0xAF7B:  {0x1101, 0x116B, 0x11BE},
	0xAF7C:  {0x1101, 0x116B, 0x11BF},
	0xAF7D:  {0x1101, 0x116B, 0x11C0},
	0xAF7E:  {0x1101, 0x116B, 0x11C1},
	0xAF7F:  {0x1101, 0x116B, 0x11C2},
	0xAF80:  {0x1101, 0x116C},
	0xAF81:  {0x1101, 0x116C, 0x11A8},
	0xAF82:  {0x1101, 0x116C, 0x11A9},
	0xAF83:  {0x1101, 0x116C, 0x11AA},
	0xAF84:  {0x1101, 0x116C, 0x11AB},
	0xAF85:  {0x1101, 0x116C, 0x11AC},
	0xAF86:  {0x1101, 0x116C, 0x11AD},
	0xAF87:  {0x1101, 0x116C, 0x11AE},
	0xAF88:  {0x1101, 0x116C, 0x11AF},
	0xAF89:  {0x1101, 0x116C, 0x11B0},
	0xAF8A:  {0x1101, 0x116C, 0x11B1},
	0xAF8B:  {0x1101, 0x116C, 0x11B2},
	0xAF8C:  {0x1101, 0x116C, 0x11B3},
	0xAF8D:  {0x1101, 0x116C, 0x11B4},
	0xAF8E:  {0x1101, 0x116C, 0x11B5},
	0xAF8F:  {0x1101, 0x116C, 0x11B6},
	0xAF90:  {0x1101, 0x116C, 0x11B7},
	0xAF91:  {0x1101, 0x116C, 0x11B8},
	0xAF92:  {0x1101, 0x116C, 0x11B9},
	0xAF93:  {0x1101, 0x116C, 0x11BA},
	0xAF94:  {0x1101, 0x116C, 0x11BB},
	0xAF95:  {0x1101, 0x116C, 0x11BC},
	0xAF96:  {0x1101, 0x116C, 0x11BD},
	0xAF97:  {0x1101, 0x116C, 0x11BE},
	0xAF98:  {0x1101, 0x116C, 0x11BF},
	0xAF99:  {0x1101, 0x116C, 0x11C0},
	0xAF9A:  {0x1101, 0x116C, 0x11C1},
	0xAF9B:  {0x1101, 0x116C, 0x11C2},
	0xAF9C:  {0x1101, 0x116D},
	0xAF9D:  {0x1101, 0x116D, 0x11A8},
	0xAF9E:  {0x1101, 0x116D, 0x11A9},
	0xAF9F:  {0x1101, 0x116D, 0x11AA},
	0xAFA0:  {0x1101, 0x116D, 0x11AB},
	0xAFA1:  {0x1101, 0x116D, 0x11AC},
	0xAFA2:  {0x1101, 0x116D, 0x11AD},
	0xAFA3:  {0x1101, 0x116D, 0x11AE},
	0xAFA4:  {0x1101, 0x116D, 0x11AF},
	0xAFA5:  {0x1101, 0x116D, 0x11B0},
	0xAFA6:  {0x1101, 0x116D, 0x11B1},
	0xAFA7:  {0x1101, 0x116D, 0x11B2},
	0xAFA8:  {0x1101, 0x116D, 0x11B3},
	0xAFA9:  {0x1101, 0x116D, 0x11B4},
	0xAFAA:  {0x1101, 0x116D, 0x11B5},
	0xAFAB:  {0x1101, 0x116D, 0x11B6},
	0xAFAC:  {0x1101, 0x116D, 0x11B7},
	0xAFAD:  {0x1101, 0x116D, 0x11B8},
	0xAFAE:  {0x1101, 0x116D, 0x11B9},
	0xAFAF:  {0x1101, 0x116D, 0x11BA},
	0xAFB0:  {0x1101, 0x116D, 0x11BB},
	0xAFB1:  {0x1101, 0x116D, 0x11BC},
	0xAFB2:  {0x1101, 0x116D, 0x11BD},
	0xAFB3:  {0x1101, 0x116D, 0x11BE},
	0xAFB4:  {0x1101, 0x116D, 0x11BF},
	0xAFB5:  {0x1101, 0x116D, 0x11C0},
	0xAFB6:  {0x1101, 0x116D, 0x11C1},
	0xAFB7:  {0x1101, 0x116D, 0x11C2},
	0xAFB8:  {0x1101, 0x116E},
	0xAFB9:  {0x1101, 0x116E, 0x11A8},
	0xAFBA:  {0x1101, 0x116E, 0x11A9},
	0xAFBB:  {0x1101, 0x116E, 0x11AA},
	0xAFBC:  {0x1101, 0x116E, 0x11AB},
	0xAFBD:  {0x1101, 0x116E, 0x11AC},
	0xAFBE:  {0x1101, 0x116E, 0x11AD},
	0xAFBF:  {0x1101, 0x116E, 0x11AE},
	0xAFC0:  {0x1101, 0x116E, 0x11AF},
	0xAFC1:  {0x1101, 0x116E, 0x11B0},
	0xAFC2:  {0x1101, 0x116E, 0x11B1},
	0xAFC3:  {0x1101, 0x116E, 0x11B2},
	0xAFC4:  {0x1101, 0x116E, 0x11B3},
	0xAFC5:  {0x1101, 0x116E, 0x11B4},
	0xAFC6:  {0x1101, 0x116E, 0x11B5},
	0xAFC7:  {0x1101, 0x116E, 0x11B6},
	0xAFC8:  {0x1101, 0x116E, 0x11B7},
	0xAFC9:  {0x1101, 0x116E, 0x11B8},
	0xAFCA:  {0x1101, 0x116E, 0x11B9},
	0xAFCB:  {0x1101, 0x116E, 0x11BA},
	0xAFCC:  {0x1101, 0x116E, 0x11BB},
	0xAFCD:  {0x1101, 0x116E, 0x11BC},
	0xAFCE:  {0x1101, 0x116E, 0x11BD},
	0xAFCF:  {0x1101, 0x116E, 0x11BE},
	0xAFD0:  {0x1101, 0x116E, 0x11BF},
	0xAFD1:  {0x1101, 0x116E, 0x11C0},
	0xAFD2:  {0x1101, 0x116E, 0x11C1},
	0xAFD3:  {0x1101, 0x116E, 0x11C2},
	0xAFD4:  {0x1101, 0x116F},
	0xAFD5:  {0x1101, 0x116F, 0x11A8},
	0xAFD6:  {0x1101, 0x116F, 0x11A9},
	0xAFD7:  {0x1101, 0x116F, 0x11AA},
	0xAFD8:  {0x1101, 0x116F, 0x11AB},
	0xAFD9:  {0x1101, 0x116F, 0x11AC},
	0xAFDA:  {0x1101, 0x116F, 0x11AD},
	0xAFDB:  {0x1101, 0x116F, 0x11AE},
	0xAFDC:  {0x1101, 0x116F, 0x11AF},
	0xAFDD:  {0x1101, 0x116F, 0x11B0},
	0xAFDE:  {0x1101, 0x116F, 0x11B1},
	0xAFDF:  {0x1101, 0x116F, 0x11B2},
	0xAFE0:  {0x1101, 0x116F, 0x11B3},
	0xAFE1:  {0x1101, 0x116F, 0x11B4},
	0xAFE2:  {0x1101, 0x116F, 0x11B5},
	0xAFE3:  {0x1101, 0x116F, 0x11B6},
	0xAFE4:  {0x1101, 0x116F, 0x11B7},
	0xAFE5:  {0x1101, 0x116F, 0x11B8},
	0xAFE6:  {0x1101, 0x116F, 0x11B9},
	0xAFE7:  {0x1101, 0x116F, 0x11BA},
	0xAFE8:  {0x1101, 0x116F, 0x11BB},
	0xAFE9:  {0x1101, 0x116F, 0x11BC},
	0xAFEA:  {0x1101, 0x116F, 0x11BD},
	0xAFEB:  {0x1101, 0x116F, 0x11BE},
	0xAFEC:  {0x1101, 0x116F, 0x11BF},
	0xAFED:  {0x1101, 0x116F, 0x11C0},
	0xAFEE:  {0x1101, 0x116F, 0x11C1},
	0xAFEF:  {0x1101, 0x116F, 0x11C2},
	0xAFF0:  {0x1101, 0x1170},
	0xAFF1:  {0x1101, 0x1170, 0x11A8},
	0xAFF2:  {0x1101, 0x1170, 0x11A9},
	0xAFF3:  {0x1101, 0x1170, 0x11AA},
	0xAFF4:  {0x1101, 0x1170, 0x11AB},
	0xAFF5:  {0x1101, 0x1170, 0x11AC},
	0xAFF6:  {0x1101, 0x1170, 0x11AD},
	0xAFF7:  {0x1101, 0x1170, 0x11AE},
	0xAFF8:  {0x1101, 0x1170, 0x11AF},
	0xAFF9:  {0x1101, 0x1170, 0x11B0},
	0xAFFA:  {0x1101, 0x1170, 0x11B1},
	0xAFFB:  {0x1101, 0x1170, 0x11B2},
	0xAFFC:  {0x1101, 0x1170, 0x11B3},
	0xAFFD:  {0x1101, 0x1170, 0x11B4},
	0xAFFE:  {0x1101, 0x1170, 0x11B5},
	0xAFFF:  {0x1101, 0x1170, 0x11B6},
	0xB000:  {0x1101, 0x1170, 0x11B7},
	0xB001:  {0x1101, 0x1170, 0x11B8},
	0xB002:  {0x1101, 0x1170, 0x11B9},
	0xB003:  {0x1101, 0x1170, 0x11BA},
	0xB004:  {0x1101, 0x1170, 0x11BB},
	0xB005:  {0x1101, 0x1170, 0x11BC},
	0xB006:  {0x1101, 0x1170, 0x11BD},
	0xB007:  {0x1101, 0x1170, 0x11BE},
	0xB008:  {0x1101, 0x1170, 0x11BF},
	0xB009:  {0x1101, 0x1170, 0x11C0},
	0xB00A:  {0x1101, 0x1170, 0x11C1},
	0xB00B:  {0x1101, 0x1170, 0x11C2},
	0xB00C:  {0x1101, 0x1171},
	0xB00D:  {0x1101, 0x1171, 0x11A8},
	0xB00E:  {0x1101, 0x1171, 0x11A9},
	0xB00F:  {0x1101, 0x1171, 0x11AA},
	0xB010:  {0x1101, 0x1171, 0x11AB},
	0xB011:  {0x1101, 0x1171, 0x11AC},
	0xB012:  {0x1101, 0x1171, 0x11AD},
	0xB013:  {0x1101, 0x1171, 0x11AE},
	0xB014:  {0x1101, 0x1171, 0x11AF},
	0xB015:  {0x1101, 0x1171, 0x11B0},
	0xB016:  {0x1101, 0x1171, 0x11B1},
	0xB017:  {0x1101, 0x1171, 0x11B2},
	0xB018:  {0x1101, 0x1171, 0x11B3},
	0xB019:  {0x1101, 0x1171, 0x11B4},
	0xB01A:  {0x1101, 0x1171, 0x11B5},
	0xB01B:  {0x1101, 0x1171, 0x11B6},
	0xB01C:  {0x1101, 0x1171, 0x11B7},
	0xB01D:  {0x1101, 0x1171, 0x11B8},
	0xB01E:  {0x1101, 0x1171, 0x11B9},
	0xB01F:  {0x1101, 0x1171, 0x11BA},
	0xB020:  {0x1101, 0x1171, 0x11BB},
	0xB021:  {0x1101, 0x1171, 0x11BC},
	0xB022:  {0x1101, 0x1171, 0x11BD},
	0xB023:  {0x1101, 0x1171, 0x11BE},
	0xB024:  {0x1101, 0x1171, 0x11BF},
	0xB025:  {0x1101, 0x1171, 0x11C0},
	0xB026:  {0x1101, 0x1171, 0x11C1},
	0xB027:  {0x1101, 0x1171, 0x11C2},
	0xB028:  {0x1101, 0x1172},
	0xB029:  {0x1101, 0x1172, 0x11A8},
	0xB02A:  {0x1101, 0x1172, 0x11A9},
	0xB02B:  {0x1101, 0x1172, 0x11AA},
	0xB02C:  {0x1101, 0x1172, 0x11AB},
	0xB02D:  {0x1101, 0x1172, 0x11AC},
	0xB02E:  {0x1101, 0x1172, 0x11AD},
	0xB02F:  {0x1101, 0x1172, 0x11AE},
	0xB030:  {0x1101, 0x1172, 0x11AF},
	0xB031:  {0x1101, 0x1172, 0x11B0},
	0xB032:  {0x1101, 0x1172, 0x11B1},
	0xB033:  {0x1101, 0x1172, 0x11B2},
	0xB034:  {0x1101, 0x1172, 0x11B3},
	0xB035:  {0x1101, 0x1172, 0x11B4},
	0xB036:  {0x1101, 0x1172, 0x11B5},
	0xB037:  {0x1101, 0x1172, 0x11B6},
	0xB038:  {0x1101, 0x1172, 0x11B7},
	0xB039:  {0x1101, 0x1172, 0x11B8},
	0xB03A:  {0x1101, 0x1172, 0x11B9},
	0xB03B:  {0x1101, 0x1172, 0x11BA},
	0xB03C:  {0x1101, 0x1172, 0x11BB},
	0xB03D:  {0x1101, 0x1172, 0x11BC},
	0xB03E:  {0x1101, 0x1172, 0x11BD},
	0xB03F:  {0x1101, 0x1172, 0x11BE},
	0xB040:  {0x1101, 0x1172, 0x11BF},
	0xB041:  {0x1101, 0x1172, 0x11C0},
	0xB042:  {0x1101, 0x1172, 0x11C1},
	0xB043:  {0x1101, 0x1172, 0x11C2},
	0xB044:  {0x1101, 0x1173},
	0xB045:  {0x1101, 0x1173, 0x11A8},
	0xB046:  {0x1101, 0x1173, 0x11A9},
	0xB047:  {0x1101, 0x1173, 0x11AA},
	0xB048:  {0x1101, 0x1173, 0x11AB},
	0xB049:  {0x1101, 0x1173, 0x11AC},
	0xB04A:  {0x1101, 0x1173, 0x11AD},
	0xB04B:  {0x1101, 0x1173, 0x11AE},
	0xB04C:  {0x1101, 0x1173, 0x11AF},
	0xB04D:  {0x1101, 0x1173, 0x11B0},
	0xB04E:  {0x1101, 0x1173, 0x11B1},
	0xB04F:  {0x1101, 0x1173, 0x11B2},
	0xB050:  {0x1101, 0x1173, 0x11B3},
	0xB051:  {0x1101, 0x1173, 0x11B4},
	0xB052:  {0x1101, 0x1173, 0x11B5},
	0xB053:  {0x1101, 0x1173, 0x11B6},
	0xB054:  {0x1101, 0x1173, 0x11B7},
	0xB055:  {0x1101, 0x1173, 0x11B8},
	0xB056:  {0x1101, 0x1173, 0x11B9},
	0xB057:  {0x1101, 0x1173, 0x11BA},
	0xB058:  {0x1101, 0x1173, 0x11BB},
	0xB059:  {0x1101, 0x1173, 0x11BC},
	0xB05A:  {0x1101, 0x1173, 0x11BD},
	0xB05B:  {0x1101, 0x1173, 0x11BE},
	0xB05C:  {0x1101, 0x1173, 0x11BF},
	0xB05D:  {0x1101, 0x1173, 0x11C0},
	0xB05E:  {0x1101, 0x1173, 0x11C1},
	0xB05F:  {0x1101, 0x1173, 0x11C2},
	0xB060:  {0x1101, 0x1174},
	0xB061:  {0x1101, 0x1174, 0x11A8},
	0xB062:  {0x1101, 0x1174, 0x11A9},
	0xB063:  {0x1101, 0x1174, 0x11AA},
	0xB064:  {0x1101, 0x1174, 0x11AB},
	0xB065:  {0x1101, 0x1174, 0x11AC},
	0xB066:  {0x1101, 0x1174, 0x11AD},
	0xB067:  {0x1101, 0x1174, 0x11AE},
	0xB068:  {0x1101, 0x1174, 0x11AF},
	0xB069:  {0x1101, 0x1174, 0x11B0},
	0xB06A:  {0x1101, 0x1174, 0x11B1},
	0xB06B:  {0x1101, 0x1174, 0x11B2},
	0xB06C:  {0x1101, 0x1174, 0x11B3},
	0xB06D:  {0x1101, 0x1174, 0x11B4},
	0xB06E:  {0x1101, 0x1174, 0x11B5},
	0xB06F:  {0x1101, 0x1174, 0x11B6},
	0xB070:  {0x1101, 0x1174, 0x11B7},
	0xB071:  {0x1101, 0x1174, 0x11B8},
	0xB072:  {0x1101, 0x1174, 0x11B9},
	0xB073:  {0x1101, 0x1174, 0x11BA},
	0xB074:  {0x1101, 0x1174, 0x11BB},
	0xB075:  {0x1101, 0x1174, 0x11BC},
	0xB076:  {0x1101, 0x1174, 0x11BD},
	0xB077:  {0x1101, 0x1174, 0x11BE},
	0xB078:  {0x1101, 0x1174, 0x11BF},
	0xB079:  {0x1101, 0x1174, 0x11C0},
	0xB07A:  {0x1101, 0x1174, 0x11C1},
	0xB07B:  {0x1101, 0x1174, 0x11C2},
	0xB07C:  {0x1101, 0x1175},
	0xB07D:  {0x1101, 0x1175, 0x11A8},
	0xB07E:  {0x1101, 0x1175, 0x11A9},
	0xB07F:  {0x1101, 0x1175, 0x11AA},
	0xB080:  {0x1101, 0x1175, 0x11AB},
	0xB081:  {0x1101, 0x1175, 0x11AC},
	0xB082:  {0x1101, 0x1175, 0x11AD},
	0xB083:  {0x1101, 0x1175, 0x11AE},
	0xB084:  {0x1101, 0x1175, 0x11AF},
	0xB085:  {0x1101, 0x1175, 0x11B0},
	0xB086:  {0x1101, 0x1175, 0x11B1},
	0xB087:  {0x1101, 0x1175, 0x11B2},
	0xB088:  {0x1101, 0x1175, 0x11B3},
	0xB089:  {0x1101, 0x1175, 0x11B4},
	0xB08A:  {0x1101, 0x1175, 0x11B5},
	0xB08B:  {0x1101, 0x1175, 0x11B6},
	0xB08C:  {0x1101, 0x1175, 0x11B7},
	0xB08D:  {0x1101, 0x1175, 0x11B8},
	0xB08E:  {0x1101, 0x1175, 0x11B9},
	0xB08F:  {0x1101, 0x1175, 0x11BA},
	0xB090:  {0x1101, 0x1175, 0x11BB},
	0xB091:  {0x1101, 0x1175, 0x11BC},
	0xB092:  {0x1101, 0x1175, 0x11BD},
	0xB093:  {0x1101, 0x1175, 0x11BE},
	0xB094:  {0x1101, 0x1175, 0x11BF},
	0xB095:  {0x1101, 0x1175, 0x11C0},
	0xB096:  {0x1101, 0x1175, 0x11C1},
	0xB097:  {0x1101, 0x1175, 0x11C2},
	0xB098:  {0x1102, 0x1161},
	0xB099:  {0x1102, 0x1161, 0x11A8},
	0xB09A:  {0x1102, 0x1161, 0x11A9},
	0xB09B:  {0x1102, 0x1161, 0x11AA},
	0xB09C:  {0x1102, 0x1161, 0x11AB},
	0xB09D:  {0x1102, 0x1161, 0x11AC},
	0xB09E:  {0x1102, 0x1161, 0x11AD},
	0xB09F:  {0x1102, 0x1161, 0x11AE},
	0xB0A0:  {0x1102, 0x1161, 0x11AF},
	0xB0A1:  {0x1102, 0x1161, 0x11B0},
	0xB0A2:  {0x1102, 0x1161, 0x11B1},
	0xB0A3:  {0x1102, 0x1161, 0x11B2},
	0xB0A4:  {0x1102, 0x1161, 0x11B3},
	0xB0A5:  {0x1102, 0x1161, 0x11B4},
	0xB0A6:  {0x1102, 0x1161, 0x11B5},
	0xB0A7:  {0x1102, 0x1161, 0x11B6},
	0xB0A8:  {0x1102, 0x1161, 0x11B7},
	0xB0A9:  {0x1102, 0x1161, 0x11B8},
	0xB0AA:  {0x1102, 0x1161, 0x11B9},
	0xB0AB:  {0x1102, 0x1161, 0x11BA},
	0xB0AC:  {0x1102, 0x1161, 0x11BB},
	0xB0AD:  {0x1102, 0x1161, 0x11BC},
	0xB0AE:  {0x1102, 0x1161, 0x11BD},
	0xB0AF:  {0x1102, 0x1161, 0x11BE},
	0xB0B0:  {0x1102, 0x1161, 0x11BF},
	0xB0B1:  {0x1102, 0x1161, 0x11C0},
	0xB0B2:  {0x1102, 0x1161, 0x11C1},
	0xB0B3:  {0x1102, 0x1161, 0x11C2},
	0xB0B4:  {0x1102, 0x1162},
	0xB0B5:  {0x1102, 0x1162, 0x11A8},
	0xB0B6:  {0x1102, 0x1162, 0x11A9},
	0xB0B7:  {0x1102, 0x1162, 0x11AA},
	0xB0B8:  {0x1102, 0x1162, 0x11AB},
	0xB0B9:  {0x1102, 0x1162, 0x11AC},
	0xB0BA:  {0x1102, 0x1162, 0x11AD},
	0xB0BB:  {0x1102, 0x1162, 0x11AE},
	0xB0BC:  {0x1102, 0x1162, 0x11AF},
	0xB0BD:  {0x1102, 0x1162, 0x11B0},
	0xB0BE:  {0x1102, 0x1162, 0x11B1},
	0xB0BF:  {0x1102, 0x1162, 0x11B2},
	0xB0C0:  {0x1102, 0x1162, 0x11B3},
	0xB0C1:  {0x1102, 0x1162, 0x11B4},
	0xB0C2:  {0x1102, 0x1162, 0x11B5},
	0xB0C3:  {0x1102, 0x1162, 0x11B6},
	0xB0C4:  {0x1102, 0x1162, 0x11B7},
	0xB0C5:  {0x1102, 0x1162, 0x11B8},
	0xB0C6:  {0x1102, 0x1162, 0x11B9},
	0xB0C7:  {0x1102, 0x1162, 0x11BA},
	0xB0C8:  {0x1102, 0x1162, 0x11BB},
	0xB0C9:  {0x1102, 0x1162, 0x11BC},
	0xB0CA:  {0x1102, 0x1162, 0x11BD},
	0xB0CB:  {0x1102, 0x1162, 0x11BE},
	0xB0CC:  {0x1102, 0x1162, 0x11BF},
	0xB0CD:  {0x1102, 0x1162, 0x11C0},
	0xB0CE:  {0x1102, 0x1162, 0x11C1},
	0xB0CF:  {0x1102, 0x1162, 0x11C2},
	0xB0D0:  {0x1102, 0x1163},
	0xB0D1:  {0x1102, 0x1163, 0x11A8},
	0xB0D2:  {0x1102, 0x1163, 0x11A9},
	0xB0D3:  {0x1102, 0x1163, 0x11AA},
	0xB0D4:  {0x1102, 0x1163, 0x11AB},
	0xB0D5:  {0x1102, 0x1163, 0x11AC},
	0xB0D6:  {0x1102, 0x1163, 0x11AD},
	0xB0D7:  {0x1102, 0x1163, 0x11AE},
	0xB0D8:  {0x1102, 0x1163, 0x11AF},
	0xB0D9:  {0x1102, 0x1163, 0x11B0},
	0xB0DA:  {0x1102, 0x1163, 0x11B1},
	0xB0DB:  {0x1102, 0x1163, 0x11B2},
	0xB0DC:  {0x1102, 0x1163, 0x11B3},
	0xB0DD:  {0x1102, 0x1163, 0x11B4},
	0xB0DE:  {0x1102, 0x1163, 0x11B5},
	0xB0DF:  {0x1102, 0x1163, 0x11B6},
	0xB0E0:  {0x1102, 0x1163, 0x11B7},
	0xB0E1:  {0x1102, 0x1163, 0x11B8},
	0xB0E2:  {0x1102, 0x1163, 0x11B9},
	0xB0E3:  {0x1102, 0x1163, 0x11BA},
	0xB0E4:  {0x1102, 0x1163, 0x11BB},
	0xB0E5:  {0x1102, 0x1163, 0x11BC},
	0xB0E6:  {0x1102, 0x1163, 0x11BD},
	0xB0E7:  {0x1102, 0x1163, 0x11BE},
	0xB0E8:  {0x1102, 0x1163, 0x11BF},
	0xB0E9:  {0x1102, 0x1163, 0x11C0},
	0xB0EA:  {0x1102, 0x1163, 0x11C1},
	0xB0EB:  {0x1102, 0x1163, 0x11C2},
	0xB0EC:  {0x1102, 0x1164},
	0xB0ED:  {0x1102, 0x1164, 0x11A8},
	0xB0EE:  {0x1102, 0x1164, 0x11A9},
	0xB0EF:  {0x1102, 0x1164, 0x11AA},
	0xB0F0:  {0x1102, 0x1164, 0x11AB},
	0xB0F1:  {0x1102, 0x1164, 0x11AC},
	0xB0F2:  {0x1102, 0x1164, 0x11AD},
	0xB0F3:  {0x1102, 0x1164, 0x11AE},
	0xB0F4:  {0x1102, 0x1164, 0x11AF},
	0xB0F5:  {0x1102, 0x1164, 0x11B0},
	0xB0F6:  {0x1102, 0x1164, 0x11B1},
	0xB0F7:  {0x1102, 0x1164, 0x11B2},
	0xB0F8:  {0x1102, 0x1164, 0x11B3},
	0xB0F9:  {0x1102, 0x1164, 0x11B4},
	0xB0FA:  {0x1102, 0x1164, 0x11B5},
	0xB0FB:  {0x1102, 0x1164, 0x11B6},
	0xB0FC:  {0x1102, 0x1164, 0x11B7},
	0xB0FD:  {0x1102, 0x1164, 0x11B8},
	0xB0FE:  {0x1102, 0x1164, 0x11B9},
	0xB0FF:  {0x1102, 0x1164, 0x11BA},
	0xB100:  {0x1102, 0x1164, 0x11BB},
	0xB101:  {0x1102, 0x1164, 0x11BC},
	0xB102:  {0x1102, 0x1164, 0x11BD},
	0xB103:  {0x1102, 0x1164, 0x11BE},
	0xB104:  {0x1102, 0x1164, 0x11BF},
	0xB105:  {0x1102, 0x1164, 0x11C0},
	0xB106:  {0x1102, 0x1164, 0x11C1},
	0xB107:  {0x1102, 0x1164, 0x11C2},
	0xB108:  {0x1102, 0x1165},
	0xB109:  {0x1102, 0x1165, 0x11A8},
	0xB10A:  {0x1102, 0x1165, 0x11A9},
	0xB10B:  {0x1102, 0x1165, 0x11AA},
	0xB10C:  {0x1102, 0x1165, 0x11AB},
	0xB10D:  {0x1102, 0x1165, 0x11AC},
	0xB10E:  {0x1102, 0x1165, 0x11AD},
	0xB10F:  {0x1102, 0x1165, 0x11AE},
	0xB110:  {0x1102, 0x1165, 0x11AF},
	0xB111:  {0x1102, 0x1165, 0x11B0},
	0xB112:  {0x1102, 0x1165, 0x11B1},
	0xB113:  {0x1102, 0x1165, 0x11B2},
	0xB114:  {0x1102, 0x1165, 0x11B3},
	0xB115:  {0x1102, 0x1165, 0x11B4},
	0xB116:  {0x1102, 0x1165, 0x11B5},
	0xB117:  {0x1102, 0x1165, 0x11B6},
	0xB118:  {0x1102, 0x1165, 0x11B7},
	0xB119:  {0x1102, 0x1165, 0x11B8},
	0xB11A:  {0x1102, 0x1165, 0x11B9},
	0xB11B:  {0x1102, 0x1165, 0x11BA},
	0xB11C:  {0x1102, 0x1165, 0x11BB},
	0xB11D:  {0x1102, 0x1165, 0x11BC},
	0xB11E:  {0x1102, 0x1165, 0x11BD},
	0xB11F:  {0x1102, 0x1165, 0x11BE},
	0xB120:  {0x1102, 0x1165, 0x11BF},
	0xB121:  {0x1102, 0x1165, 0x11C0},
	0xB122:  {0x1102, 0x1165, 0x11C1},
	0xB123:  {0x1102, 0x1165, 0x11C2},
	0xB124:  {0x1102, 0x1166},
	0xB125:  {0x1102, 0x1166, 0x11A8},
	0xB126:  {0x1102, 0x1166, 0x11A9},
	0xB127:  {0x1102, 0x1166, 0x11AA},
	0xB128:  {0x1102, 0x1166, 0x11AB},
	0xB129:  {0x1102, 0x1166, 0x11AC},
	0xB12A:  {0x1102, 0x1166, 0x11AD},
	0xB12B:  {0x1102, 0x1166, 0x11AE},
	0xB12C:  {0x1102, 0x1166, 0x11AF},
	0xB12D:  {0x1102, 0x1166, 0x11B0},
	0xB12E:  {0x1102, 0x1166, 0x11B1},
	0xB12F:  {0x1102, 0x1166, 0x11B2},
	0xB130:  {0x1102, 0x1166, 0x11B3},
	0xB131:  {0x1102, 0x1166, 0x11B4},
	0xB132:  {0x1102, 0x1166, 0x11B5},
	0xB133:  {0x1102, 0x1166, 0x11B6},
	0xB134:  {0x1102, 0x1166, 0x11B7},
	0xB135:  {0x1102, 0x1166, 0x11B8},
	0xB136:  {0x1102, 0x1166, 0x11B9},
	0xB137:  {0x1102, 0x1166, 0x11BA},
	0xB138:  {0x1102, 0x1166, 0x11BB},
	0xB139:  {0x1102, 0x1166, 0x11BC},
	0xB13A:  {0x1102, 0x1166, 0x11BD},
	0xB13B:  {0x1102, 0x1166, 0x11BE},
	0xB13C:  {0x1102, 0x1166, 0x11BF},
	0xB13D:  {0x1102, 0x1166, 0x11C0},
	0xB13E:  {0x1102, 0x1166, 0x11C1},
	0xB13F:  {0x1102, 0x1166, 0x11C2},
	0xB140:  {0x1102, 0x1167},
	0xB141:  {0x1102, 0x1167, 0x11A8},
	0xB142:  {0x1102, 0x1167, 0x11A9},
	0xB143:  {0x1102, 0x1167, 0x11AA},
	0xB144:  {0x1102, 0x1167, 0x11AB},
	0xB145:  {0x1102, 0x1167, 0x11AC},
	0xB146:  {0x1102, 0x1167, 0x11AD},
	0xB147:  {0x1102, 0x1167, 0x11AE},
	0xB148:  {0x1102, 0x1167, 0x11AF},
	0xB149:  {0x1102, 0x1167, 0x11B0},
	0xB14A:  {0x1102, 0x1167, 0x11B1},
	0xB14B:  {0x1102, 0x1167, 0x11B2},
	0xB14C:  {0x1102, 0x1167, 0x11B3},
	0xB14D:  {0x1102, 0x1167, 0x11B4},
	0xB14E:  {0x1102, 0x1167, 0x11B5},
	0xB14F:  {0x1102, 0x1167, 0x11B6},
	0xB150:  {0x1102, 0x1167, 0x11B7},
	0xB151:  {0x1102, 0x1167, 0x11B8},
	0xB152:  {0x1102, 0x1167, 0x11B9},
	0xB153:  {0x1102, 0x1167, 0x11BA},
	0xB154:  {0x1102, 0x1167, 0x11BB},
	0xB155:  {0x1102, 0x1167, 0x11BC},
	0xB156:  {0x1102, 0x1167, 0x11BD},
	0xB157:  {0x1102, 0x1167, 0x11BE},
	0xB158:  {0x1102, 0x1167, 0x11BF},
	0xB159:  {0x1102, 0x1167, 0x11C0},
	0xB15A:  {0x1102, 0x1167, 0x11C1},
	0xB15B:  {0x1102, 0x1167, 0x11C2},
	0xB15C:  {0x1102, 0x1168},
	0xB15D:  {0x1102, 0x1168, 0x11A8},
	0xB15E:  {0x1102, 0x1168, 0x11A9},
	0xB15F:  {0x1102, 0x1168, 0x11AA},
	0xB160:  {0x1102, 0x1168, 0x11AB},
	0xB161:  {0x1102, 0x1168, 0x11AC},
	0xB162:  {0x1102, 0x1168, 0x11AD},
	0xB163:  {0x1102, 0x1168, 0x11AE},
	0xB164:  {0x1102, 0x1168, 0x11AF},
	0xB165:  {0x1102, 0x1168, 0x11B0},
	0xB166:  {0x1102, 0x1168, 0x11B1},
	0xB167:  {0x1102, 0x1168, 0x11B2},
	0xB168:  {0x1102, 0x1168, 0x11B3},
	0xB169:  {0x1102, 0x1168, 0x11B4},
	0xB16A:  {0x1102, 0x1168, 0x11B5},
	0xB16B:  {0x1102, 0x1168, 0x11B6},
	0xB16C:  {0x1102, 0x1168, 0x11B7},
	0xB16D:  {0x1102, 0x1168, 0x11B8},
	0xB16E:  {0x1102, 0x1168, 0x11B9},
	0xB16F:  {0x1102, 0x1168, 0x11BA},
	0xB170:  {0x1102, 0x1168, 0x11BB},
	0xB171:  {0x1102, 0x1168, 0x11BC},
	0xB172:  {0x1102, 0x1168, 0x11BD},
	0xB173:  {0x1102, 0x1168, 0x11BE},
	0xB174:  {0x1102, 0x1168, 0x11BF},
	0xB175:  {0x1102, 0x1168, 0x11C0},
	0xB176:  {0x1102, 0x1168, 0x11C1},
	0xB177:  {0x1102, 0x1168, 0x11C2},
	0xB178:  {0x1102, 0x1169},
	0xB179:  {0x1102, 0x1169, 0x11A8},
	0xB17A:  {0x1102, 0x1169, 0x11A9},
	0xB17B:  {0x1102, 0x1169, 0x11AA},
	0xB17C:  {0x1102, 0x1169, 0x11AB},
	0xB17D:  {0x1102, 0x1169, 0x11AC},
	0xB17E:  {0x1102, 0x1169, 0x11AD},
	0xB17F:  {0x1102, 0x1169, 0x11AE},
	0xB180:  {0x1102, 0x1169, 0x11AF},
	0xB181:  {0x1102, 0x1169, 0x11B0},
	0xB182:  {0x1102, 0x1169, 0x11B1},
	0xB183:  {0x1102, 0x1169, 0x11B2},
	0xB184:  {0x1102, 0x1169, 0x11B3},
	0xB185:  {0x1102, 0x1169, 0x11B4},
	0xB186:  {0x1102, 0x1169, 0x11B5},
	0xB187:  {0x1102, 0x1169, 0x11B6},
	0xB188:  {0x1102, 0x1169, 0x11B7},
	0xB189:  {0x1102, 0x1169, 0x11B8},
	0xB18A:  {0x1102, 0x1169, 0x11B9},
	0xB18B:  {0x1102, 0x1169, 0x11BA},
	0xB18C:  {0x1102, 0x1169, 0x11BB},
	0xB18D:  {0x1102, 0x1169, 0x11BC},
	0xB18E:  {0x1102, 0x1169, 0x11BD},
	0xB18F:  {0x1102, 0x1169, 0x11BE},
	0xB190:  {0x1102, 0x1169, 0x11BF},
	0xB191:  {0x1102, 0x1169, 0x11C0},
	0xB192:  {0x1102, 0x1169, 0x11C1},
	0xB193:  {0x1102, 0x1169, 0x11C2},
	0xB194:  {0x1102, 0x116A},
	0xB195:  {0x1102, 0x116A, 0x11A8},
	0xB196:  {0x1102, 0x116A, 0x11A9},
	0xB197:  {0x1102, 0x116A, 0x11AA},
	0xB198:  {0x1102, 0x116A, 0x11AB},
	0xB199:  {0x1102, 0x116A, 0x11AC},
	0xB19A:  {0x1102, 0x116A, 0x11AD},
	0xB19B:  {0x1102, 0x116A, 0x11AE},
	0xB19C:  {0x1102, 0x116A, 0x11AF},
	0xB19D:  {0x1102, 0x116A, 0x11B0},
	0xB19E:  {0x1102, 0x116A, 0x11B1},
	0xB19F:  {0x1102, 0x116A, 0x11B2},
	0xB1A0:  {0x1102, 0x116A, 0x11B3},
	0xB1A1:  {0x1102, 0x116A, 0x11B4},
	0xB1A2:  {0x1102, 0x116A, 0x11B5},
	0xB1A3:  {0x1102, 0x116A, 0x11B6},
	0xB1A4:  {0x1102, 0x116A, 0x11B7},
	0xB1A5:  {0x1102, 0x116A, 0x11B8},
	0xB1A6:  {0x1102, 0x116A, 0x11B9},
	0xB1A7:  {0x1102, 0x116A, 0x11BA},
	0xB1A8:  {0x1102, 0x116A, 0x11BB},
	0xB1A9:  {0x1102, 0x116A, 0x11BC},
	0xB1AA:  {0x1102, 0x116A, 0x11BD},
	0xB1AB:  {0x1102, 0x116A, 0x11BE},
	0xB1AC:  {0x1102, 0x116A, 0x11BF},
	0xB1AD:  {0x1102, 0x116A, 0x11C0},
	0xB1AE:  {0x1102, 0x116A, 0x11C1},
	0xB1AF:  {0x1102, 0x116A, 0x11C2},
	0xB1B0:  {0x1102, 0x116B},
	0xB1B1:  {0x1102, 0x116B, 0x11A8},
	0xB1B2:  {0x1102, 0x116B, 0x11A9},
	0xB1B3:  {0x1102, 0x116B, 0x11AA},
	0xB1B4:  {0x1102, 0x116B, 0x11AB},
	0xB1B5:  {0x1102, 0x116B, 0x11AC},
	0xB1B6:  {0x1102, 0x116B, 0x11AD},
	0xB1B7:  {0x1102, 0x116B, 0x11AE},
	0xB1B8:  {0x1102, 0x116B, 0x11AF},
	0xB1B9:  {0x1102, 0x116B, 0x11B0},
	0xB1BA:  {0x1102, 0x116B, 0x11B1},
	0xB1BB:  {0x1102, 0x116B, 0x11B2},
	0xB1BC:  {0x1102, 0x116B, 0x11B3},
	0xB1BD:  {0x1102, 0x116B, 0x11B4},
	0xB1BE:  {0x1102, 0x116B, 0x11B5},
	0xB1BF:  {0x1102, 0x116B, 0x11B6},
	0xB1C0:  {0x1102, 0x116B, 0x11B7},
	0xB1C1:  {0x1102, 0x116B, 0x11B8},
	0xB1C2:  {0x1102, 0x116B, 0x11B9},
	0xB1C3:  {0x1102, 0x116B, 0x11BA},
	0xB1C4:  {0x1102, 0x116B, 0x11BB},
	0xB1C5:  {0x1102, 0x116B, 0x11BC},
	0xB1C6:  {0x1102, 0x116B, 0x11BD},
	0xB1C7:  {0x1102, 0x116B, 0x11BE},
	0xB1C8:  {0x1102, 0x116B, 0x11BF},
	0xB1C9:  {0x1102, 0x116B, 0x11C0},
	0xB1CA:  {0x1102, 0x116B, 0x11C1},
	0xB1CB:  {0x1102, 0x116B, 0x11C2},
	0xB1CC:  {0x1102, 0x116C},
	0xB1CD:  {0x1102, 0x116C, 0x11A8},
	0xB1CE:  {0x1102, 0x116C, 0x11A9},
	0xB1CF:  {0x1102, 0x116C, 0x11AA},
	0xB1D0:  {0x1102, 0x116C, 0x11AB},
	0xB1D1:  {0x1102, 0x116C, 0x11AC},
	0xB1D2:  {0x1102, 0x116C, 0x11AD},
	0xB1D3:  {0x1102, 0x116C, 0x11AE},
	0xB1D4:  {0x1102, 0x116C, 0x11AF},
	0xB1D5:  {0x1102, 0x116C, 0x11B0},
	0xB1D6:  {0x1102, 0x116C, 0x11B1},
	0xB1D7:  {0x1102, 0x116C, 0x11B2},
	0xB1D8:  {0x1102, 0x116C, 0x11B3},
	0xB1D9:  {0x1102, 0x116C, 0x11B4},
	0xB1DA:  {0x1102, 0x116C, 0x11B5},
	0xB1DB:  {0x1102, 0x116C, 0x11B6},
	0xB1DC:  {0x1102, 0x116C, 0x11B7},
	0xB1DD:  {0x1102, 0x116C, 0x11B8},
	0xB1DE:  {0x1102, 0x116C, 0x11B9},
	0xB1DF:  {0x1102, 0x116C, 0x11BA},
	0xB1E0:  {0x1102, 0x116C, 0x11BB},
	0xB1E1:  {0x1102, 0x116C, 0x11BC},
	0xB1E2:  {0x1102, 0x116C, 0x11BD},
	0xB1E3:  {0x1102, 0x116C, 0x11BE},
	0xB1E4:  {0x1102, 0x116C, 0x11BF},
	0xB1E5:  {0x1102, 0x116C, 0x11C0},
	0xB1E6:  {0x1102, 0x116C, 0x11C1},
	0xB1E7:  {0x1102, 0x116C, 0x11C2},
	0xB1E8:  {0x1102, 0x116D},
	0xB1E9:  {0x1102, 0x116D, 0x11A8},
	0xB1EA:  {0x1102, 0x116D, 0x11A9},
	0xB1EB:  {0x1102, 0x116D, 0x11AA},
	0xB1EC:  {0x1102, 0x116D, 0x11AB},
	0xB1ED:  {0x1102, 0x116D, 0x11AC},
	0xB1EE:  {0x1102, 0x116D, 0x11AD},
	0xB1EF:  {0x1102, 0x116D, 0x11AE},
	0xB1F0:  {0x1102, 0x116D, 0x11AF},
	0xB1F1:  {0x1102, 0x116D, 0x11B0},
	0xB1F2:  {0x1102, 0x116D, 0x11B1},
	0xB1F3:  {0x1102, 0x116D, 0x11B2},
	0xB1F4:  {0x1102, 0x116D, 0x11B3},
	0xB1F5:  {0x1102, 0x116D, 0x11B4},
	0xB1F6:  {0x1102, 0x116D, 0x11B5},
	0xB1F7:  {0x1102, 0x116D, 0x11B6},
	0xB1F8:  {0x1102, 0x116D, 0x11B7},
	0xB1F9:  {0x1102, 0x116D, 0x11B8},
	0xB1FA:  {0x1102, 0x116D, 0x11B9},
	0xB1FB:  {0x1102, 0x116D, 0x11BA},
	0xB1FC:  {0x1102, 0x116D, 0x11BB},
	0xB1FD:  {0x1102, 0x116D, 0x11BC},
	0xB1FE:  {0x1102, 0x116D, 0x11BD},
	0xB1FF:  {0x1102, 0x116D, 0x11BE},
	0xB200:  {0x1102, 0x116D, 0x11BF},
	0xB201:  {0x1102, 0x116D, 0x11C0},
	0xB202:  {0x1102, 0x116D, 0x11C1},
	0xB203:  {0x1102, 0x116D, 0x11C2},
	0xB204:  {0x1102, 0x116E},
	0xB205:  {0x1102, 0x116E, 0x11A8},
	0xB206:  {0x1102, 0x116E, 0x11A9},
	0xB207:  {0x1102, 0x116E, 0x11AA},
	0xB208:  {0x1102, 0x116E, 0x11AB},
	0xB209:  {0x1102, 0x116E, 0x11AC},
	0xB20A:  {0x1102, 0x116E, 0x11AD},
	0xB20B:  {0x1102, 0x116E, 0x11AE},
	0xB20C:  {0x1102, 0x116E, 0x11AF},
	0xB20D:  {0x1102, 0x116E, 0x11B0},
	0xB20E:  {0x1102, 0x116E, 0x11B1},
	0xB20F:  {0x1102, 0x116E, 0x11B2},
	0xB210:  {0x1102, 0x116E, 0x11B3},
	0xB211:  {0x1102, 0x116E, 0x11B4},
	0xB212:  {0x1102, 0x116E, 0x11B5},
	0xB213:  {0x1102, 0x116E, 0x11B6},
	0xB214:  {0x1102, 0x116E, 0x11B7},
	0xB215:  {0x1102, 0x116E, 0x11B8},
	0xB216:  {0x1102, 0x116E, 0x11B9},
	0xB217:  {0x1102, 0x116E, 0x11BA},
	0xB218:  {0x1102, 0x116E, 0x11BB},
	0xB219:  {0x1102, 0x116E, 0x11BC},
	0xB21A:  {0x1102, 0x116E, 0x11BD},
	0xB21B:  {0x1102, 0x116E, 0x11BE},
	0xB21C:  {0x1102, 0x116E, 0x11BF},
	0xB21D:  {0x1102, 0x116E, 0x11C0},
	0xB21E:  {0x1102, 0x116E, 0x11C1},
	0xB21F:  {0x1102, 0x116E, 0x11C2},
	0xB220:  {0x1102, 0x116F},
	0xB221:  {0x1102, 0x116F, 0x11A8},
	0xB222:  {0x1102, 0x116F, 0x11A9},
	0xB223:  {0x1102, 0x116F, 0x11AA},
	0xB224:  {0x1102, 0x116F, 0x11AB},
	0xB225:  {0x1102, 0x116F, 0x11AC},
	0xB226:  {0x1102, 0x116F, 0x11AD},
	0xB227:  {0x1102, 0x116F, 0x11AE},
	0xB228:  {0x1102, 0x116F, 0x11AF},
	0xB229:  {0x1102, 0x116F, 0x11B0},
	0xB22A:  {0x1102, 0x116F, 0x11B1},
	0xB22B:  {0x1102, 0x116F, 0x11B2},
	0xB22C:  {0x1102, 0x116F, 0x11B3},
	0xB22D:  {0x1102, 0x116F, 0x11B4},
	0xB22E:  {0x1102, 0x116F, 0x11B5},
	0xB22F:  {0x1102, 0x116F, 0x11B6},
	0xB230:  {0x1102, 0x116F, 0x11B7},
	0xB231:  {0x1102, 0x116F, 0x11B8},
	0xB232:  {0x1102, 0x116F, 0x11B9},
	0xB233:  {0x1102, 0x116F, 0x11BA},
	0xB234:  {0x1102, 0x116F, 0x11BB},
	0xB235:  {0x1102, 0x116F, 0x11BC},
	0xB236:  {0x1102, 0x116F, 0x11BD},
	0xB237:  {0x1102, 0x116F, 0x11BE},
	0xB238:  {0x1102, 0x116F, 0x11BF},
	0xB239:  {0x1102, 0x116F, 0x11C0},
	0xB23A:  {0x1102, 0x116F, 0x11C1},
	0xB23B:  {0x1102, 0x116F, 0x11C2},
	0xB23C:  {0x1102, 0x1170},
	0xB23D:  {0x1102, 0x1170, 0x11A8},
	0xB23E:  {0x1102, 0x1170, 0x11A9},
	0xB23F:  {0x1102, 0x1170, 0x11AA},
	0xB240:  {0x1102, 0x1170, 0x11AB},
	0xB241:  {0x1102, 0x1170, 0x11AC},
	0xB242:  {0x1102, 0x1170, 0x11AD},
	0xB243:  {0x1102, 0x1170, 0x11AE},
	0xB244:  {0x1102, 0x1170, 0x11AF},
	0xB245:  {0x1102, 0x1170, 0x11B0},
	0xB246:  {0x1102, 0x1170, 0x11B1},
	0xB247:  {0x1102, 0x1170, 0x11B2},
	0xB248:  {0x1102, 0x1170, 0x11B3},
	0xB249:  {0x1102, 0x1170, 0x11B4},
	0xB24A:  {0x1102, 0x1170, 0x11B5},
	0xB24B:  {0x1102, 0x1170, 0x11B6},
	0xB24C:  {0x1102, 0x1170, 0x11B7},
	0xB24D:  {0x1102, 0x1170, 0x11B8},
	0xB24E:  {0x1102, 0x1170, 0x11B9},
	0xB24F:  {0x1102, 0x1170, 0x11BA},
	0xB250:  {0x1102, 0x1170, 0x11BB},
	0xB251:  {0x1102, 0x1170, 0x11BC},
	0xB252:  {0x1102, 0x1170, 0x11BD},
	0xB253:  {0x1102, 0x1170, 0x11BE},
	0xB254:  {0x1102, 0x1170, 0x11BF},
	0xB255:  {0x1102, 0x1170, 0x11C0},
	0xB256:  {0x1102, 0x1170, 0x11C1},
	0xB257:  {0x1102, 0x1170, 0x11C2},
	0xB258:  {0x1102, 0x1171},
	0xB259:  {0x1102, 0x1171, 0x11A8},
	0xB25A:  {0x1102, 0x1171, 0x11A9},
	0xB25B:  {0x1102, 0x1171, 0x11AA},
	0xB25C:  {0x1102, 0x1171, 0x11AB},
	0xB25D:  {0x1102, 0x1171, 0x11AC},
	0xB25E:  {0x1102, 0x1171, 0x11AD},
	0xB25F:  {0x1102, 0x1171, 0x11AE},
	0xB260:  {0x1102, 0x1171, 0x11AF},
	0xB261:  {0x1102, 0x1171, 0x11B0},
	0xB262:  {0x1102, 0x1171, 0x11B1},
	0xB263:  {0x1102, 0x1171, 0x11B2},
	0xB264:  {0x1102, 0x1171, 0x11B3},
	0xB265:  {0x1102, 0x1171, 0x11B4},
	0xB266:  {0x1102, 0x1171, 0x11B5},
	0xB267:  {0x1102, 0x1171, 0x11B6},
	0xB268:  {0x1102, 0x1171, 0x11B7},
	0xB269:  {0x1102, 0x1171, 0x11B8},
	0xB26A:  {0x1102, 0x1171, 0x11B9},
	0xB26B:  {0x1102, 0x1171, 0x11BA},
	0xB26C:  {0x1102, 0x1171, 0x11BB},
	0xB26D:  {0x1102, 0x1171, 0x11BC},
	0xB26E:  {0x1102, 0x1171, 0x11BD},
	0xB26F:  {0x1102, 0x1171, 0x11BE},
	0xB270:  {0x1102, 0x1171, 0x11BF},
	0xB271:  {0x1102, 0x1171, 0x11C0},
	0xB272:  {0x1102, 0x1171, 0x11C1},
	0xB273:  {0x1102, 0x1171, 0x11C2},
	0xB274:  {0x1102, 0x1172},
	0xB275:  {0x1102, 0x1172, 0x11A8},
	0xB276:  {0x1102, 0x1172, 0x11A9},
	0xB277:  {0x1102, 0x1172, 0x11AA},
	0xB278:  {0x1102, 0x1172, 0x11AB},
	0xB279:  {0x1102, 0x1172, 0x11AC},
	0xB27A:  {0x1102, 0x1172, 0x11AD},
	0xB27B:  {0x1102, 0x1172, 0x11AE},
	0xB27C:  {0x1102, 0x1172, 0x11AF},
	0xB27D:  {0x1102, 0x1172, 0x11B0},
	0xB27E:  {0x1102, 0x1172, 0x11B1},
	0xB27F:  {0x1102, 0x1172, 0x11B2},
	0xB280:  {0x1102, 0x1172, 0x11B3},
	0xB281:  {0x1102, 0x1172, 0x11B4},
	0xB282:  {0x1102, 0x1172, 0x11B5},
	0xB283:  {0x1102, 0x1172, 0x11B6},
	0xB284:  {0x1102, 0x1172, 0x11B7},
	0xB285:  {0x1102, 0x1172, 0x11B8},
	0xB286:  {0x1102, 0x1172, 0x11B9},
	0xB287:  {0x1102, 0x1172, 0x11BA},
	0xB288:  {0x1102, 0x1172, 0x11BB},
	0xB289:  {0x1102, 0x1172, 0x11BC},
	0xB28A:  {0x1102, 0x1172, 0x11BD},
	0xB28B:  {0x1102, 0x1172, 0x11BE},
	0xB28C:  {0x1102, 0x1172, 0x11BF},
	0xB28D:  {0x1102, 0x1172, 0x11C0},
	0xB28E:  {0x1102, 0x1172, 0x11C1},
	0xB28F:  {0x1102, 0x1172, 0x11C2},
	0xB290:  {0x1102, 0x1173},
	0xB291:  {0x1102, 0x1173, 0x11A8},
	0xB292:  {0x1102, 0x1173, 0x11A9},
	0xB293:  {0x1102, 0x1173, 0x11AA},
	0xB294:  {0x1102, 0x1173, 0x11AB},
	0xB295:  {0x1102, 0x1173, 0x11AC},
	0xB296:  {0x1102, 0x1173, 0x11AD},
	0xB297:  {0x1102, 0x1173, 0x11AE},
	0xB298:  {0x1102, 0x1173, 0x11AF},
	0xB299:  {0x1102, 0x1173, 0x11B0},
	0xB29A:  {0x1102, 0x1173, 0x11B1},
	0xB29B:  {0x1102, 0x1173, 0x11B2},
	0xB29C:  {0x1102, 0x1173, 0x11B3},
	0xB29D:  {0x1102, 0x1173, 0x11B4},
	0xB29E:  {0x1102, 0x1173, 0x11B5},
	0xB29F:  {0x1102, 0x1173, 0x11B6},
	0xB2A0:  {0x1102, 0x1173, 0x11B7},
	0xB2A1:  {0x1102, 0x1173, 0x11B8},
	0xB2A2:  {0x1102, 0x1173, 0x11B9},
	0xB2A3:  {0x1102, 0x1173, 0x11BA},
	0xB2A4:  {0x1102, 0x1173, 0x11BB},
	0xB2A5:  {0x1102, 0x1173, 0x11BC},
	0xB2A6:  {0x1102, 0x1173, 0x11BD},
	0xB2A7:  {0x1102, 0x1173, 0x11BE},
	0xB2A8:  {0x1102, 0x1173, 0x11BF},
	0xB2A9:  {0x1102, 0x1173, 0x11C0},
	0xB2AA:  {0x1102, 0x1173, 0x11C1},
	0xB2AB:  {0x1102, 0x1173, 0x11C2},
	0xB2AC:  {0x1102, 0x1174},
	0xB2AD:  {0x1102, 0x1174, 0x11A8},
	0xB2AE:  {0x1102, 0x1174, 0x11A9},
	0xB2AF:  {0x1102, 0x1174, 0x11AA},
	0xB2B0:  {0x1102, 0x1174, 0x11AB},
	0xB2B1:  {0x1102, 0x1174, 0x11AC},
	0xB2B2:  {0x1102, 0x1174, 0x11AD},
	0xB2B3:  {0x1102, 0x1174, 0x11AE},
	0xB2B4:  {0x1102, 0x1174, 0x11AF},
	0xB2B5:  {0x1102, 0x1174, 0x11B0},
	0xB2B6:  {0x1102, 0x1174, 0x11B1},
	0xB2B7:  {0x1102, 0x1174, 0x11B2},
	0xB2B8:  {0x1102, 0x1174, 0x11B3},
	0xB2B9:  {0x1102, 0x1174, 0x11B4},
	0xB2BA:  {0x1102, 0x1174, 0x11B5},
	0xB2BB:  {0x1102, 0x1174, 0x11B6},
	0xB2BC:  {0x1102, 0x1174, 0x11B7},
	0xB2BD:  {0x1102, 0x1174, 0x11B8},
	0xB2BE:  {0x1102, 0x1174, 0x11B9},
	0xB2BF:  {0x1102, 0x1174, 0x11BA},
	0xB2C0:  {0x1102, 0x1174, 0x11BB},
	0xB2C1:  {0x1102, 0x1174, 0x11BC},
	0xB2C2:  {0x1102, 0x1174, 0x11BD},
	0xB2C3:  {0x1102, 0x1174, 0x11BE},
	0xB2C4:  {0x1102, 0x1174, 0x11BF},
	0xB2C5:  {0x1102, 0x1174, 0x11C0},
	0xB2C6:  {0x1102, 0x1174, 0x11C1},
	0xB2C7:  {0x1102, 0x1174, 0x11C2},
	0xB2C8:  {0x1102, 0x1175},
	0xB2C9:  {0x1102, 0x1175, 0x11A8},
	0xB2CA:  {0x1102, 0x1175, 0x11A9},
	0xB2CB:  {0x1102, 0x1175, 0x11AA},
	0xB2CC:  {0x1102, 0x1175, 0x11AB},
	0xB2CD:  {0x1102, 0x1175, 0x11AC},
	0xB2CE:  {0x1102, 0x1175, 0x11AD},
	0xB2CF:  {0x1102, 0x1175, 0x11AE},
	0xB2D0:  {0x1102, 0x1175, 0x11AF},
	0xB2D1:  {0x1102, 0x1175, 0x11B0},
	0xB2D2:  {0x1102, 0x1175, 0x11B1},
	0xB2D3:  {0x1102, 0x1175, 0x11B2},
	0xB2D4:  {0x1102, 0x1175, 0x11B3},
	0xB2D5:  {0x1102, 0x1175, 0x11B4},
	0xB2D6:  {0x1102, 0x1175, 0x11B5},
	0xB2D7:  {0x1102, 0x1175, 0x11B6},
	0xB2D8:  {0x1102, 0x1175, 0x11B7},
	0xB2D9:  {0x1102, 0x1175, 0x11B8},
	0xB2DA:  {0x1102, 0x1175, 0x11B9},
	0xB2DB:  {0x1102, 0x1175, 0x11BA},
	0xB2DC:  {0x1102, 0x1175, 0x11BB},
	0xB2DD:  {0x1102, 0x1175, 0x11BC},
	0xB2DE:  {0x1102, 0x1175, 0x11BD},
	0xB2DF:  {0x1102, 0x1175, 0x11BE},
	0xB2E0:  {0x1102, 0x1175, 0x11BF},
	0xB2E1:  {0x1102, 0x1175, 0x11C0},
	0xB2E2:  {0x1102, 0x1175, 0x11C1},
	0xB2E3:  {0x1102, 0x1175, 0x11C2},
	0xB2E4:  {0x1103, 0x1161},
	0xB2E5:  {0x1103, 0x1161, 0x11A8},
	0xB2E6:  {0x1103, 0x1161, 0x11A9},
	0xB2E7:  {0x1103, 0x1161, 0x11AA},
	0xB2E8:  {0x1103, 0x1161, 0x11AB},
	0xB2E9:  {0x1103, 0x1161, 0x11AC},
	0xB2EA:  {0x1103, 0x1161, 0x11AD},
	0xB2EB:  {0x1103, 0x1161, 0x11AE},
	0xB2EC:  {0x1103, 0x1161, 0x11AF},
	0xB2ED:  {0x1103, 0x1161, 0x11B0},
	0xB2EE:  {0x1103, 0x1161, 0x11B1},
	0xB2EF:  {0x1103, 0x1161, 0x11B2},
	0xB2F0:  {0x1103, 0x1161, 0x11B3},
	0xB2F1:  {0x1103, 0x1161, 0x11B4},
	0xB2F2:  {0x1103, 0x1161, 0x11B5},
	0xB2F3:  {0x1103, 0x1161, 0x11B6},
	0xB2F4:  {0x1103, 0x1161, 0x11B7},
	0xB2F5:  {0x1103, 0x1161, 0x11B8},
	0xB2F6:  {0x1103, 0x1161, 0x11B9},
	0xB2F7:  {0x1103, 0x1161, 0x11BA},
	0xB2F8:  {0x1103, 0x1161, 0x11BB},
	0xB2F9:  {0x1103, 0x1161, 0x11BC},
	0xB2FA:  {0x1103, 0x1161, 0x11BD},
	0xB2FB:  {0x1103, 0x1161, 0x11BE},
	0xB2FC:  {0x1103, 0x1161, 0x11BF},
	0xB2FD:  {0x1103, 0x1161, 0x11C0},
	0xB2FE:  {0x1103, 0x1161, 0x11C1},
	0xB2FF:  {0x1103, 0x1161, 0x11C2},
	0xB300:  {0x1103, 0x1162},
	0xB301:  {0x1103, 0x1162, 0x11A8},
	0xB302:  {0x1103, 0x1162, 0x11A9},
	0xB303:  {0x1103, 0x1162, 0x11AA},
	0xB304:  {0x1103, 0x1162, 0x11AB},
	0xB305:  {0x1103, 0x1162, 0x11AC},
	0xB306:  {0x1103, 0x1162, 0x11AD},
	0xB307:  {0x1103, 0x1162, 0x11AE},
	0xB308:  {0x1103, 0x1162, 0x11AF},
	0xB309:  {0x1103, 0x1162, 0x11B0},
	0xB30A:  {0x1103, 0x1162, 0x11B1},
	0xB30B:  {0x1103, 0x1162, 0x11B2},
	0xB30C:  {0x1103, 0x1162, 0x11B3},
	0xB30D:  {0x1103, 0x1162, 0x11B4},
	0xB30E:  {0x1103, 0x1162, 0x11B5},
	0xB30F:  {0x1103, 0x1162, 0x11B6},
	0xB310:  {0x1103, 0x1162, 0x11B7},
	0xB311:  {0x1103, 0x1162, 0x11B8},
	0xB312:  {0x1103, 0x1162, 0x11B9},
	0xB313:  {0x1103, 0x1162, 0x11BA},
	0xB314:  {0x1103, 0x1162, 0x11BB},
	0xB315:  {0x1103, 0x1162, 0x11BC},
	0xB316:  {0x1103, 0x1162, 0x11BD},
	0xB317:  {0x1103, 0x1162, 0x11BE},
	0xB318:  {0x1103, 0x1162, 0x11BF},
	0xB319:  {0x1103, 0x1162, 0x11C0},
	0xB31A:  {0x1103, 0x1162, 0x11C1},
	0xB31B:  {0x1103, 0x1162, 0x11C2},
	0xB31C:  {0x1103, 0x1163},
	0xB31D:  {0x1103, 0x1163, 0x11A8},
	0xB31E:  {0x1103, 0x1163, 0x11A9},
	0xB31F:  {0x1103, 0x1163, 0x11AA},
	0xB320:  {0x1103, 0x1163, 0x11AB},
	0xB321:  {0x1103, 0x1163, 0x11AC},
	0xB322:  {0x1103, 0x1163, 0x11AD},
	0xB323:  {0x1103, 0x1163, 0x11AE},
	0xB324:  {0x1103, 0x1163, 0x11AF},
	0xB325:  {0x1103, 0x1163, 0x11B0},
	0xB326:  {0x1103, 0x1163, 0x11B1},
	0xB327:  {0x1103, 0x1163, 0x11B2},
	0xB328:  {0x1103, 0x1163, 0x11B3},
	0xB329:  {0x1103, 0x1163, 0x11B4},
	0xB32A:  {0x1103, 0x1163, 0x11B5},
	0xB32B:  {0x1103, 0x1163, 0x11B6},
	0xB32C:  {0x1103, 0x1163, 0x11B7},
	0xB32D:  {0x1103, 0x1163, 0x11B8},
	0xB32E:  {0x1103, 0x1163, 0x11B9},
	0xB32F:  {0x1103, 0x1163, 0x11BA},
	0xB330:  {0x1103, 0x1163, 0x11BB},
	0xB331:  {0x1103, 0x1163, 0x11BC},
	0xB332:  {0x1103, 0x1163, 0x11BD},
	0xB333:  {0x1103, 0x1163, 0x11BE},
	0xB334:  {0x1103, 0x1163, 0x11BF},
	0xB335:  {0x1103, 0x1163, 0x11C0},
	0xB336:  {0x1103, 0x1163, 0x11C1},
	0xB337:  {0x1103, 0x1163, 0x11C2},
	0xB338:  {0x1103, 0x1164},
	0xB339:  {0x1103, 0x1164, 0x11A8},
	0xB33A:  {0x1103, 0x1164, 0x11A9},
	0xB33B:  {0x1103, 0x1164, 0x11AA},
	0xB33C:  {0x1103, 0x1164, 0x11AB},
	0xB33D:  {0x1103, 0x1164, 0x11AC},
	0xB33E:  {0x1103, 0x1164, 0x11AD},
	0xB33F:  {0x1103, 0x1164, 0x11AE},
	0xB340:  {0x1103, 0x1164, 0x11AF},
	0xB341:  {0x1103, 0x1164, 0x11B0},
	0xB342:  {0x1103, 0x1164, 0x11B1},
	0xB343:  {0x1103, 0x1164, 0x11B2},
	0xB344:  {0x1103, 0x1164, 0x11B3},
	0xB345:  {0x1103, 0x1164, 0x11B4},
	0xB346:  {0x1103, 0x1164, 0x11B5},
	0xB347:  {0x1103, 0x1164, 0x11B6},
	0xB348:  {0x1103, 0x1164, 0x11B7},
	0xB349:  {0x1103, 0x1164, 0x11B8},
	0xB34A:  {0x1103, 0x1164, 0x11B9},
	0xB34B:  {0x1103, 0x1164, 0x11BA},
	0xB34C:  {0x1103, 0x1164, 0x11BB},
	0xB34D:  {0x1103, 0x1164, 0x11BC},
	0xB34E:  {0x1103, 0x1164, 0x11BD},
	0xB34F:  {0x1103, 0x1164, 0x11BE},
	0xB350:  {0x1103, 0x1164, 0x11BF},
	0xB351:  {0x1103, 0x1164, 0x11C0},
	0xB352:  {0x1103, 0x1164, 0x11C1},
	0xB353:  {0x1103, 0x1164, 0x11C2},
	0xB354:  {0x1103, 0x1165},
	0xB355:  {0x1103, 0x1165, 0x11A8},
	0xB356:  {0x1103, 0x1165, 0x11A9},
	0xB357:  {0x1103, 0x1165, 0x11AA},
	0xB358:  {0x1103, 0x1165, 0x11AB},
	0xB359:  {0x1103, 0x1165, 0x11AC},
	0xB35A:  {0x1103, 0x1165, 0x11AD},
	0xB35B:  {0x1103, 0x1165, 0x11AE},
	0xB35C:  {0x1103, 0x1165, 0x11AF},
	0xB35D:  {0x1103, 0x1165, 0x11B0},
	0xB35E:  {0x1103, 0x1165, 0x11B1},
	0xB35F:  {0x1103, 0x1165, 0x11B2},
	0xB360:  {0x1103, 0x1165, 0x11B3},
	0xB361:  {0x1103, 0x1165, 0x11B4},
	0xB362:  {0x1103, 0x1165, 0x11B5},
	0xB363:  {0x1103, 0x1165, 0x11B6},
	0xB364:  {0x1103, 0x1165, 0x11B7},
	0xB365:  {0x1103, 0x1165, 0x11B8},
	0xB366:  {0x1103, 0x1165, 0x11B9},
	0xB367:  {0x1103, 0x1165, 0x11BA},
	0xB368:  {0x1103, 0x1165, 0x11BB},
	0xB369:  {0x1103, 0x1165, 0x11BC},
	0xB36A:  {0x1103, 0x1165, 0x11BD},
	0xB36B:  {0x1103, 0x1165, 0x11BE},
	0xB36C:  {0x1103, 0x1165, 0x11BF},
	0xB36D:  {0x1103, 0x1165, 0x11C0},
	0xB36E:  {0x1103, 0x1165, 0x11C1},
	0xB36F:  {0x1103, 0x1165, 0x11C2},
	0xB370:  {0x1103, 0x1166},
	0xB371:  {0x1103, 0x1166, 0x11A8},
	0xB372:  {0x1103, 0x1166, 0x11A9},
	0xB373:  {0x1103, 0x1166, 0x11AA},
	0xB374:  {0x1103, 0x1166, 0x11AB},
	0xB375:  {0x1103, 0x1166, 0x11AC},
	0xB376:  {0x1103, 0x1166, 0x11AD},
	0xB377:  {0x1103, 0x1166, 0x11AE},
	0xB378:  {0x1103, 0x1166, 0x11AF},
	0xB379:  {0x1103, 0x1166, 0x11B0},
	0xB37A:  {0x1103, 0x1166, 0x11B1},
	0xB37B:  {0x1103, 0x1166, 0x11B2},
	0xB37C:  {0x1103, 0x1166, 0x11B3},
	0xB37D:  {0x1103, 0x1166, 0x11B4},
	0xB37E:  {0x1103, 0x1166, 0x11B5},
	0xB37F:  {0x1103, 0x1166, 0x11B6},
	0xB380:  {0x1103, 0x1166, 0x11B7},
	0xB381:  {0x1103, 0x1166, 0x11B8},
	0xB382:  {0x1103, 0x1166, 0x11B9},
	0xB383:  {0x1103, 0x1166, 0x11BA},
	0xB384:  {0x1103, 0x1166, 0x11BB},
	0xB385:  {0x1103, 0x1166, 0x11BC},
	0xB386:  {0x1103, 0x1166, 0x11BD},
	0xB387:  {0x1103, 0x1166, 0x11BE},
	0xB388:  {0x1103, 0x1166, 0x11BF},
	0xB389:  {0x1103, 0x1166, 0x11C0},
	0xB38A:  {0x1103, 0x1166, 0x11C1},
	0xB38B:  {0x1103, 0x1166, 0x11C2},
	0xB38C:  {0x1103, 0x1167},
	0xB38D:  {0x1103, 0x1167, 0x11A8},
	0xB38E:  {0x1103, 0x1167, 0x11A9},
	0xB38F:  {0x1103, 0x1167, 0x11AA},
	0xB390:  {0x1103, 0x1167, 0x11AB},
	0xB391:  {0x1103, 0x1167, 0x11AC},
	0xB392:  {0x1103, 0x1167, 0x11AD},
	0xB393:  {0x1103, 0x1167, 0x11AE},
	0xB394:  {0x1103, 0x1167, 0x11AF},
	0xB395:  {0x1103, 0x1167, 0x11B0},
	0xB396:  {0x1103, 0x1167, 0x11B1},
	0xB397:  {0x1103, 0x1167, 0x11B2},
	0xB398:  {0x1103, 0x1167, 0x11B3},
	0xB399:  {0x1103, 0x1167, 0x11B4},
	0xB39A:  {0x1103, 0x1167, 0x11B5},
	0xB39B:  {0x1103, 0x1167, 0x11B6},
	0xB39C:  {0x1103, 0x1167, 0x11B7},
	0xB39D:  {0x1103, 0x1167, 0x11B8},
	0xB39E:  {0x1103, 0x1167, 0x11B9},
	0xB39F:  {0x1103, 0x1167, 0x11BA},
	0xB3A0:  {0x1103, 0x1167, 0x11BB},
	0xB3A1:  {0x1103, 0x1167, 0x11BC},
	0xB3A2:  {0x1103, 0x1167, 0x11BD},
	0xB3A3:  {0x1103, 0x1167, 0x11BE},
	0xB3A4:  {0x1103, 0x1167, 0x11BF},
	0xB3A5:  {0x1103, 0x1167, 0x11C0},
	0xB3A6:  {0x1103, 0x1167, 0x11C1},
	0xB3A7:  {0x1103, 0x1167, 0x11C2},
	0xB3A8:  {0x1103, 0x1168},
	0xB3A9:  {0x1103, 0x1168, 0x11A8},
	0xB3AA:  {0x1103, 0x1168, 0x11A9},
	0xB3AB:  {0x1103, 0x1168, 0x11AA},
	0xB3AC:  {0x1103, 0x1168, 0x11AB},
	0xB3AD:  {0x1103, 0x1168, 0x11AC},
	0xB3AE:  {0x1103, 0x1168, 0x11AD},
	0xB3AF:  {0x1103, 0x1168, 0x11AE},
	0xB3B0:  {0x1103, 0x1168, 0x11AF},
	0xB3B1:  {0x1103, 0x1168, 0x11B0},
	0xB3B2:  {0x1103, 0x1168, 0x11B1},
	0xB3B3:  {0x1103, 0x1168, 0x11B2},
	0xB3B4:  {0x1103, 0x1168, 0x11B3},
	0xB3B5:  {0x1103, 0x1168, 0x11B4},
	0xB3B6:  {0x1103, 0x1168, 0x11B5},
	0xB3B7:  {0x1103, 0x1168, 0x11B6},
	0xB3B8:  {0x1103, 0x1168, 0x11B7},
	0xB3B9:  {0x1103, 0x1168, 0x11B8},
	0xB3BA:  {0x1103, 0x1168, 0x11B9},
	0xB3BB:  {0x1103, 0x1168, 0x11BA},
	0xB3BC:  {0x1103, 0x1168, 0x11BB},
	0xB3BD:  {0x1103, 0x1168, 0x11BC},
	0xB3BE:  {0x1103, 0x1168, 0x11BD},
	0xB3BF:  {0x1103, 0x1168, 0x11BE},
	0xB3C0:  {0x1103, 0x1168, 0x11BF},
	0xB3C1:  {0x1103, 0x1168, 0x11C0},
	0xB3C2:  {0x1103, 0x1168, 0x11C1},
	0xB3C3:  {0x1103, 0x1168, 0x11C2},
	0xB3C4:  {0x1103, 0x1169},
	0xB3C5:  {0x1103, 0x1169, 0x11A8},
	0xB3C6:  {0x1103, 0x1169, 0x11A9},
	0xB3C7:  {0x1103, 0x1169, 0x11AA},
	0xB3C8:  {0x1103, 0x1169, 0x11AB},
	0xB3C9:  {0x1103, 0x1169, 0x11AC},
	0xB3CA:  {0x1103, 0x1169, 0x11AD},
	0xB3CB:  {0x1103, 0x1169, 0x11AE},
	0xB3CC:  {0x1103, 0x1169, 0x11AF},
	0xB3CD:  {0x1103, 0x1169, 0x11B0},
	0xB3CE:  {0x1103, 0x1169, 0x11B1},
	0xB3CF:  {0x1103, 0x1169, 0x11B2},
	0xB3D0:  {0x1103, 0x1169, 0x11B3},
	0xB3D1:  {0x1103, 0x1169, 0x11B4},
	0xB3D2:  {0x1103, 0x1169, 0x11B5},
	0xB3D3:  {0x1103, 0x1169, 0x11B6},
	0xB3D4:  {0x1103, 0x1169, 0x11B7},
	0xB3D5:  {0x1103, 0x1169, 0x11B8},
	0xB3D6:  {0x1103, 0x1169, 0x11B9},
	0xB3D7:  {0x1103, 0x1169, 0x11BA},
	0xB3D8:  {0x1103, 0x1169, 0x11BB},
	0xB3D9:  {0x1103, 0x1169, 0x11BC},
	0xB3DA:  {0x1103, 0x1169, 0x11BD},
	0xB3DB:  {0x1103, 0x1169, 0x11BE},
	0xB3DC:  {0x1103, 0x1169, 0x11BF},
	0xB3DD:  {0x1103, 0x1169, 0x11C0},
	0xB3DE:  {0x1103, 0x1169, 0x11C1},
	0xB3DF:  {0x1103, 0x1169, 0x11C2},
	0xB3E0:  {0x1103, 0x116A},
	0xB3E1:  {0x1103, 0x116A, 0x11A8},
	0xB3E2:  {0x1103, 0x116A, 0x11A9},
	0xB3E3:  {0x1103, 0x116A, 0x11AA},
	0xB3E4:  {0x1103, 0x116A, 0x11AB},
	0xB3E5:  {0x1103, 0x116A, 0x11AC},
	0xB3E6:  {0x1103, 0x116A, 0x11AD},
	0xB3E7:  {0x1103, 0x116A, 0x11AE},
	0xB3E8:  {0x1103, 0x116A, 0x11AF},
	0xB3E9:  {0x1103, 0x116A, 0x11B0},
	0xB3EA:  {0x1103, 0x116A, 0x11B1},
	0xB3EB:  {0x1103, 0x116A, 0x11B2},
	0xB3EC:  {0x1103, 0x116A, 0x11B3},
	0xB3ED:  {0x1103, 0x116A, 0x11B4},
	0xB3EE:  {0x1103, 0x116A, 0x11B5},
	0xB3EF:  {0x1103, 0x116A, 0x11B6},
	0xB3F0:  {0x1103, 0x116A, 0x11B7},
	0xB3F1:  {0x1103, 0x116A, 0x11B8},
	0xB3F2:  {0x1103, 0x116A, 0x11B9},
	0xB3F3:  {0x1103, 0x116A, 0x11BA},
	0xB3F4:  {0x1103, 0x116A, 0x11BB},
	0xB3F5:  {0x1103, 0x116A, 0x11BC},
	0xB3F6:  {0x1103, 0x116A, 0x11BD},
	0xB3F7:  {0x1103, 0x116A, 0x11BE},
	0xB3F8:  {0x1103, 0x116A, 0x11BF},
	0xB3F9:  {0x1103, 0x116A, 0x11C0},
	0xB3FA:  {0x1103, 0x116A, 0x11C1},
	0xB3FB:  {0x1103, 0x116A, 0x11C2},
	0xB3FC:  {0x1103, 0x116B},
	0xB3FD:  {0x1103, 0x116B, 0x11A8},
	0xB3FE:  {0x1103, 0x116B, 0x11A9},
	0xB3FF:  {0x1103, 0x116B, 0x11AA},
	0xB400:  {0x1103, 0x116B, 0x11AB},
	0xB401:  {0x1103, 0x116B, 0x11AC},
	0xB402:  {0x1103, 0x116B, 0x11AD},
	0xB403:  {0x1103, 0x116B, 0x11AE},
	0xB404:  {0x1103, 0x116B, 0x11AF},
	0xB405:  {0x1103, 0x116B, 0x11B0},
	0xB406:  {0x1103, 0x116B, 0x11B1},
	0xB407:  {0x1103, 0x116B, 0x11B2},
	0xB408:  {0x1103, 0x116B, 0x11B3},
	0xB409:  {0x1103, 0x116B, 0x11B4},
	0xB40A:  {0x1103, 0x116B, 0x11B5},
	0xB40B:  {0x1103, 0x116B, 0x11B6},
	0xB40C:  {0x1103, 0x116B, 0x11B7},
	0xB40D:  {0x1103, 0x116B, 0x11B8},
	0xB40E:  {0x1103, 0x116B, 0x11B9},
	0xB40F:  {0x1103, 0x116B, 0x11BA},
	0xB410:  {0x1103, 0x116B, 0x11BB},
	0xB411:  {0x1103, 0x116B, 0x11BC},
	0xB412:  {0x1103, 0x116B, 0x11BD},
	0xB413:  {0x1103, 0x116B, 0x11BE},
	0xB414:  {0x1103, 0x116B, 0x11BF},
	0xB415:  {0x1103, 0x116B, 0x11C0},
	0xB416:  {0x1103, 0x116B, 0x11C1},
	0xB417:  {0x1103, 0x116B, 0x11C2},
	0xB418:  {0x1103, 0x116C},
	0xB419:  {0x1103, 0x116C, 0x11A8},
	0xB41A:  {0x1103, 0x116C, 0x11A9},
	0xB41B:  {0x1103, 0x116C, 0x11AA},
	0xB41C:  {0x1103, 0x116C, 0x11AB},
	0xB41D:  {0x1103, 0x116C, 0x11AC},
	0xB41E:  {0x1103, 0x116C, 0x11AD},
	0xB41F:  {0x1103, 0x116C, 0x11AE},
	0xB420:  {0x1103, 0x116C, 0x11AF},
	0xB421:  {0x1103, 0x116C, 0x11B0},
	0xB422:  {0x1103, 0x116C, 0x11B1},
	0xB423:  {0x1103, 0x116C, 0x11B2},
	0xB424:  {0x1103, 0x116C, 0x11B3},
	0xB425:  {0x1103, 0x116C, 0x11B4},
	0xB426:  {0x1103, 0x116C, 0x11B5},
	0xB427:  {0x1103, 0x116C, 0x11B6},
	0xB428:  {0x1103, 0x116C, 0x11B7},
	0xB429:  {0x1103, 0x116C, 0x11B8},
	0xB42A:  {0x1103, 0x116C, 0x11B9},
	0xB42B:  {0x1103, 0x116C, 0x11BA},
	0xB42C:  {0x1103, 0x116C, 0x11BB},
	0xB42D:  {0x1103, 0x116C, 0x11BC},
	0xB42E:  {0x1103, 0x116C, 0x11BD},
	0xB42F:  {0x1103, 0x116C, 0x11BE},
	0xB430:  {0x1103, 0x116C, 0x11BF},
	0xB431:  {0x1103, 0x116C, 0x11C0},
	0xB432:  {0x1103, 0x116C, 0x11C1},
	0xB433:  {0x1103, 0x116C, 0x11C2},
	0xB434:  {0x1103, 0x116D},
	0xB435:  {0x1103, 0x116D, 0x11A8},
	0xB436:  {0x1103, 0x116D, 0x11A9},
	0xB437:  {0x1103, 0x116D, 0x11AA},
	0xB438:  {0x1103, 0x116D, 0x11AB},
	0xB439:  {0x1103, 0x116D, 0x11AC},
	0xB43A:  {0x1103, 0x116D, 0x11AD},
	0xB43B:  {0x1103, 0x116D, 0x11AE},
	0xB43C:  {0x1103, 0x116D, 0x11AF},
	0xB43D:  {0x1103, 0x116D, 0x11B0},
	0xB43E:  {0x1103, 0x116D, 0x11B1},
	0xB43F:  {0x1103, 0x116D, 0x11B2},
	0xB440:  {0x1103, 0x116D, 0x11B3},
	0xB441:  {0x1103, 0x116D, 0x11B4},
	0xB442:  {0x1103, 0x116D, 0x11B5},
	0xB443:  {0x1103, 0x116D, 0x11B6},
	0xB444:  {0x1103, 0x116D, 0x11B7},
	0xB445:  {0x1103, 0x116D, 0x11B8},
	0xB446:  {0x1103, 0x116D, 0x11B9},
	0xB447:  {0x1103, 0x116D, 0x11BA},
	0xB448:  {0x1103, 0x116D, 0x11BB},
	0xB449:  {0x1103, 0x116D, 0x11BC},
	0xB44A:  {0x1103, 0x116D, 0x11BD},
	0xB44B:  {0x1103, 0x116D, 0x11BE},
	0xB44C:  {0x1103, 0x116D, 0x11BF},
	0xB44D:  {0x1103, 0x116D, 0x11C0},
	0xB44E:  {0x1103, 0x116D, 0x11C1},
	0xB44F:  {0x1103, 0x116D, 0x11C2},
	0xB450:  {0x1103, 0x116E},
	0xB451:  {0x1103, 0x116E, 0x11A8},
	0xB452:  {0x1103, 0x116E, 0x11A9},
	0xB453:  {0x1103, 0x116E, 0x11AA},
	0xB454:  {0x1103, 0x116E, 0x11AB},
	0xB455:  {0x1103, 0x116E, 0x11AC},
	0xB456:  {0x1103, 0x116E, 0x11AD},
	0xB457:  {0x1103, 0x116E, 0x11AE},
	0xB458:  {0x1103, 0x116E, 0x11AF},
	0xB459:  {0x1103, 0x116E, 0x11B0},
	0xB45A:  {0x1103, 0x116E, 0x11B1},
	0xB45B:  {0x1103, 0x116E, 0x11B2},
	0xB45C:  {0x1103, 0x116E, 0x11B3},
	0xB45D:  {0x1103, 0x116E, 0x11B4},
	0xB45E:  {0x1103, 0x116E, 0x11B5},
	0xB45F:  {0x1103, 0x116E, 0x11B6},
	0xB460:  {0x1103, 0x116E, 0x11B7},
	0xB461:  {0x1103, 0x116E, 0x11B8},
	0xB462:  {0x1103, 0x116E, 0x11B9},
	0xB463:  {0x1103, 0x116E, 0x11BA},
	0xB464:  {0x1103, 0x116E, 0x11BB},
	0xB465:  {0x1103, 0x116E, 0x11BC},
	0xB466:  {0x1103, 0x116E, 0x11BD},
	0xB467:  {0x1103, 0x116E, 0x11BE},
	0xB468:  {0x1103, 0x116E, 0x11BF},
	0xB469:  {0x1103, 0x116E, 0x11C0},
	0xB46A:  {0x1103, 0x116E, 0x11C1},
	0xB46B:  {0x1103, 0x116E, 0x11C2},
	0xB46C:  {0x1103, 0x116F},
	0xB46D:  {0x1103, 0x116F, 0x11A8},
	0xB46E:  {0x1103, 0x116F, 0x11A9},
	0xB46F:  {0x1103, 0x116F, 0x11AA},
	0xB470:  {0x1103, 0x116F, 0x11AB},
	0xB471:  {0x1103, 0x116F, 0x11AC},
	0xB472:  {0x1103, 0x116F, 0x11AD},
	0xB473:  {0x1103, 0x116F, 0x11AE},
	0xB474:  {0x1103, 0x116F, 0x11AF},
	0xB475:  {0x1103, 0x116F, 0x11B0},
	0xB476:  {0x1103, 0x116F, 0x11B1},
	0xB477:  {0x1103, 0x116F, 0x11B2},
	0xB478:  {0x1103, 0x116F, 0x11B3},
	0xB479:  {0x1103, 0x116F, 0x11B4},
	0xB47A:  {0x1103, 0x116F, 0x11B5},
	0xB47B:  {0x1103, 0x116F, 0x11B6},
	0xB47C:  {0x1103, 0x116F, 0x11B7},
	0xB47D:  {0x1103, 0x116F, 0x11B8},
	0xB47E:  {0x1103, 0x116F, 0x11B9},
	0xB47F:  {0x1103, 0x116F, 0x11BA},
	0xB480:  {0x1103, 0x116F, 0x11BB},
	0xB481:  {0x1103, 0x116F, 0x11BC},
	0xB482:  {0x1103, 0x116F, 0x11BD},
	0xB483:  {0x1103, 0x116F, 0x11BE},
	0xB484:  {0x1103, 0x116F, 0x11BF},
	0xB485:  {0x1103, 0x116F, 0x11C0},
	0xB486:  {0x1103, 0x116F, 0x11C1},
	0xB487:  {0x1103, 0x116F, 0x11C2},
	0xB488:  {0x1103, 0x1170},
	0xB489:  {0x1103, 0x1170, 0x11A8},
	0xB48A:  {0x1103, 0x1170, 0x11A9},
	0xB48B:  {0x1103, 0x1170, 0x11AA},
	0xB48C:  {0x1103, 0x1170, 0x11AB},
	0xB48D:  {0x1103, 0x1170, 0x11AC},
	0xB48E:  {0x1103, 0x1170, 0x11AD},
	0xB48F:  {0x1103, 0x1170, 0x11AE},
	0xB490:  {0x1103, 0x1170, 0x11AF},
	0xB491:  {0x1103, 0x1170, 0x11B0},
	0xB492:  {0x1103, 0x1170, 0x11B1},
	0xB493:  {0x1103, 0x1170, 0x11B2},
	0xB494:  {0x1103, 0x1170, 0x11B3},
	0xB495:  {0x1103, 0x1170, 0x11B4},
	0xB496:  {0x1103, 0x1170, 0x11B5},
	0xB497:  {0x1103, 0x1170, 0x11B6},
	0xB498:  {0x1103, 0x1170, 0x11B7},
	0xB499:  {0x1103, 0x1170, 0x11B8},
	0xB49A:  {0x1103, 0x1170, 0x11B9},
	0xB49B:  {0x1103, 0x1170, 0x11BA},
	0xB49C:  {0x1103, 0x1170, 0x11BB},
	0xB49D:  {0x1103, 0x1170, 0x11BC},
	0xB49E:  {0x1103, 0x1170, 0x11BD},
	0xB49F:  {0x1103, 0x1170, 0x11BE},
	0xB4A0:  {0x1103, 0x1170, 0x11BF},
	0xB4A1:  {0x1103, 0x1170, 0x11C0},
	0xB4A2:  {0x1103, 0x1170, 0x11C1},
	0xB4A3:  {0x1103, 0x1170, 0x11C2},
	0xB4A4:  {0x1103, 0x1171},
	0xB4A5:  {0x1103, 0x1171, 0x11A8},
	0xB4A6:  {0x1103, 0x1171, 0x11A9},
	0xB4A7:  {0x1103, 0x1171, 0x11AA},
	0xB4A8:  {0x1103, 0x1171, 0x11AB},
	0xB4A9:  {0x1103, 0x1171, 0x11AC},
	0xB4AA:  {0x1103, 0x1171, 0x11AD},
	0xB4AB:  {0x1103, 0x1171, 0x11AE},
	0xB4AC:  {0x1103, 0x1171, 0x11AF},
	0xB4AD:  {0x1103, 0x1171, 0x11B0},
	0xB4AE:  {0x1103, 0x1171, 0x11B1},
	0xB4AF:  {0x1103, 0x1171, 0x11B2},
	0xB4B0:  {0x1103, 0x1171, 0x11B3},
	0xB4B1:  {0x1103, 0x1171, 0x11B4},
	0xB4B2:  {0x1103, 0x1171, 0x11B5},
	0xB4B3:  {0x1103, 0x1171, 0x11B6},
	0xB4B4:  {0x1103, 0x1171, 0x11B7},
	0xB4B5:  {0x1103, 0x1171, 0x11B8},
	0xB4B6:  {0x1103, 0x1171, 0x11B9},
	0xB4B7:  {0x1103, 0x1171, 0x11BA},
	0xB4B8:  {0x1103, 0x1171, 0x11BB},
	0xB4B9:  {0x1103, 0x1171, 0x11BC},
	0xB4BA:  {0x1103, 0x1171, 0x11BD},
	0xB4BB:  {0x1103, 0x1171, 0x11BE},
	0xB4BC:  {0x1103, 0x1171, 0x11BF},
	0xB4BD:  {0x1103, 0x1171, 0x11C0},
	0xB4BE:  {0x1103, 0x1171, 0x11C1},
	0xB4BF:  {0x1103, 0x1171, 0x11C2},
	0xB4C0:  {0x1103, 0x1172},
	0xB4C1:  {0x1103, 0x1172, 0x11A8},
	0xB4C2:  {0x1103, 0x1172, 0x11A9},
	0xB4C3:  {0x1103, 0x1172, 0x11AA},
	0xB4C4:  {0x1103, 0x1172, 0x11AB},
	0xB4C5:  {0x1103, 0x1172, 0x11AC},
	0xB4C6:  {0x1103, 0x1172, 0x11AD},
	0xB4C7:  {0x1103, 0x1172, 0x11AE},
	0xB4C8:  {0x1103, 0x1172, 0x11AF},
	0xB4C9:  {0x1103, 0x1172, 0x11B0},
	0xB4CA:  {0x1103, 0x1172, 0x11B1},
	0xB4CB:  {0x1103, 0x1172, 0x11B2},
	0xB4CC:  {0x1103, 0x1172, 0x11B3},
	0xB4CD:  {0x1103, 0x1172, 0x11B4},
	0xB4CE:  {0x1103, 0x1172, 0x11B5},
	0xB4CF:  {0x1103, 0x1172, 0x11B6},
	0xB4D0:  {0x1103, 0x1172, 0x11B7},
	0xB4D1:  {0x1103, 0x1172, 0x11B8},
	0xB4D2:  {0x1103, 0x1172, 0x11B9},
	0xB4D3:  {0x1103, 0x1172, 0x11BA},
	0xB4D4:  {0x1103, 0x1172, 0x11BB},
	0xB4D5:  {0x1103, 0x1172, 0x11BC},
	0xB4D6:  {0x1103, 0x1172, 0x11BD},
	0xB4D7:  {0x1103, 0x1172, 0x11BE},
	0xB4D8:  {0x1103, 0x1172, 0x11BF},
	0xB4D9:  {0x1103, 0x1172, 0x11C0},
	0xB4DA:  {0x1103, 0x1172, 0x11C1},
	0xB4DB:  {0x1103, 0x1172, 0x11C2},
	0xB4DC:  {0x1103, 0x1173},
	0xB4DD:  {0x1103, 0x1173, 0x11A8},
	0xB4DE:  {0x1103, 0x1173, 0x11A9},
	0xB4DF:  {0x1103, 0x1173, 0x11AA},
	0xB4E0:  {0x1103, 0x1173, 0x11AB},
	0xB4E1:  {0x1103, 0x1173, 0x11AC},
	0xB4E2:  {0x1103, 0x1173, 0x11AD},
	0xB4E3:  {0x1103, 0x1173, 0x11AE},
	0xB4E4:  {0x1103, 0x1173, 0x11AF},
	0xB4E5:  {0x1103, 0x1173, 0x11B0},
	0xB4E6:  {0x1103, 0x1173, 0x11B1},
	0xB4E7:  {0x1103, 0x1173, 0x11B2},
	0xB4E8:  {0x1103, 0x1173, 0x11B3},
	0xB4E9:  {0x1103, 0x1173, 0x11B4},
	0xB4EA:  {0x1103, 0x1173, 0x11B5},
	0xB4EB:  {0x1103, 0x1173, 0x11B6},
	0xB4EC:  {0x1103, 0x1173, 0x11B7},
	0xB4ED:  {0x1103, 0x1173, 0x11B8},
	0xB4EE:  {0x1103, 0x1173, 0x11B9},
	0xB4EF:  {0x1103, 0x1173, 0x11BA},
	0xB4F0:  {0x1103, 0x1173, 0x11BB},
	0xB4F1:  {0x1103, 0x1173, 0x11BC},
	0xB4F2:  {0x1103, 0x1173, 0x11BD},
	0xB4F3:  {0x1103, 0x1173, 0x11BE},
	0xB4F4:  {0x1103, 0x1173, 0x11BF},
	0xB4F5:  {0x1103, 0x1173, 0x11C0},
	0xB4F6:  {0x1103, 0x1173, 0x11C1},
	0xB4F7:  {0x1103, 0x1173, 0x11C2},
	0xB4F8:  {0x1103, 0x1174},
	0xB4F9:  {0x1103, 0x1174, 0x11A8},
	0xB4FA:  {0x1103, 0x1174, 0x11A9},
	0xB4FB:  {0x1103, 0x1174, 0x11AA},
	0xB4FC:  {0x1103, 0x1174, 0x11AB},
	0xB4FD:  {0x1103, 0x1174, 0x11AC},
	0xB4FE:  {0x1103, 0x1174, 0x11AD},
	0xB4FF:  {0x1103, 0x1174, 0x11AE},
	0xB500:  {0x1103, 0x1174, 0x11AF},
	0xB501:  {0x1103, 0x1174, 0x11B0},
	0xB502:  {0x1103, 0x1174, 0x11B1},
	0xB503:  {0x1103, 0x1174, 0x11B2},
	0xB504:  {0x1103, 0x1174, 0x11B3},
	0xB505:  {0x1103, 0x1174, 0x11B4},
	0xB506:  {0x1103, 0x1174, 0x11B5},
	0xB507:  {0x1103, 0x1174, 0x11B6},
	0xB508:  {0x1103, 0x1174, 0x11B7},
	0xB509:  {0x1103, 0x1174, 0x11B8},
	0xB50A:  {0x1103, 0x1174, 0x11B9},
	0xB50B:  {0x1103, 0x1174, 0x11BA},
	0xB50C:  {0x1103, 0x1174, 0x11BB},
	0xB50D:  {0x1103, 0x1174, 0x11BC},
	0xB50E:  {0x1103, 0x1174, 0x11BD},
	0xB50F:  {0x1103, 0x1174, 0x11BE},
	0xB510:  {0x1103, 0x1174, 0x11BF},
	0xB511:  {0x1103, 0x1174, 0x11C0},
	0xB512:  {0x1103, 0x1174, 0x11C1},
	0xB513:  {0x1103, 0x1174, 0x11C2},
	0xB514:  {0x1103, 0x1175},
	0xB515:  {0x1103, 0x1175, 0x11A8},
	0xB516:  {0x1103, 0x1175, 0x11A9},
	0xB517:  {0x1103, 0x1175, 0x11AA},
	0xB518:  {0x1103, 0x1175, 0x11AB},
	0xB519:  {0x1103, 0x1175, 0x11AC},
	0xB51A:  {0x1103, 0x1175, 0x11AD},
	0xB51B:  {0x1103, 0x1175, 0x11AE},
	0xB51C:  {0x1103, 0x1175, 0x11AF},
	0xB51D:  {0x1103, 0x1175, 0x11B0},
	0xB51E:  {0x1103, 0x1175, 0x11B1},
	0xB51F:  {0x1103, 0x1175, 0x11B2},
	0xB520:  {0x1103, 0x1175, 0x11B3},
	0xB521:  {0x1103, 0x1175, 0x11B4},
	0xB522:  {0x1103, 0x1175, 0x11B5},
	0xB523:  {0x1103, 0x1175, 0x11B6},
	0xB524:  {0x1103, 0x1175, 0x11B7},
	0xB525:  {0x1103, 0x1175, 0x11B8},
	0xB526:  {0x1103, 0x1175, 0x11B9},
	0xB527:  {0x1103, 0x1175, 0x11BA},
	0xB528:  {0x1103, 0x1175, 0x11BB},
	0xB529:  {0x1103, 0x1175, 0x11BC},
	0xB52A:  {0x1103, 0x1175, 0x11BD},
	0xB52B:  {0x1103, 0x1175, 0x11BE},
	0xB52C:  {0x1103, 0x1175, 0x11BF},
	0xB52D:  {0x1103, 0x1175, 0x11C0},
	0xB52E:  {0x1103, 0x1175, 0x11C1},
	0xB52F:  {0x1103, 0x1175, 0x11C2},
	0xB530:  {0x1104, 0x1161},
	0xB531:  {0x1104, 0x1161, 0x11A8},
	0xB532:  {0x1104, 0x1161, 0x11A9},
	0xB533:  {0x1104, 0x1161, 0x11AA},
	0xB534:  {0x1104, 0x1161, 0x11AB},
	0xB535:  {0x1104, 0x1161, 0x11AC},
	0xB536:  {0x1104, 0x1161, 0x11AD},
	0xB537:  {0x1104, 0x1161, 0x11AE},
	0xB538:  {0x1104, 0x1161, 0x11AF},
	0xB539:  {0x1104, 0x1161, 0x11B0},
	0xB53A:  {0x1104, 0x1161, 0x11B1},
	0xB53B:  {0x1104, 0x1161, 0x11B2},
	0xB53C:  {0x1104, 0x1161, 0x11B3},
	0xB53D:  {0x1104, 0x1161, 0x11B4},
	0xB53E:  {0x1104, 0x1161, 0x11B5},
	0xB53F:  {0x1104, 0x1161, 0x11B6},
	0xB540:  {0x1104, 0x1161, 0x11B7},
	0xB541:  {0x1104, 0x1161, 0x11B8},
	0xB542:  {0x1104, 0x1161, 0x11B9},
	0xB543:  {0x1104, 0x1161, 0x11BA},
	0xB544:  {0x1104, 0x1161, 0x11BB},
	0xB545:  {0x1104, 0x1161, 0x11BC},
	0xB546:  {0x1104, 0x1161, 0x11BD},
	0xB547:  {0x1104, 0x1161, 0x11BE},
	0xB548:  {0x1104, 0x1161, 0x11BF},
	0xB549:  {0x1104, 0x1161, 0x11C0},
	0xB54A:  {0x1104, 0x1161, 0x11C1},
	0xB54B:  {0x1104, 0x1161, 0x11C2},
	0xB54C:  {0x1104, 0x1162},
	0xB54D:  {0x1104, 0x1162, 0x11A8},
	0xB54E:  {0x1104, 0x1162, 0x11A9},
	0xB54F:  {0x1104, 0x1162, 0x11AA},
	0xB550:  {0x1104, 0x1162, 0x11AB},
	0xB551:  {0x1104, 0x1162, 0x11AC},
	0xB552:  {0x1104, 0x1162, 0x11AD},
	0xB553:  {0x1104, 0x1162, 0x11AE},
	0xB554:  {0x1104, 0x1162, 0x11AF},
	0xB555:  {0x1104, 0x1162, 0x11B0},
	0xB556:  {0x1104, 0x1162, 0x11B1},
	0xB557:  {0x1104, 0x1162, 0x11B2},
	0xB558:  {0x1104, 0x1162, 0x11B3},
	0xB559:  {0x1104, 0x1162, 0x11B4},
	0xB55A:  {0x1104, 0x1162, 0x11B5},
	0xB55B:  {0x1104, 0x1162, 0x11B6},
	0xB55C:  {0x1104, 0x1162, 0x11B7},
	0xB55D:  {0x1104, 0x1162, 0x11B8},
	0xB55E:  {0x1104, 0x1162, 0x11B9},
	0xB55F:  {0x1104, 0x1162, 0x11BA},
	0xB560:  {0x1104, 0x1162, 0x11BB},
	0xB561:  {0x1104, 0x1162, 0x11BC},
	0xB562:  {0x1104, 0x1162, 0x11BD},
	0xB563:  {0x1104, 0x1162, 0x11BE},
	0xB564:  {0x1104, 0x1162, 0x11BF},
	0xB565:  {0x1104, 0x1162, 0x11C0},
	0xB566:  {0x1104, 0x1162, 0x11C1},
	0xB567:  {0x1104, 0x1162, 0x11C2},
	0xB568:  {0x1104, 0x1163},
	0xB569:  {0x1104, 0x1163, 0x11A8},
	0xB56A:  {0x1104, 0x1163, 0x11A9},
	0xB56B:  {0x1104, 0x1163, 0x11AA},
	0xB56C:  {0x1104, 0x1163, 0x11AB},
	0xB56D:  {0x1104, 0x1163, 0x11AC},
	0xB56E:  {0x1104, 0x1163, 0x11AD},
	0xB56F:  {0x1104, 0x1163, 0x11AE},
	0xB570:  {0x1104, 0x1163, 0x11AF},
	0xB571:  {0x1104, 0x1163, 0x11B0},
	0xB572:  {0x1104, 0x1163, 0x11B1},
	0xB573:  {0x1104, 0x1163, 0x11B2},
	0xB574:  {0x1104, 0x1163, 0x11B3},
	0xB575:  {0x1104, 0x1163, 0x11B4},
	0xB576:  {0x1104, 0x1163, 0x11B5},
	0xB577:  {0x1104, 0x1163, 0x11B6},
	0xB578:  {0x1104, 0x1163, 0x11B7},
	0xB579:  {0x1104, 0x1163, 0x11B8},
	0xB57A:  {0x1104, 0x1163, 0x11B9},
	0xB57B:  {0x1104, 0x1163, 0x11BA},
	0xB57C:  {0x1104, 0x1163, 0x11BB},
	0xB57D:  {0x1104, 0x1163, 0x11BC},
	0xB57E:  {0x1104, 0x1163, 0x11BD},
	0xB57F:  {0x1104, 0x1163, 0x11BE},
	0xB580:  {0x1104, 0x1163, 0x11BF},
	0xB581:  {0x1104, 0x1163, 0x11C0},
	0xB582:  {0x1104, 0x1163, 0x11C1},
	0xB583:  {0x1104, 0x1163, 0x11C2},
	0xB584:  {0x1104, 0x1164},
	0xB585:  {0x1104, 0x1164, 0x11A8},
	0xB586:  {0x1104, 0x1164, 0x11A9},
	0xB587:  {0x1104, 0x1164, 0x11AA},
	0xB588:  {0x1104, 0x1164, 0x11AB},
	0xB589:  {0x1104, 0x1164, 0x11AC},
	0xB58A:  {0x1104, 0x1164, 0x11AD},
	0xB58B:  {0x1104, 0x1164, 0x11AE},
	0xB58C:  {0x1104, 0x1164, 0x11AF},
	0xB58D:  {0x1104, 0x1164, 0x11B0},
	0xB58E:  {0x1104, 0x1164, 0x11B1},
	0xB58F:  {0x1104, 0x1164, 0x11B2},
	0xB590:  {0x1104, 0x1164, 0x11B3},
	0xB591:  {0x1104, 0x1164, 0x11B4},
	0xB592:  {0x1104, 0x1164, 0x11B5},
	0xB593:  {0x1104, 0x1164, 0x11B6},
	0xB594:  {0x1104, 0x1164, 0x11B7},
	0xB595:  {0x1104, 0x1164, 0x11B8},
	0xB596:  {0x1104, 0x1164, 0x11B9},
	0xB597:  {0x1104, 0x1164, 0x11BA},
	0xB598:  {0x1104, 0x1164, 0x11BB},
	0xB599:  {0x1104, 0x1164, 0x11BC},
	0xB59A:  {0x1104, 0x1164, 0x11BD},
	0xB59B:  {0x1104, 0x1164, 0x11BE},
	0xB59C:  {0x1104, 0x1164, 0x11BF},
	0xB59D:  {0x1104, 0x1164, 0x11C0},
	0xB59E:  {0x1104, 0x1164, 0x11C1},
	0xB59F:  {0x1104, 0x1164, 0x11C2},
	0xB5A0:  {0x1104, 0x1165},
	0xB5A1:  {0x1104, 0x1165, 0x11A8},
	0xB5A2:  {0x1104, 0x1165, 0x11A9},
	0xB5A3:  {0x1104, 0x1165, 0x11AA},
	0xB5A4:  {0x1104, 0x1165, 0x11AB},
	0xB5A5:  {0x1104, 0x1165, 0x11AC},
	0xB5A6:  {0x1104, 0x1165, 0x11AD},
	0xB5A7:  {0x1104, 0x1165, 0x11AE},
	0xB5A8:  {0x1104, 0x1165, 0x11AF},
	0xB5A9:  {0x1104, 0x1165, 0x11B0},
	0xB5AA:  {0x1104, 0x1165, 0x11B1},
	0xB5AB:  {0x1104, 0x1165, 0x11B2},
	0xB5AC:  {0x1104, 0x1165, 0x11B3},
	0xB5AD:  {0x1104, 0x1165, 0x11B4},
	0xB5AE:  {0x1104, 0x1165, 0x11B5},
	0xB5AF:  {0x1104, 0x1165, 0x11B6},
	0xB5B0:  {0x1104, 0x1165, 0x11B7},
	0xB5B1:  {0x1104, 0x1165, 0x11B8},
	0xB5B2:  {0x1104, 0x1165, 0x11B9},
	0xB5B3:  {0x1104, 0x1165, 0x11BA},
	0xB5B4:  {0x1104, 0x1165, 0x11BB},
	0xB5B5:  {0x1104, 0x1165, 0x11BC},
	0xB5B6:  {0x1104, 0x1165, 0x11BD},
	0xB5B7:  {0x1104, 0x1165, 0x11BE},
	0xB5B8:  {0x1104, 0x1165, 0x11BF},
	0xB5B9:  {0x1104, 0x1165, 0x11C0},
	0xB5BA:  {0x1104, 0x1165, 0x11C1},
	0xB5BB:  {0x1104, 0x1165, 0x11C2},
	0xB5BC:  {0x1104, 0x1166},
	0xB5BD:  {0x1104, 0x1166, 0x11A8},
	0xB5BE:  {0x1104, 0x1166, 0x11A9},
	0xB5BF:  {0x1104, 0x1166, 0x11AA},
	0xB5C0:  {0x1104, 0x1166, 0x11AB},
	0xB5C1:  {0x1104, 0x1166, 0x11AC},
	0xB5C2:  {0x1104, 0x1166, 0x11AD},
	0xB5C3:  {0x1104, 0x1166, 0x11AE},
	0xB5C4:  {0x1104, 0x1166, 0x11AF},
	0xB5C5:  {0x1104, 0x1166, 0x11B0},
	0xB5C6:  {0x1104, 0x1166, 0x11B1},
	0xB5C7:  {0x1104, 0x1166, 0x11B2},
	0xB5C8:  {0x1104, 0x1166, 0x11B3},
	0xB5C9:  {0x1104, 0x1166, 0x11B4},
	0xB5CA:  {0x1104, 0x1166, 0x11B5},
	0xB5CB:  {0x1104, 0x1166, 0x11B6},
	0xB5CC:  {0x1104, 0x1166, 0x11B7},
	0xB5CD:  {0x1104, 0x1166, 0x11B8},
	0xB5CE:  {0x1104, 0x1166, 0x11B9},
	0xB5CF:  {0x1104, 0x1166, 0x11BA},
	0xB5D0:  {0x1104, 0x1166, 0x11BB},
	0xB5D1:  {0x1104, 0x1166, 0x11BC},
	0xB5D2:  {0x1104, 0x1166, 0x11BD},
	0xB5D3:  {0x1104, 0x1166, 0x11BE},
	0xB5D4:  {0x1104, 0x1166, 0x11BF},
	0xB5D5:  {0x1104, 0x1166, 0x11C0},
	0xB5D6:  {0x1104, 0x1166, 0x11C1},
	0xB5D7:  {0x1104, 0x1166, 0x11C2},
	0xB5D8:  {0x1104, 0x1167},
	0xB5D9:  {0x1104, 0x1167, 0x11A8},
	0xB5DA:  {0x1104, 0x1167, 0x11A9},
	0xB5DB:  {0x1104, 0x1167, 0x11AA},
	0xB5DC:  {0x1104, 0x1167, 0x11AB},
	0xB5DD:  {0x1104, 0x1167, 0x11AC},
	0xB5DE:  {0x1104, 0x1167, 0x11AD},
	0xB5DF:  {0x1104, 0x1167, 0x11AE},
	0xB5E0:  {0x1104, 0x1167, 0x11AF},
	0xB5E1:  {0x1104, 0x1167, 0x11B0},
	0xB5E2:  {0x1104, 0x1167, 0x11B1},
	0xB5E3:  {0x1104, 0x1167, 0x11B2},
	0xB5E4:  {0x1104, 0x1167, 0x11B3},
	0xB5E5:  {0x1104, 0x1167, 0x11B4},
	0xB5E6:  {0x1104, 0x1167, 0x11B5},
	0xB5E7:  {0x1104, 0x1167, 0x11B6},
	0xB5E8:  {0x1104, 0x1167, 0x11B7},
	0xB5E9:  {0x1104, 0x1167, 0x11B8},
	0xB5EA:  {0x1104, 0x1167, 0x11B9},
	0xB5EB:  {0x1104, 0x1167, 0x11BA},
	0xB5EC:  {0x1104, 0x1167, 0x11BB},
	0xB5ED:  {0x1104, 0x1167, 0x11BC},
	0xB5EE:  {0x1104, 0x1167, 0x11BD},
	0xB5EF:  {0x1104, 0x1167, 0x11BE},
	0xB5F0:  {0x1104, 0x1167, 0x11BF},
	0xB5F1:  {0x1104, 0x1167, 0x11C0},
	0xB5F2:  {0x1104, 0x1167, 0x11C1},
	0xB5F3:  {0x1104, 0x1167, 0x11C2},
	0xB5F4:  {0x1104, 0x1168},
	0xB5F5:  {0x1104, 0x1168, 0x11A8},
	0xB5F6:  {0x1104, 0x1168, 0x11A9},
	0xB5F7:  {0x1104, 0x1168, 0x11AA},
	0xB5F8:  {0x1104, 0x1168, 0x11AB},
	0xB5F9:  {0x1104, 0x1168, 0x11AC},
	0xB5FA:  {0x1104, 0x1168, 0x11AD},
	0xB5FB:  {0x1104, 0x1168, 0x11AE},
	0xB5FC:  {0x1104, 0x1168, 0x11AF},
	0xB5FD:  {0x1104, 0x1168, 0x11B0},
	0xB5FE:  {0x1104, 0x1168, 0x11B1},
	0xB5FF:  {0x1104, 0x1168, 0x11B2},
	0xB600:  {0x1104, 0x1168, 0x11B3},
	0xB601:  {0x1104, 0x1168, 0x11B4},
	0xB602:  {0x1104, 0x1168, 0x11B5},
	0xB603:  {0x1104, 0x1168, 0x11B6},
	0xB604:  {0x1104, 0x1168, 0x11B7},
	0xB605:  {0x1104, 0x1168, 0x11B8},
	0xB606:  {0x1104, 0x1168, 0x11B9},
	0xB607:  {0x1104, 0x1168, 0x11BA},
	0xB608:  {0x1104, 0x1168, 0x11BB},
	0xB609:  {0x1104, 0x1168, 0x11BC},
	0xB60A:  {0x1104, 0x1168, 0x11BD},
	0xB60B:  {0x1104, 0x1168, 0x11BE},
	0xB60C:  {0x1104, 0x1168, 0x11BF},
	0xB60D:  {0x1104, 0x1168, 0x11C0},
	0xB60E:  {0x1104, 0x1168, 0x11C1},
	0xB60F:  {0x1104, 0x1168, 0x11C2},
	0xB610:  {0x1104, 0x1169},
	0xB611:  {0x1104, 0x1169, 0x11A8},
	0xB612:  {0x1104, 0x1169, 0x11A9},
	0xB613:  {0x1104, 0x1169, 0x11AA},
	0xB614:  {0x1104, 0x1169, 0x11AB},
	0xB615:  {0x1104, 0x1169, 0x11AC},
	0xB616:  {0x1104, 0x1169, 0x11AD},
	0xB617:  {0x1104, 0x1169, 0x11AE},
	0xB618:  {0x1104, 0x1169, 0x11AF},
	0xB619:  {0x1104, 0x1169, 0x11B0},
	0xB61A:  {0x1104, 0x1169, 0x11B1},
	0xB61B:  {0x1104, 0x1169, 0x11B2},
	0xB61C:  {0x1104, 0x1169, 0x11B3},
	0xB61D:  {0x1104, 0x1169, 0x11B4},
	0xB61E:  {0x1104, 0x1169, 0x11B5},
	0xB61F:  {0x1104, 0x1169, 0x11B6},
	0xB620:  {0x1104, 0x1169, 0x11B7},
	0xB621:  {0x1104, 0x1169, 0x11B8},
	0xB622:  {0x1104, 0x1169, 0x11B9},
	0xB623:  {0x1104, 0x1169, 0x11BA},
	0xB624:  {0x1104, 0x1169, 0x11BB},
	0xB625:  {0x1104, 0x1169, 0x11BC},
	0xB626:  {0x1104, 0x1169, 0x11BD},
	0xB627:  {0x1104, 0x1169, 0x11BE},
	0xB628:  {0x1104, 0x1169, 0x11BF},
	0xB629:  {0x1104, 0x1169, 0x11C0},
	0xB62A:  {0x1104, 0x1169, 0x11C1},
	0xB62B:  {0x1104, 0x1169, 0x11C2},
	0xB62C:  {0x1104, 0x116A},
	0xB62D:  {0x1104, 0x116A, 0x11A8},
	0xB62E:  {0x1104, 0x116A, 0x11A9},
	0xB62F:  {0x1104, 0x116A, 0x11AA},
	0xB630:  {0x1104, 0x116A, 0x11AB},
	0xB631:  {0x1104, 0x116A, 0x11AC},
	0xB632:  {0x1104, 0x116A, 0x11AD},
	0xB633:  {0x1104, 0x116A, 0x11AE},
	0xB634:  {0x1104, 0x116A, 0x11AF},
	0xB635:  {0x1104, 0x116A, 0x11B0},
	0xB636:  {0x1104, 0x116A, 0x11B1},
	0xB637:  {0x1104, 0x116A, 0x11B2},
	0xB638:  {0x1104, 0x116A, 0x11B3},
	0xB639:  {0x1104, 0x116A, 0x11B4},
	0xB63A:  {0x1104, 0x116A, 0x11B5},
	0xB63B:  {0x1104, 0x116A, 0x11B6},
	0xB63C:  {0x1104, 0x116A, 0x11B7},
	0xB63D:  {0x1104, 0x116A, 0x11B8},
	0xB63E:  {0x1104, 0x116A, 0x11B9},
	0xB63F:  {0x1104, 0x116A, 0x11BA},
	0xB640:  {0x1104, 0x116A, 0x11BB},
	0xB641:  {0x1104, 0x116A, 0x11BC},
	0xB642:  {0x1104, 0x116A, 0x11BD},
	0xB643:  {0x1104, 0x116A, 0x11BE},
	0xB644:  {0x1104, 0x116A, 0x11BF},
	0xB645:  {0x1104, 0x116A, 0x11C0},
	0xB646:  {0x1104, 0x116A, 0x11C1},
	0xB647:  {0x1104, 0x116A, 0x11C2},
	0xB648:  {0x1104, 0x116B},
	0xB649:  {0x1104, 0x116B, 0x11A8},
	0xB64A:  {0x1104, 0x116B, 0x11A9},
	0xB64B:  {0x1104, 0x116B, 0x11AA},
	0xB64C:  {0x1104, 0x116B, 0x11AB},
	0xB64D:  {0x1104, 0x116B, 0x11AC},
	0xB64E:  {0x1104, 0x116B, 0x11AD},
	0xB64F:  {0x1104, 0x116B, 0x11AE},
	0xB650:  {0x1104, 0x116B, 0x11AF},
	0xB651:  {0x1104, 0x116B, 0x11B0},
	0xB652:  {0x1104, 0x116B, 0x11B1},
	0xB653:  {0x1104, 0x116B, 0x11B2},
	0xB654:  {0x1104, 0x116B, 0x11B3},
	0xB655:  {0x1104, 0x116B, 0x11B4},
	0xB656:  {0x1104, 0x116B, 0x11B5},
	0xB657:  {0x1104, 0x116B, 0x11B6},
	0xB658:  {0x1104, 0x116B, 0x11B7},
	0xB659:  {0x1104, 0x116B, 0x11B8},
	0xB65A:  {0x1104, 0x116B, 0x11B9},
	0xB65B:  {0x1104, 0x116B, 0x11BA},
	0xB65C:  {0x1104, 0x116B, 0x11BB},
	0xB65D:  {0x1104, 0x116B, 0x11BC},
	0xB65E:  {0x1104, 0x116B, 0x11BD},
	0xB65F:  {0x1104, 0x116B, 0x11BE},
	0xB660:  {0x1104, 0x116B, 0x11BF},
	0xB661:  {0x1104, 0x116B, 0x11C0},
	0xB662:  {0x1104, 0x116B, 0x11C1},
	0xB663:  {0x1104, 0x116B, 0x11C2},
	0xB664:  {0x1104, 0x116C},
	0xB665:  {0x1104, 0x116C, 0x11A8},
	0xB666:  {0x1104, 0x116C, 0x11A9},
	0xB667:  {0x1104, 0x116C, 0x11AA},
	0xB668:  {0x1104, 0x116C, 0x11AB},
	0xB669:  {0x1104, 0x116C, 0x11AC},
	0xB66A:  {0x1104, 0x116C, 0x11AD},
	0xB66B:  {0x1104, 0x116C, 0x11AE},
	0xB66C:  {0x1104, 0x116C, 0x11AF},
	0xB66D:  {0x1104, 0x116C, 0x11B0},
	0xB66E:  {0x1104, 0x116C, 0x11B1},
	0xB66F:  {0x1104, 0x116C, 0x11B2},
	0xB670:  {0x1104, 0x116C, 0x11B3},
	0xB671:  {0x1104, 0x116C, 0x11B4},
	0xB672:  {0x1104, 0x116C, 0x11B5},
	0xB673:  {0x1104, 0x116C, 0x11B6},
	0xB674:  {0x1104, 0x116C, 0x11B7},
	0xB675:  {0x1104, 0x116C, 0x11B8},
	0xB676:  {0x1104, 0x116C, 0x11B9},
	0xB677:  {0x1104, 0x116C, 0x11BA},
	0xB678:  {0x1104, 0x116C, 0x11BB},
	0xB679:  {0x1104, 0x116C, 0x11BC},
	0xB67A:  {0x1104, 0x116C, 0x11BD},
	0xB67B:  {0x1104, 0x116C, 0x11BE},
	0xB67C:  {0x1104, 0x116C, 0x11BF},
	0xB67D:  {0x1104, 0x116C, 0x11C0},
	0xB67E:  {0x1104, 0x116C, 0x11C1},
	0xB67F:  {0x1104, 0x116C, 0x11C2},
	0xB680:  {0x1104, 0x116D},
	0xB681:  {0x1104, 0x116D, 0x11A8},
	0xB682:  {0x1104, 0x116D, 0x11A9},
	0xB683:  {0x1104, 0x116D, 0x11AA},
	0xB684:  {0x1104, 0x116D, 0x11AB},
	0xB685:  {0x1104, 0x116D, 0x11AC},
	0xB686:  {0x1104, 0x116D, 0x11AD},
	0xB687:  {0x1104, 0x116D, 0x11AE},
	0xB688:  {0x1104, 0x116D, 0x11AF},
	0xB689:  {0x1104, 0x116D, 0x11B0},
	0xB68A:  {0x1104, 0x116D, 0x11B1},
	0xB68B:  {0x1104, 0x116D, 0x11B2},
	0xB68C:  {0x1104, 0x116D, 0x11B3},
	0xB68D:  {0x1104, 0x116D, 0x11B4},
	0xB68E:  {0x1104, 0x116D, 0x11B5},
	0xB68F:  {0x1104, 0x116D, 0x11B6},
	0xB690:  {0x1104, 0x116D, 0x11B7},
	0xB691:  {0x1104, 0x116D, 0x11B8},
	0xB692:  {0x1104, 0x116D, 0x11B9},
	0xB693:  {0x1104, 0x116D, 0x11BA},
	0xB694:  {0x1104, 0x116D, 0x11BB},
	0xB695:  {0x1104, 0x116D, 0x11BC},
	0xB696:  {0x1104, 0x116D, 0x11BD},
	0xB697:  {0x1104, 0x116D, 0x11BE},
	0xB698:  {0x1104, 0x116D, 0x11BF},
	0xB699:  {0x1104, 0x116D, 0x11C0},
	0xB69A:  {0x1104, 0x116D, 0x11C1},
	0xB69B:  {0x1104, 0x116D, 0x11C2},
	0xB69C:  {0x1104, 0x116E},
	0xB69D:  {0x1104, 0x116E, 0x11A8},
	0xB69E:  {0x1104, 0x116E, 0x11A9},
	0xB69F:  {0x1104, 0x116E, 0x11AA},
	0xB6A0:  {0x1104, 0x116E, 0x11AB},
	0xB6A1:  {0x1104, 0x116E, 0x11AC},
	0xB6A2:  {0x1104, 0x116E, 0x11AD},
	0xB6A3:  {0x1104, 0x116E, 0x11AE},
	0xB6A4:  {0x1104, 0x116E, 0x11AF},
	0xB6A5:  {0x1104, 0x116E, 0x11B0},
	0xB6A6:  {0x1104, 0x116E, 0x11B1},
	0xB6A7:  {0x1104, 0x116E, 0x11B2},
	0xB6A8:  {0x1104, 0x116E, 0x11B3},
	0xB6A9:  {0x1104, 0x116E, 0x11B4},
	0xB6AA:  {0x1104, 0x116E, 0x11B5},
	0xB6AB:  {0x1104, 0x116E, 0x11B6},
	0xB6AC:  {0x1104, 0x116E, 0x11B7},
	0xB6AD:  {0x1104, 0x116E, 0x11B8},
	0xB6AE:  {0x1104, 0x116E, 0x11B9},
	0xB6AF:  {0x1104, 0x116E, 0x11BA},
	0xB6B0:  {0x1104, 0x116E, 0x11BB},
	0xB6B1:  {0x1104, 0x116E, 0x11BC},
	0xB6B2:  {0x1104, 0x116E, 0x11BD},
	0xB6B3:  {0x1104, 0x116E, 0x11BE},
	0xB6B4:  {0x1104, 0x116E, 0x11BF},
	0xB6B5:  {0x1104, 0x116E, 0x11C0},
	0xB6B6:  {0x1104, 0x116E, 0x11C1},
	0xB6B7:  {0x1104, 0x116E, 0x11C2},
	0xB6B8:  {0x1104, 0x116F},
	0xB6B9:  {0x1104, 0x116F, 0x11A8},
	0xB6BA:  {0x1104, 0x116F, 0x11A9},
	0xB6BB:  {0x1104, 0x116F, 0x11AA},
	0xB6BC:  {0x1104, 0x116F, 0x11AB},
	0xB6BD:  {0x1104, 0x116F, 0x11AC},
	0xB6BE:  {0x1104, 0x116F, 0x11AD},
	0xB6BF:  {0x1104, 0x116F, 0x11AE},
	0xB6C0:  {0x1104, 0x116F, 0x11AF},
	0xB6C1:  {0x1104, 0x116F, 0x11B0},
	0xB6C2:  {0x1104, 0x116F, 0x11B1},
	0xB6C3:  {0x1104, 0x116F, 0x11B2},
	0xB6C4:  {0x1104, 0x116F, 0x11B3},
	0xB6C5:  {0x1104, 0x116F, 0x11B4},
	0xB6C6:  {0x1104, 0x116F, 0x11B5},
	0xB6C7:  {0x1104, 0x116F, 0x11B6},
	0xB6C8:  {0x1104, 0x116F, 0x11B7},
	0xB6C9:  {0x1104, 0x116F, 0x11B8},
	0xB6CA:  {0x1104, 0x116F, 0x11B9},
	0xB6CB:  {0x1104, 0x116F, 0x11BA},
	0xB6CC:  {0x1104, 0x116F, 0x11BB},
	0xB6CD:  {0x1104, 0x116F, 0x11BC},
	0xB6CE:  {0x1104, 0x116F, 0x11BD},
	0xB6CF:  {0x1104, 0x116F, 0x11BE},
	0xB6D0:  {0x1104, 0x116F, 0x11BF},
	0xB6D1:  {0x1104, 0x116F, 0x11C0},
	0xB6D2:  {0x1104, 0x116F, 0x11C1},
	0xB6D3:  {0x1104, 0x116F, 0x11C2},
	0xB6D4:  {0x1104, 0x1170},
	0xB6D5:  {0x1104, 0x1170, 0x11A8},
	0xB6D6:  {0x1104, 0x1170, 0x11A9},
	0xB6D7:  {0x1104, 0x1170, 0x11AA},
	0xB6D8:  {0x1104, 0x1170, 0x11AB},
	0xB6D9:  {0x1104, 0x1170, 0x11AC},
	0xB6DA:  {0x1104, 0x1170, 0x11AD},
	0xB6DB:  {0x1104, 0x1170, 0x11AE},
	0xB6DC:  {0x1104, 0x1170, 0x11AF},
	0xB6DD:  {0x1104, 0x1170, 0x11B0},
	0xB6DE:  {0x1104, 0x1170, 0x11B1},
	0xB6DF:  {0x1104, 0x1170, 0x11B2},
	0xB6E0:  {0x1104, 0x1170, 0x11B3},
	0xB6E1:  {0x1104, 0x1170, 0x11B4},
	0xB6E2:  {0x1104, 0x1170, 0x11B5},
	0xB6E3:  {0x1104, 0x1170, 0x11B6},
	0xB6E4:  {0x1104, 0x1170, 0x11B7},
	0xB6E5:  {0x1104, 0x1170, 0x11B8},
	0xB6E6:  {0x1104, 0x1170, 0x11B9},
	0xB6E7:  {0x1104, 0x1170, 0x11BA},
	0xB6E8:  {0x1104, 0x1170, 0x11BB},
	0xB6E9:  {0x1104, 0x1170, 0x11BC},
	0xB6EA:  {0x1104, 0x1170, 0x11BD},
	0xB6EB:  {0x1104, 0x1170, 0x11BE},
	0xB6EC:  {0x1104, 0x1170, 0x11BF},
	0xB6ED:  {0x1104, 0x1170, 0x11C0},
	0xB6EE:  {0x1104, 0x1170, 0x11C1},
	0xB6EF:  {0x1104, 0x1170, 0x11C2},
	0xB6F0:  {0x1104, 0x1171},
	0xB6F1:  {0x1104, 0x1171, 0x11A8},
	0xB6F2:  {0x1104, 0x1171, 0x11A9},
	0xB6F3:  {0x1104, 0x1171, 0x11AA},
	0xB6F4:  {0x1104, 0x1171, 0x11AB},
	0xB6F5:  {0x1104, 0x1171, 0x11AC},
	0xB6F6:  {0x1104, 0x1171, 0x11AD},
	0xB6F7:  {0x1104, 0x1171, 0x11AE},
	0xB6F8:  {0x1104, 0x1171, 0x11AF},
	0xB6F9:  {0x1104, 0x1171, 0x11B0},
	0xB6FA:  {0x1104, 0x1171, 0x11B1},
	0xB6FB:  {0x1104, 0x1171, 0x11B2},
	0xB6FC:  {0x1104, 0x1171, 0x11B3},
	0xB6FD:  {0x1104, 0x1171, 0x11B4},
	0xB6FE:  {0x1104, 0x1171, 0x11B5},
	0xB6FF:  {0x1104, 0x1171, 0x11B6},
	0xB700:  {0x1104, 0x1171, 0x11B7},
	0xB701:  {0x1104, 0x1171, 0x11B8},
	0xB702:  {0x1104, 0x1171, 0x11B9},
	0xB703:  {0x1104, 0x1171, 0x11BA},
	0xB704:  {0x1104, 0x1171, 0x11BB},
	0xB705:  {0x1104, 0x1171, 0x11BC},
	0xB706:  {0x1104, 0x1171, 0x11BD},
	0xB707:  {0x1104, 0x1171, 0x11BE},
	0xB708:  {0x1104, 0x1171, 0x11BF},
	0xB709:  {0x1104, 0x1171, 0x11C0},
	0xB70A:  {0x1104, 0x1171, 0x11C1},
	0xB70B:  {0x1104, 0x1171, 0x11C2},
	0xB70C:  {0x1104, 0x1172},
	0xB70D:  {0x1104, 0x1172, 0x11A8},
	0xB70E:  {0x1104, 0x1172, 0x11A9},
	0xB70F:  {0x1104, 0x1172, 0x11AA},
	0xB710:  {0x1104, 0x1172, 0x11AB},
	0xB711:  {0x1104, 0x1172, 0x11AC},
	0xB712:  {0x1104, 0x1172, 0x11AD},
	0xB713:  {0x1104, 0x1172, 0x11AE},
	0xB714:  {0x1104, 0x1172, 0x11AF},
	0xB715:  {0x1104, 0x1172, 0x11B0},
	0xB716:  {0x1104, 0x1172, 0x11B1},
	0xB717:  {0x1104, 0x1172, 0x11B2},
	0xB718:  {0x1104, 0x1172, 0x11B3},
	0xB719:  {0x1104, 0x1172, 0x11B4},
	0xB71A:  {0x1104, 0x1172, 0x11B5},
	0xB71B:  {0x1104, 0x1172, 0x11B6},
	0xB71C:  {0x1104, 0x1172, 0x11B7},
	0xB71D:  {0x1104, 0x1172, 0x11B8},
	0xB71E:  {0x1104, 0x1172, 0x11B9},
	0xB71F:  {0x1104, 0x1172, 0x11BA},
	0xB720:  {0x1104, 0x1172, 0x11BB},
	0xB721:  {0x1104, 0x1172, 0x11BC},
	0xB722:  {0x1104, 0x1172, 0x11BD},
	0xB723:  {0x1104, 0x1172, 0x11BE},
	0xB724:  {0x1104, 0x1172, 0x11BF},
	0xB725:  {0x1104, 0x1172, 0x11C0},
	0xB726:  {0x1104, 0x1172, 0x11C1},
	0xB727:  {0x1104, 0x1172, 0x11C2},
	0xB728:  {0x1104, 0x1173},
	0xB729:  {0x1104, 0x1173, 0x11A8},
	0xB72A:  {0x1104, 0x1173, 0x11A9},
	0xB72B:  {0x1104, 0x1173, 0x11AA},
	0xB72C:  {0x1104, 0x1173, 0x11AB},
	0xB72D:  {0x1104, 0x1173, 0x11AC},
	0xB72E:  {0x1104, 0x1173, 0x11AD},
	0xB72F:  {0x1104, 0x1173, 0x11AE},
	0xB730:  {0x1104, 0x1173, 0x11AF},
	0xB731:  {0x1104, 0x1173, 0x11B0},
	0xB732:  {0x1104, 0x1173, 0x11B1},
	0xB733:  {0x1104, 0x1173, 0x11B2},
	0xB734:  {0x1104, 0x1173, 0x11B3},
	0xB735:  {0x1104, 0x1173, 0x11B4},
	0xB736:  {0x1104, 0x1173, 0x11B5},
	0xB737:  {0x1104, 0x1173, 0x11B6},
	0xB738:  {0x1104, 0x1173, 0x11B7},
	0xB739:  {0x1104, 0x1173, 0x11B8},
	0xB73A:  {0x1104, 0x1173, 0x11B9},
	0xB73B:  {0x1104, 0x1173, 0x11BA},
	0xB73C:  {0x1104, 0x1173, 0x11BB},
	0xB73D:  {0x1104, 0x1173, 0x11BC},
	0xB73E:  {0x1104, 0x1173, 0x11BD},
	0xB73F:  {0x1104, 0x1173, 0x11BE},
	0xB740:  {0x1104, 0x1173, 0x11BF},
	0xB741:  {0x1104, 0x1173, 0x11C0},
	0xB742:  {0x1104, 0x1173, 0x11C1},
	0xB743:  {0x1104, 0x1173, 0x11C2},
	0xB744:  {0x1104, 0x1174},
	0xB745:  {0x1104, 0x1174, 0x11A8},
	0xB746:  {0x1104, 0x1174, 0x11A9},
	0xB747:  {0x1104, 0x1174, 0x11AA},
	0xB748:  {0x1104, 0x1174, 0x11AB},
	0xB749:  {0x1104, 0x1174, 0x11AC},
	0xB74A:  {0x1104, 0x1174, 0x11AD},
	0xB74B:  {0x1104, 0x1174, 0x11AE},
	0xB74C:  {0x1104, 0x1174, 0x11AF},
	0xB74D:  {0x1104, 0x1174, 0x11B0},
	0xB74E:  {0x1104, 0x1174, 0x11B1},
	0xB74F:  {0x1104, 0x1174, 0x11B2},
	0xB750:  {0x1104, 0x1174, 0x11B3},
	0xB751:  {0x1104, 0x1174, 0x11B4},
	0xB752:  {0x1104, 0x1174, 0x11B5},
	0xB753:  {0x1104, 0x1174, 0x11B6},
	0xB754:  {0x1104, 0x1174, 0x11B7},
	0xB755:  {0x1104, 0x1174, 0x11B8},
	0xB756:  {0x1104, 0x1174, 0x11B9},
	0xB757:  {0x1104, 0x1174, 0x11BA},
	0xB758:  {0x1104, 0x1174, 0x11BB},
	0xB759:  {0x1104, 0x1174, 0x11BC},
	0xB75A:  {0x1104, 0x1174, 0x11BD},
	0xB75B:  {0x1104, 0x1174, 0x11BE},
	0xB75C:  {0x1104, 0x1174, 0x11BF},
	0xB75D:  {0x1104, 0x1174, 0x11C0},
	0xB75E:  {0x1104, 0x1174, 0x11C1},
	0xB75F:  {0x1104, 0x1174, 0x11C2},
	0xB760:  {0x1104, 0x1175},
	0xB761:  {0x1104, 0x1175, 0x11A8},
	0xB762:  {0x1104, 0x1175, 0x11A9},
	0xB763:  {0x1104, 0x1175, 0x11AA},
	0xB764:  {0x1104, 0x1175, 0x11AB},
	0xB765:  {0x1104, 0x1175, 0x11AC},
	0xB766:  {0x1104, 0x1175, 0x11AD},
	0xB767:  {0x1104, 0x1175, 0x11AE},
	0xB768:  {0x1104, 0x1175, 0x11AF},
	0xB769:  {0x1104, 0x1175, 0x11B0},
	0xB76A:  {0x1104, 0x1175, 0x11B1},
	0xB76B:  {0x1104, 0x1175, 0x11B2},
	0xB76C:  {0x1104, 0x1175, 0x11B3},
	0xB76D:  {0x1104, 0x1175, 0x11B4},
	0xB76E:  {0x1104, 0x1175, 0x11B5},
	0xB76F:  {0x1104, 0x1175, 0x11B6},
	0xB770:  {0x1104, 0x1175, 0x11B7},
	0xB771:  {0x1104, 0x1175, 0x11B8},
	0xB772:  {0x1104, 0x1175, 0x11B9},
	0xB773:  {0x1104, 0x1175, 0x11BA},
	0xB774:  {0x1104, 0x1175, 0x11BB},
	0xB775:  {0x1104, 0x1175, 0x11BC},
	0xB776:  {0x1104, 0x1175, 0x11BD},
	0xB777:  {0x1104, 0x1175, 0x11BE},
	0xB778:  {0x1104, 0x1175, 0x11BF},
	0xB779:  {0x1104, 0x1175, 0x11C0},
	0xB77A:  {0x1104, 0x1175, 0x11C1},
	0xB77B:  {0x1104, 0x1175, 0x11C2},
	0xB77C:  {0x1105, 0x1161},
	0xB77D:  {0x1105, 0x1161, 0x11A8},
	0xB77E:  {0x1105, 0x1161, 0x11A9},
	0xB77F:  {0x1105, 0x1161, 0x11AA},
	0xB780:  {0x1105, 0x1161, 0x11AB},
	0xB781:  {0x1105, 0x1161, 0x11AC},
	0xB782:  {0x1105, 0x1161, 0x11AD},
	0xB783:  {0x1105, 0x1161, 0x11AE},
	0xB784:  {0x1105, 0x1161, 0x11AF},
	0xB785:  {0x1105, 0x1161, 0x11B0},
	0xB786:  {0x1105, 0x1161, 0x11B1},
	0xB787:  {0x1105, 0x1161, 0x11B2},
	0xB788:  {0x1105, 0x1161, 0x11B3},
	0xB789:  {0x1105, 0x1161, 0x11B4},
	0xB78A:  {0x1105, 0x1161, 0x11B5},
	0xB78B:  {0x1105, 0x1161, 0x11B6},
	0xB78C:  {0x1105, 0x1161, 0x11B7},
	0xB78D:  {0x1105, 0x1161, 0x11B8},
	0xB78E:  {0x1105, 0x1161, 0x11B9},
	0xB78F:  {0x1105, 0x1161, 0x11BA},
	0xB790:  {0x1105, 0x1161, 0x11BB},
	0xB791:  {0x1105, 0x1161, 0x11BC},
	0xB792:  {0x1105, 0x1161, 0x11BD},
	0xB793:  {0x1105, 0x1161, 0x11BE},
	0xB794:  {0x1105, 0x1161, 0x11BF},
	0xB795:  {0x1105, 0x1161, 0x11C0},
	0xB796:  {0x1105, 0x1161, 0x11C1},
	0xB797:  {0x1105, 0x1161, 0x11C2},
	0xB798:  {0x1105, 0x1162},
	0xB799:  {0x1105, 0x1162, 0x11A8},
	0xB79A:  {0x1105, 0x1162, 0x11A9},
	0xB79B:  {0x1105, 0x1162, 0x11AA},
	0xB79C:  {0x1105, 0x1162, 0x11AB},
	0xB79D:  {0x1105, 0x1162, 0x11AC},
	0xB79E:  {0x1105, 0x1162, 0x11AD},
	0xB79F:  {0x1105, 0x1162, 0x11AE},
	0xB7A0:  {0x1105, 0x1162, 0x11AF},
	0xB7A1:  {0x1105, 0x1162, 0x11B0},
	0xB7A2:  {0x1105, 0x1162, 0x11B1},
	0xB7A3:  {0x1105, 0x1162, 0x11B2},
	0xB7A4:  {0x1105, 0x1162, 0x11B3},
	0xB7A5:  {0x1105, 0x1162, 0x11B4},
	0xB7A6:  {0x1105, 0x1162, 0x11B5},
	0xB7A7:  {0x1105, 0x1162, 0x11B6},
	0xB7A8:  {0x1105, 0x1162, 0x11B7},
	0xB7A9:  {0x1105, 0x1162, 0x11B8},
	0xB7AA:  {0x1105, 0x1162, 0x11B9},
	0xB7AB:  {0x1105, 0x1162, 0x11BA},
	0xB7AC:  {0x1105, 0x1162, 0x11BB},
	0xB7AD:  {0x1105, 0x1162, 0x11BC},
	0xB7AE:  {0x1105, 0x1162, 0x11BD},
	0xB7AF:  {0x1105, 0x1162, 0x11BE},
	0xB7B0:  {0x1105, 0x1162, 0x11BF},
	0xB7B1:  {0x1105, 0x1162, 0x11C0},
	0xB7B2:  {0x1105, 0x1162, 0x11C1},
	0xB7B3:  {0x1105, 0x1162, 0x11C2},
	0xB7B4:  {0x1105, 0x1163},
	0xB7B5:  {0x1105, 0x1163, 0x11A8},
	0xB7B6:  {0x1105, 0x1163, 0x11A9},
	0xB7B7:  {0x1105, 0x1163, 0x11AA},
	0xB7B8:  {0x1105, 0x1163, 0x11AB},
	0xB7B9:  {0x1105, 0x1163, 0x11AC},
	0xB7BA:  {0x1105, 0x1163, 0x11AD},
	0xB7BB:  {0x1105, 0x1163, 0x11AE},
	0xB7BC:  {0x1105, 0x1163, 0x11AF},
	0xB7BD:  {0x1105, 0x1163, 0x11B0},
	0xB7BE:  {0x1105, 0x1163, 0x11B1},
	0xB7BF:  {0x1105, 0x1163, 0x11B2},
	0xB7C0:  {0x1105, 0x1163, 0x11B3},
	0xB7C1:  {0x1105, 0x1163, 0x11B4},
	0xB7C2:  {0x1105, 0x1163, 0x11B5},
	0xB7C3:  {0x1105, 0x1163, 0x11B6},
	0xB7C4:  {0x1105, 0x1163, 0x11B7},
	0xB7C5:  {0x1105, 0x1163, 0x11B8},
	0xB7C6:  {0x1105, 0x1163, 0x11B9},
	0xB7C7:  {0x1105, 0x1163, 0x11BA},
	0xB7C8:  {0x1105, 0x1163, 0x11BB},
	0xB7C9:  {0x1105, 0x1163, 0x11BC},
	0xB7CA:  {0x1105, 0x1163, 0x11BD},
	0xB7CB:  {0x1105, 0x1163, 0x11BE},
	0xB7CC:  {0x1105, 0x1163, 0x11BF},
	0xB7CD:  {0x1105, 0x1163, 0x11C0},
	0xB7CE:  {0x1105, 0x1163, 0x11C1},
	0xB7CF:  {0x1105, 0x1163, 0x11C2},
	0xB7D0:  {0x1105, 0x1164},
	0xB7D1:  {0x1105, 0x1164, 0x11A8},
	0xB7D2:  {0x1105, 0x1164, 0x11A9},
	0xB7D3:  {0x1105, 0x1164, 0x11AA},
	0xB7D4:  {0x1105, 0x1164, 0x11AB},
	0xB7D5:  {0x1105, 0x1164, 0x11AC},
	0xB7D6:  {0x1105, 0x1164, 0x11AD},
	0xB7D7:  {0x1105, 0x1164, 0x11AE},
	0xB7D8:  {0x1105, 0x1164, 0x11AF},
	0xB7D9:  {0x1105, 0x1164, 0x11B0},
	0xB7DA:  {0x1105, 0x1164, 0x11B1},
	0xB7DB:  {0x1105, 0x1164, 0x11B2},
	0xB7DC:  {0x1105, 0x1164, 0x11B3},
	0xB7DD:  {0x1105, 0x1164, 0x11B4},
	0xB7DE:  {0x1105, 0x1164, 0x11B5},
	0xB7DF:  {0x1105, 0x1164, 0x11B6},
	0xB7E0:  {0x1105, 0x1164, 0x11B7},
	0xB7E1:  {0x1105, 0x1164, 0x11B8},
	0xB7E2:  {0x1105, 0x1164, 0x11B9},
	0xB7E3:  {0x1105, 0x1164, 0x11BA},
	0xB7E4:  {0x1105, 0x1164, 0x11BB},
	0xB7E5:  {0x1105, 0x1164, 0x11BC},
	0xB7E6:  {0x1105, 0x1164, 0x11BD},
	0xB7E7:  {0x1105, 0x1164, 0x11BE},
	0xB7E8:  {0x1105, 0x1164, 0x11BF},
	0xB7E9:  {0x1105, 0x1164, 0x11C0},
	0xB7EA:  {0x1105, 0x1164, 0x11C1},
	0xB7EB:  {0x1105, 0x1164, 0x11C2},
	0xB7EC:  {0x1105, 0x1165},
	0xB7ED:  {0x1105, 0x1165, 0x11A8},
	0xB7EE:  {0x1105, 0x1165, 0x11A9},
	0xB7EF:  {0x1105, 0x1165, 0x11AA},
	0xB7F0:  {0x1105, 0x1165, 0x11AB},
	0xB7F1:  {0x1105, 0x1165, 0x11AC},
	0xB7F2:  {0x1105, 0x1165, 0x11AD},
	0xB7F3:  {0x1105, 0x1165, 0x11AE},
	0xB7F4:  {0x1105, 0x1165, 0x11AF},
	0xB7F5:  {0x1105, 0x1165, 0x11B0},
	0xB7F6:  {0x1105, 0x1165, 0x11B1},
	0xB7F7:  {0x1105, 0x1165, 0x11B2},
	0xB7F8:  {0x1105, 0x1165, 0x11B3},
	0xB7F9:  {0x1105, 0x1165, 0x11B4},
	0xB7FA:  {0x1105, 0x1165, 0x11B5},
	0xB7FB:  {0x1105, 0x1165, 0x11B6},
	0xB7FC:  {0x1105, 0x1165, 0x11B7},
	0xB7FD:  {0x1105, 0x1165, 0x11B8},
	0xB7FE:  {0x1105, 0x1165, 0x11B9},
	0xB7FF:  {0x1105, 0x1165, 0x11BA},
	0xB800:  {0x1105, 0x1165, 0x11BB},
	0xB801:  {0x1105, 0x1165, 0x11BC},
	0xB802:  {0x1105, 0x1165, 0x11BD},
	0xB803:  {0x1105, 0x1165, 0x11BE},
	0xB804:  {0x1105, 0x1165, 0x11BF},
	0xB805:  {0x1105, 0x1165, 0x11C0},
	0xB806:  {0x1105, 0x1165, 0x11C1},
	0xB807:  {0x1105, 0x1165, 0x11C2},
	0xB808:  {0x1105, 0x1166},
	0xB809:  {0x1105, 0x1166, 0x11A8},
	0xB80A:  {0x1105, 0x1166, 0x11A9},
	0xB80B:  {0x1105, 0x1166, 0x11AA},
	0xB80C:  {0x1105, 0x1166, 0x11AB},
	0xB80D:  {0x1105, 0x1166, 0x11AC},
	0xB80E:  {0x1105, 0x1166, 0x11AD},
	0xB80F:  {0x1105, 0x1166, 0x11AE},
	0xB810:  {0x1105, 0x1166, 0x11AF},
	0xB811:  {0x1105, 0x1166, 0x11B0},
	0xB812:  {0x1105, 0x1166, 0x11B1},
	0xB813:  {0x1105, 0x1166, 0x11B2},
	0xB814:  {0x1105, 0x1166, 0x11B3},
	0xB815:  {0x1105, 0x1166, 0x11B4},
	0xB816:  {0x1105, 0x1166, 0x11B5},
	0xB817:  {0x1105, 0x1166, 0x11B6},
	0xB818:  {0x1105, 0x1166, 0x11B7},
	0xB819:  {0x1105, 0x1166, 0x11B8},
	0xB81A:  {0x1105, 0x1166, 0x11B9},
	0xB81B:  {0x1105, 0x1166, 0x11BA},
	0xB81C:  {0x1105, 0x1166, 0x11BB},
	0xB81D:  {0x1105, 0x1166, 0x11BC},
	0xB81E:  {0x1105, 0x1166, 0x11BD},
	0xB81F:  {0x1105, 0x1166, 0x11BE},
	0xB820:  {0x1105, 0x1166, 0x11BF},
	0xB821:  {0x1105, 0x1166, 0x11C0},
	0xB822:  {0x1105, 0x1166, 0x11C1},
	0xB823:  {0x1105, 0x1166, 0x11C2},
	0xB824:  {0x1105, 0x1167},
	0xB825:  {0x1105, 0x1167, 0x11A8},
	0xB826:  {0x1105, 0x1167, 0x11A9},
	0xB827:  {0x1105, 0x1167, 0x11AA},
	0xB828:  {0x1105, 0x1167, 0x11AB},
	0xB829:  {0x1105, 0x1167, 0x11AC},
	0xB82A:  {0x1105, 0x1167, 0x11AD},
	0xB82B:  {0x1105, 0x1167, 0x11AE},
	0xB82C:  {0x1105, 0x1167, 0x11AF},
	0xB82D:  {0x1105, 0x1167, 0x11B0},
	0xB82E:  {0x1105, 0x1167, 0x11B1},
	0xB82F:  {0x1105, 0x1167, 0x11B2},
	0xB830:  {0x1105, 0x1167, 0x11B3},
	0xB831:  {0x1105, 0x1167, 0x11B4},
	0xB832:  {0x1105, 0x1167, 0x11B5},
	0xB833:  {0x1105, 0x1167, 0x11B6},
	0xB834:  {0x1105, 0x1167, 0x11B7},
	0xB835:  {0x1105, 0x1167, 0x11B8},
	0xB836:  {0x1105, 0x1167, 0x11B9},
	0xB837:  {0x1105, 0x1167, 0x11BA},
	0xB838:  {0x1105, 0x1167, 0x11BB},
	0xB839:  {0x1105, 0x1167, 0x11BC},
	0xB83A:  {0x1105, 0x1167, 0x11BD},
	0xB83B:  {0x1105, 0x1167, 0x11BE},
	0xB83C:  {0x1105, 0x1167, 0x11BF},
	0xB83D:  {0x1105, 0x1167, 0x11C0},
	0xB83E:  {0x1105, 0x1167, 0x11C1},
	0xB83F:  {0x1105, 0x1167, 0x11C2},
	0xB840:  {0x1105, 0x1168},
	0xB841:  {0x1105, 0x1168, 0x11A8},
	0xB842:  {0x1105, 0x1168, 0x11A9},
	0xB843:  {0x1105, 0x1168, 0x11AA},
	0xB844:  {0x1105, 0x1168, 0x11AB},
	0xB845:  {0x1105, 0x1168, 0x11AC},
	0xB846:  {0x1105, 0x1168, 0x11AD},
	0xB847:  {0x1105, 0x1168, 0x11AE},
	0xB848:  {0x1105, 0x1168, 0x11AF},
	0xB849:  {0x1105, 0x1168, 0x11B0},
	0xB84A:  {0x1105, 0x1168, 0x11B1},
	0xB84B:  {0x1105, 0x1168, 0x11B2},
	0xB84C:  {0x1105, 0x1168, 0x11B3},
	0xB84D:  {0x1105, 0x1168, 0x11B4},
	0xB84E:  {0x1105, 0x1168, 0x11B5},
	0xB84F:  {0x1105, 0x1168, 0x11B6},
	0xB850:  {0x1105, 0x1168, 0x11B7},
	0xB851:  {0x1105, 0x1168, 0x11B8},
	0xB852:  {0x1105, 0x1168, 0x11B9},
	0xB853:  {0x1105, 0x1168, 0x11BA},
	0xB854:  {0x1105, 0x1168, 0x11BB},
	0xB855:  {0x1105, 0x1168, 0x11BC},
	0xB856:  {0x1105, 0x1168, 0x11BD},
	0xB857:  {0x1105, 0x1168, 0x11BE},
	0xB858:  {0x1105, 0x1168, 0x11BF},
	0xB859:  {0x1105, 0x1168, 0x11C0},
	0xB85A:  {0x1105, 0x1168, 0x11C1},
	0xB85B:  {0x1105, 0x1168, 0x11C2},
	0xB85C:  {0x1105, 0x1169},
	0xB85D:  {0x1105, 0x1169, 0x11A8},
	0xB85E:  {0x1105, 0x1169, 0x11A9},
	0xB85F:  {0x1105, 0x1169, 0x11AA},
	0xB860:  {0x1105, 0x1169, 0x11AB},
	0xB861:  {0x1105, 0x1169, 0x11AC},
	0xB862:  {0x1105, 0x1169, 0x11AD},
	0xB863:  {0x1105, 0x1169, 0x11AE},
	0xB864:  {0x1105, 0x1169, 0x11AF},
	0xB865:  {0x1105, 0x1169, 0x11B0},
	0xB866:  {0x1105, 0x1169, 0x11B1},
	0xB867:  {0x1105, 0x1169, 0x11B2},
	0xB868:  {0x1105, 0x1169, 0x11B3},
	0xB869:  {0x1105, 0x1169, 0x11B4},
	0xB86A:  {0x1105, 0x1169, 0x11B5},
	0xB86B:  {0x1105, 0x1169, 0x11B6},
	0xB86C:  {0x1105, 0x1169, 0x11B7},
	0xB86D:  {0x1105, 0x1169, 0x11B8},
	0xB86E:  {0x1105, 0x1169, 0x11B9},
	0xB86F:  {0x1105, 0x1169, 0x11BA},
	0xB870:  {0x1105, 0x1169, 0x11BB},
	0xB871:  {0x1105, 0x1169, 0x11BC},
	0xB872:  {0x1105, 0x1169, 0x11BD},
	0xB873:  {0x1105, 0x1169, 0x11BE},
	0xB874:  {0x1105, 0x1169, 0x11BF},
	0xB875:  {0x1105, 0x1169, 0x11C0},
	0xB876:  {0x1105, 0x1169, 0x11C1},
	0xB877:  {0x1105, 0x1169, 0x11C2},
	0xB878:  {0x1105, 0x116A},
	0xB879:  {0x1105, 0x116A, 0x11A8},
	0xB87A:  {0x1105, 0x116A, 0x11A9},
	0xB87B:  {0x1105, 0x116A, 0x11AA},
	0xB87C:  {0x1105, 0x116A, 0x11AB},
	0xB87D:  {0x1105, 0x116A, 0x11AC},
	0xB87E:  {0x1105, 0x116A, 0x11AD},
	0xB87F:  {0x1105, 0x116A, 0x11AE},
	0xB880:  {0x1105, 0x116A, 0x11AF},
	0xB881:  {0x1105, 0x116A, 0x11B0},
	0xB882:  {0x1105, 0x116A, 0x11B1},
	0xB883:  {0x1105, 0x116A, 0x11B2},
	0xB884:  {0x1105, 0x116A, 0x11B3},
	0xB885:  {0x1105, 0x116A, 0x11B4},
	0xB886:  {0x1105, 0x116A, 0x11B5},
	0xB887:  {0x1105, 0x116A, 0x11B6},
	0xB888:  {0x1105, 0x116A, 0x11B7},
	0xB889:  {0x1105, 0x116A, 0x11B8},
	0xB88A:  {0x1105, 0x116A, 0x11B9},
	0xB88B:  {0x1105, 0x116A, 0x11BA},
	0xB88C:  {0x1105, 0x116A, 0x11BB},
	0xB88D:  {0x1105, 0x116A, 0x11BC},
	0xB88E:  {0x1105, 0x116A, 0x11BD},
	0xB88F:  {0x1105, 0x116A, 0x11BE},
	0xB890:  {0x1105, 0x116A, 0x11BF},
	0xB891:  {0x1105, 0x116A, 0x11C0},
	0xB892:  {0x1105, 0x116A, 0x11C1},
	0xB893:  {0x1105, 0x116A, 0x11C2},
	0xB894:  {0x1105, 0x116B},
	0xB895:  {0x1105, 0x116B, 0x11A8},
	0xB896:  {0x1105, 0x116B, 0x11A9},
	0xB897:  {0x1105, 0x116B, 0x11AA},
	0xB898:  {0x1105, 0x116B, 0x11AB},
	0xB899:  {0x1105, 0x116B, 0x11AC},
	0xB89A:  {0x1105, 0x116B, 0x11AD},
	0xB89B:  {0x1105, 0x116B, 0x11AE},
	0xB89C:  {0x1105, 0x116B, 0x11AF},
	0xB89D:  {0x1105, 0x116B, 0x11B0},
	0xB89E:  {0x1105, 0x116B, 0x11B1},
	0xB89F:  {0x1105, 0x116B, 0x11B2},
	0xB8A0:  {0x1105, 0x116B, 0x11B3},
	0xB8A1:  {0x1105, 0x116B, 0x11B4},
	0xB8A2:  {0x1105, 0x116B, 0x11B5},
	0xB8A3:  {0x1105, 0x116B, 0x11B6},
	0xB8A4:  {0x1105, 0x116B, 0x11B7},
	0xB8A5:  {0x1105, 0x116B, 0x11B8},
	0xB8A6:  {0x1105, 0x116B, 0x11B9},
	0xB8A7:  {0x1105, 0x116B, 0x11BA},
	0xB8A8:  {0x1105, 0x116B, 0x11BB},
	0xB8A9:  {0x1105, 0x116B, 0x11BC},
	0xB8AA:  {0x1105, 0x116B, 0x11BD},
	0xB8AB:  {0x1105, 0x116B, 0x11BE},
	0xB8AC:  {0x1105, 0x116B, 0x11BF},
	0xB8AD:  {0x1105, 0x116B, 0x11C0},
	0xB8AE:  {0x1105, 0x116B, 0x11C1},
	0xB8AF:  {0x1105, 0x116B, 0x11C2},
	0xB8B0:  {0x1105, 0x116C},
	0xB8B1:  {0x1105, 0x116C, 0x11A8},
	0xB8B2:  {0x1105, 0x116C, 0x11A9},
	0xB8B3:  {0x1105, 0x116C, 0x11AA},
	0xB8B4:  {0x1105, 0x116C, 0x11AB},
	0xB8B5:  {0x1105, 0x116C, 0x11AC},
	0xB8B6:  {0x1105, 0x116C, 0x11AD},
	0xB8B7:  {0x1105, 0x116C, 0x11AE},
	0xB8B8:  {0x1105, 0x116C, 0x11AF},
	0xB8B9:  {0x1105, 0x116C, 0x11B0},
	0xB8BA:  {0x1105, 0x116C, 0x11B1},
	0xB8BB:  {0x1105, 0x116C, 0x11B2},
	0xB8BC:  {0x1105, 0x116C, 0x11B3},
	0xB8BD:  {0x1105, 0x116C, 0x11B4},
	0xB8BE:  {0x1105, 0x116C, 0x11B5},
	0xB8BF:  {0x1105, 0x116C, 0x11B6},
	0xB8C0:  {0x1105, 0x116C, 0x11B7},
	0xB8C1:  {0x1105, 0x116C, 0x11B8},
	0xB8C2:  {0x1105, 0x116C, 0x11B9},
	0xB8C3:  {0x1105, 0x116C, 0x11BA},
	0xB8C4:  {0x1105, 0x116C, 0x11BB},
	0xB8C5:  {0x1105, 0x116C, 0x11BC},
	0xB8C6:  {0x1105, 0x116C, 0x11BD},
	0xB8C7:  {0x1105, 0x116C, 0x11BE},
	0xB8C8:  {0x1105, 0x116C, 0x11BF},
	0xB8C9:  {0x1105, 0x116C, 0x11C0},
	0xB8CA:  {0x1105, 0x116C, 0x11C1},
	0xB8CB:  {0x1105, 0x116C, 0x11C2},
	0xB8CC:  {0x1105, 0x116D},
	0xB8CD:  {0x1105, 0x116D, 0x11A8},
	0xB8CE:  {0x1105, 0x116D, 0x11A9},
	0xB8CF:  {0x1105, 0x116D, 0x11AA},
	0xB8D0:  {0x1105, 0x116D, 0x11AB},
	0xB8D1:  {0x1105, 0x116D, 0x11AC},
	0xB8D2:  {0x1105, 0x116D, 0x11AD},
	0xB8D3:  {0x1105, 0x116D, 0x11AE},
	0xB8D4:  {0x1105, 0x116D, 0x11AF},
	0xB8D5:  {0x1105, 0x116D, 0x11B0},
	0xB8D6:  {0x1105, 0x116D, 0x11B1},
	0xB8D7:  {0x1105, 0x116D, 0x11B2},
	0xB8D8:  {0x1105, 0x116D, 0x11B3},
	0xB8D9:  {0x1105, 0x116D, 0x11B4},
	0xB8DA:  {0x1105, 0x116D, 0x11B5},
	0xB8DB:  {0x1105, 0x116D, 0x11B6},
	0xB8DC:  {0x1105, 0x116D, 0x11B7},
	0xB8DD:  {0x1105, 0x116D, 0x11B8},
	0xB8DE:  {0x1105, 0x116D, 0x11B9},
	0xB8DF:  {0x1105, 0x116D, 0x11BA},
	0xB8E0:  {0x1105, 0x116D, 0x11BB},
	0xB8E1:  {0x1105, 0x116D, 0x11BC},
	0xB8E2:  {0x1105, 0x116D, 0x11BD},
	0xB8E3:  {0x1105, 0x116D, 0x11BE},
	0xB8E4:  {0x1105, 0x116D, 0x11BF},
	0xB8E5:  {0x1105, 0x116D, 0x11C0},
	0xB8E6:  {0x1105, 0x116D, 0x11C1},
	0xB8E7:  {0x1105, 0x116D, 0x11C2},
	0xB8E8:  {0x1105, 0x116E},
	0xB8E9:  {0x1105, 0x116E, 0x11A8},
	0xB8EA:  {0x1105, 0x116E, 0x11A9},
	0xB8EB:  {0x1105, 0x116E, 0x11AA},
	0xB8EC:  {0x1105, 0x116E, 0x11AB},
	0xB8ED:  {0x1105, 0x116E, 0x11AC},
	0xB8EE:  {0x1105, 0x116E, 0x11AD},
	0xB8EF:  {0x1105, 0x116E, 0x11AE},
	0xB8F0:  {0x1105, 0x116E, 0x11AF},
	0xB8F1:  {0x1105, 0x116E, 0x11B0},
	0xB8F2:  {0x1105, 0x116E, 0x11B1},
	0xB8F3:  {0x1105, 0x116E, 0x11B2},
	0xB8F4:  {0x1105, 0x116E, 0x11B3},
	0xB8F5:  {0x1105, 0x116E, 0x11B4},
	0xB8F6:  {0x1105, 0x116E, 0x11B5},
	0xB8F7:  {0x1105, 0x116E, 0x11B6},
	0xB8F8:  {0x1105, 0x116E, 0x11B7},
	0xB8F9:  {0x1105, 0x116E, 0x11B8},
	0xB8FA:  {0x1105, 0x116E, 0x11B9},
	0xB8FB:  {0x1105, 0x116E, 0x11BA},
	0xB8FC:  {0x1105, 0x116E, 0x11BB},
	0xB8FD:  {0x1105, 0x116E, 0x11BC},
	0xB8FE:  {0x1105, 0x116E, 0x11BD},
	0xB8FF:  {0x1105, 0x116E, 0x11BE},
	0xB900:  {0x1105, 0x116E, 0x11BF},
	0xB901:  {0x1105, 0x116E, 0x11C0},
	0xB902:  {0x1105, 0x116E, 0x11C1},
	0xB903:  {0x1105, 0x116E, 0x11C2},
	0xB904:  {0x1105, 0x116F},
	0xB905:  {0x1105, 0x116F, 0x11A8},
	0xB906:  {0x1105, 0x116F, 0x11A9},
	0xB907:  {0x1105, 0x116F, 0x11AA},
	0xB908:  {0x1105, 0x116F, 0x11AB},
	0xB909:  {0x1105, 0x116F, 0x11AC},
	0xB90A:  {0x1105, 0x116F, 0x11AD},
	0xB90B:  {0x1105, 0x116F, 0x11AE},
	0xB90C:  {0x1105, 0x116F, 0x11AF},
	0xB90D:  {0x1105, 0x116F, 0x11B0},
	0xB90E:  {0x1105, 0x116F, 0x11B1},
	0xB90F:  {0x1105, 0x116F, 0x11B2},
	0xB910:  {0x1105, 0x116F, 0x11B3},
	0xB911:  {0x1105, 0x116F, 0x11B4},
	0xB912:  {0x1105, 0x116F, 0x11B5},
	0xB913:  {0x1105, 0x116F, 0x11B6},
	0xB914:  {0x1105, 0x116F, 0x11B7},
	0xB915:  {0x1105, 0x116F, 0x11B8},
	0xB916:  {0x1105, 0x116F, 0x11B9},
	0xB917:  {0x1105, 0x116F, 0x11BA},
	0xB918:  {0x1105, 0x116F, 0x11BB},
	0xB919:  {0x1105, 0x116F, 0x11BC},
	0xB91A:  {0x1105, 0x116F, 0x11BD},
	0xB91B:  {0x1105, 0x116F, 0x11BE},
	0xB91C:  {0x1105, 0x116F, 0x11BF},
	0xB91D:  {0x1105, 0x116F, 0x11C0},
	0xB91E:  {0x1105, 0x116F, 0x11C1},
	0xB91F:  {0x1105, 0x116F, 0x11C2},
	0xB920:  {0x1105, 0x1170},
	0xB921:  {0x1105, 0x1170, 0x11A8},
	0xB922:  {0x1105, 0x1170, 0x11A9},
	0xB923:  {0x1105, 0x1170, 0x11AA},
	0xB924:  {0x1105, 0x1170, 0x11AB},
	0xB925:  {0x1105, 0x1170, 0x11AC},
	0xB926:  {0x1105, 0x1170, 0x11AD},
	0xB927:  {0x1105, 0x1170, 0x11AE},
	0xB928:  {0x1105, 0x1170, 0x11AF},
	0xB929:  {0x1105, 0x1170, 0x11B0},
	0xB92A:  {0x1105, 0x1170, 0x11B1},
	0xB92B:  {0x1105, 0x1170, 0x11B2},
	0xB92C:  {0x1105, 0x1170, 0x11B3},
	0xB92D:  {0x1105, 0x1170, 0x11B4},
	0xB92E:  {0x1105, 0x1170, 0x11B5},
	0xB92F:  {0x1105, 0x1170, 0x11B6},
	0xB930:  {0x1105, 0x1170, 0x11B7},
	0xB931:  {0x1105, 0x1170, 0x11B8},
	0xB932:  {0x1105, 0x1170, 0x11B9},
	0xB933:  {0x1105, 0x1170, 0x11BA},
	0xB934:  {0x1105, 0x1170, 0x11BB},
	0xB935:  {0x1105, 0x1170, 0x11BC},
	0xB936:  {0x1105, 0x1170, 0x11BD},
	0xB937:  {0x1105, 0x1170, 0x11BE},
	0xB938:  {0x1105, 0x1170, 0x11BF},
	0xB939:  {0x1105, 0x1170, 0x11C0},
	0xB93A:  {0x1105, 0x1170, 0x11C1},
	0xB93B:  {0x1105, 0x1170, 0x11C2},
	0xB93C:  {0x1105, 0x1171},
	0xB93D:  {0x1105, 0x1171, 0x11A8},
	0xB93E:  {0x1105, 0x1171, 0x11A9},
	0xB93F:  {0x1105, 0x1171, 0x11AA},
	0xB940:  {0x1105, 0x1171, 0x11AB},
	0xB941:  {0x1105, 0x1171, 0x11AC},
	0xB942:  {0x1105, 0x1171, 0x11AD},
	0xB943:  {0x1105, 0x1171, 0x11AE},
	0xB944:  {0x1105, 0x1171, 0x11AF},
	0xB945:  {0x1105, 0x1171, 0x11B0},
	0xB946:  {0x1105, 0x1171, 0x11B1},
	0xB947:  {0x1105, 0x1171, 0x11B2},
	0xB948:  {0x1105, 0x1171, 0x11B3},
	0xB949:  {0x1105, 0x1171, 0x11B4},
	0xB94A:  {0x1105, 0x1171, 0x11B5},
	0xB94B:  {0x1105, 0x1171, 0x11B6},
	0xB94C:  {0x1105, 0x1171, 0x11B7},
	0xB94D:  {0x1105, 0x1171, 0x11B8},
	0xB94E:  {0x1105, 0x1171, 0x11B9},
	0xB94F:  {0x1105, 0x1171, 0x11BA},
	0xB950:  {0x1105, 0x1171, 0x11BB},
	0xB951:  {0x1105, 0x1171, 0x11BC},
	0xB952:  {0x1105, 0x1171, 0x11BD},
	0xB953:  {0x1105, 0x1171, 0x11BE},
	0xB954:  {0x1105, 0x1171, 0x11BF},
	0xB955:  {0x1105, 0x1171, 0x11C0},
	0xB956:  {0x1105, 0x1171, 0x11C1},
	0xB957:  {0x1105, 0x1171, 0x11C2},
	0xB958:  {0x1105, 0x1172},
	0xB959:  {0x1105, 0x1172, 0x11A8},
	0xB95A:  {0x1105, 0x1172, 0x11A9},
	0xB95B:  {0x1105, 0x1172, 0x11AA},
	0xB95C:  {0x1105, 0x1172, 0x11AB},
	0xB95D:  {0x1105, 0x1172, 0x11AC},
	0xB95E:  {0x1105, 0x1172, 0x11AD},
	0xB95F:  {0x1105, 0x1172, 0x11AE},
	0xB960:  {0x1105, 0x1172, 0x11AF},
	0xB961:  {0x1105, 0x1172, 0x11B0},
	0xB962:  {0x1105, 0x1172, 0x11B1},
	0xB963:  {0x1105, 0x1172, 0x11B2},
	0xB964:  {0x1105, 0x1172, 0x11B3},
	0xB965:  {0x1105, 0x1172, 0x11B4},
	0xB966:  {0x1105, 0x1172, 0x11B5},
	0xB967:  {0x1105, 0x1172, 0x11B6},
	0xB968:  {0x1105, 0x1172, 0x11B7},
	0xB969:  {0x1105, 0x1172, 0x11B8},
	0xB96A:  {0x1105, 0x1172, 0x11B9},
	0xB96B:  {0x1105, 0x1172, 0x11BA},
	0xB96C:  {0x1105, 0x1172, 0x11BB},
	0xB96D:  {0x1105, 0x1172, 0x11BC},
	0xB96E:  {0x1105, 0x1172, 0x11BD},
	0xB96F:  {0x1105, 0x1172, 0x11BE},
	0xB970:  {0x1105, 0x1172, 0x11BF},
	0xB971:  {0x1105, 0x1172, 0x11C0},
	0xB972:  {0x1105, 0x1172, 0x11C1},
	0xB973:  {0x1105, 0x1172, 0x11C2},
	0xB974:  {0x1105, 0x1173},
	0xB975:  {0x1105, 0x1173, 0x11A8},
	0xB976:  {0x1105, 0x1173, 0x11A9},
	0xB977:  {0x1105, 0x1173, 0x11AA},
	0xB978:  {0x1105, 0x1173, 0x11AB},
	0xB979:  {0x1105, 0x1173, 0x11AC},
	0xB97A:  {0x1105, 0x1173, 0x11AD},
	0xB97B:  {0x1105, 0x1173, 0x11AE},
	0xB97C:  {0x1105, 0x1173, 0x11AF},
	0xB97D:  {0x1105, 0x1173, 0x11B0},
	0xB97E:  {0x1105, 0x1173, 0x11B1},
	0xB97F:  {0x1105, 0x1173, 0x11B2},
	0xB980:  {0x1105, 0x1173, 0x11B3},
	0xB981:  {0x1105, 0x1173, 0x11B4},
	0xB982:  {0x1105, 0x1173, 0x11B5},
	0xB983:  {0x1105, 0x1173, 0x11B6},
	0xB984:  {0x1105, 0x1173, 0x11B7},
	0xB985:  {0x1105, 0x1173, 0x11B8},
	0xB986:  {0x1105, 0x1173, 0x11B9},
	0xB987:  {0x1105, 0x1173, 0x11BA},
	0xB988:  {0x1105, 0x1173, 0x11BB},
	0xB989:  {0x1105, 0x1173, 0x11BC},
	0xB98A:  {0x1105, 0x1173, 0x11BD},
	0xB98B:  {0x1105, 0x1173, 0x11BE},
	0xB98C:  {0x1105, 0x1173, 0x11BF},
	0xB98D:  {0x1105, 0x1173, 0x11C0},
	0xB98E:  {0x1105, 0x1173, 0x11C1},
	0xB98F:  {0x1105, 0x1173, 0x11C2},
	0xB990:  {0x1105, 0x1174},
	0xB991:  {0x1105, 0x1174, 0x11A8},
	0xB992:  {0x1105, 0x1174, 0x11A9},
	0xB993:  {0x1105, 0x1174, 0x11AA},
	0xB994:  {0x1105, 0x1174, 0x11AB},
	0xB995:  {0x1105, 0x1174, 0x11AC},
	0xB996:  {0x1105, 0x1174, 0x11AD},
	0xB997:  {0x1105, 0x1174, 0x11AE},
	0xB998:  {0x1105, 0x1174, 0x11AF},
	0xB999:  {0x1105, 0x1174, 0x11B0},
	0xB99A:  {0x1105, 0x1174, 0x11B1},
	0xB99B:  {0x1105, 0x1174, 0x11B2},
	0xB99C:  {0x1105, 0x1174, 0x11B3},
	0xB99D:  {0x1105, 0x1174, 0x11B4},
	0xB99E:  {0x1105, 0x1174, 0x11B5},
	0xB99F:  {0x1105, 0x1174, 0x11B6},
	0xB9A0:  {0x1105, 0x1174, 0x11B7},
	0xB9A1:  {0x1105, 0x1174, 0x11B8},
	0xB9A2:  {0x1105, 0x1174, 0x11B9},
	0xB9A3:  {0x1105, 0x1174, 0x11BA},
	0xB9A4:  {0x1105, 0x1174, 0x11BB},
	0xB9A5:  {0x1105, 0x1174, 0x11BC},
	0xB9A6:  {0x1105, 0x1174, 0x11BD},
	0xB9A7:  {0x1105, 0x1174, 0x11BE},
	0xB9A8:  {0x1105, 0x1174, 0x11BF},
	0xB9A9:  {0x1105, 0x1174, 0x11C0},
	0xB9AA:  {0x1105, 0x1174, 0x11C1},
	0xB9AB:  {0x1105, 0x1174, 0x11C2},
	0xB9AC:  {0x1105, 0x1175},
	0xB9AD:  {0x1105, 0x1175, 0x11A8},
	0xB9AE:  {0x1105, 0x1175, 0x11A9},
	0xB9AF:  {0x1105, 0x1175, 0x11AA},
	0xB9B0:  {0x1105, 0x1175, 0x11AB},
	0xB9B1:  {0x1105, 0x1175, 0x11AC},
	0xB9B2:  {0x1105, 0x1175, 0x11AD},
	0xB9B3:  {0x1105, 0x1175, 0x11AE},
	0xB9B4:  {0x1105, 0x1175, 0x11AF},
	0xB9B5:  {0x1105, 0x1175, 0x11B0},
	0xB9B6:  {0x1105, 0x1175, 0x11B1},
	0xB9B7:  {0x1105, 0x1175, 0x11B2},
	0xB9B8:  {0x1105, 0x1175, 0x11B3},
	0xB9B9:  {0x1105, 0x1175, 0x11B4},
	0xB9BA:  {0x1105, 0x1175, 0x11B5},
	0xB9BB:  {0x1105, 0x1175, 0x11B6},
	0xB9BC:  {0x1105, 0x1175, 0x11B7},
	0xB9BD:  {0x1105, 0x1175, 0x11B8},
	0xB9BE:  {0x1105, 0x1175, 0x11B9},
	0xB9BF:  {0x1105, 0x1175, 0x11BA},
	0xB9C0:  {0x1105, 0x1175, 0x11BB},
	0xB9C1:  {0x1105, 0x1175, 0x11BC},
	0xB9C2:  {0x1105, 0x1175, 0x11BD},
	0xB9C3:  {0x1105, 0x1175, 0x11BE},
	0xB9C4:  {0x1105, 0x1175, 0x11BF},
	0xB9C5:  {0x1105, 0x1175, 0x11C0},
	0xB9C6:  {0x1105, 0x1175, 0x11C1},
	0xB9C7:  {0x1105, 0x1175, 0x11C2},
	0xB9C8:  {0x1106, 0x1161},
	0xB9C9:  {0x1106, 0x1161, 0x11A8},
	0xB9CA:  {0x1106, 0x1161, 0x11A9},
	0xB9CB:  {0x1106, 0x1161, 0x11AA},
	0xB9CC:  {0x1106, 0x1161, 0x11AB},
	0xB9CD:  {0x1106, 0x1161, 0x11AC},
	0xB9CE:  {0x1106, 0x1161, 0x11AD},
	0xB9CF:  {0x1106, 0x1161, 0x11AE},
	0xB9D0:  {0x1106, 0x1161, 0x11AF},
	0xB9D1:  {0x1106, 0x1161, 0x11B0},
	0xB9D2:  {0x1106, 0x1161, 0x11B1},
	0xB9D3:  {0x1106, 0x1161, 0x11B2},
	0xB9D4:  {0x1106, 0x1161, 0x11B3},
	0xB9D5:  {0x1106, 0x1161, 0x11B4},
	0xB9D6:  {0x1106, 0x1161, 0x11B5},
	0xB9D7:  {0x1106, 0x1161, 0x11B6},
	0xB9D8:  {0x1106, 0x1161, 0x11B7},
	0xB9D9:  {0x1106, 0x1161, 0x11B8},
	0xB9DA:  {0x1106, 0x1161, 0x11B9},
	0xB9DB:  {0x1106, 0x1161, 0x11BA},
	0xB9DC:  {0x1106, 0x1161, 0x11BB},
	0xB9DD:  {0x1106, 0x1161, 0x11BC},
	0xB9DE:  {0x1106, 0x1161, 0x11BD},
	0xB9DF:  {0x1106, 0x1161, 0x11BE},
	0xB9E0:  {0x1106, 0x1161, 0x11BF},
	0xB9E1:  {0x1106, 0x1161, 0x11C0},
	0xB9E2:  {0x1106, 0x1161, 0x11C1},
	0xB9E3:  {0x1106, 0x1161, 0x11C2},
	0xB9E4:  {0x1106, 0x1162},
	0xB9E5:  {0x1106, 0x1162, 0x11A8},
	0xB9E6:  {0x1106, 0x1162, 0x11A9},
	0xB9E7:  {0x1106, 0x1162, 0x11AA},
	0xB9E8:  {0x1106, 0x1162, 0x11AB},
	0xB9E9:  {0x1106, 0x1162, 0x11AC},
	0xB9EA:  {0x1106, 0x1162, 0x11AD},
	0xB9EB:  {0x1106, 0x1162, 0x11AE},
	0xB9EC:  {0x1106, 0x1162, 0x11AF},
	0xB9ED:  {0x1106, 0x1162, 0x11B0},
	0xB9EE:  {0x1106, 0x1162, 0x11B1},
	0xB9EF:  {0x1106, 0x1162, 0x11B2},
	0xB9F0:  {0x1106, 0x1162, 0x11B3},
	0xB9F1:  {0x1106, 0x1162, 0x11B4},
	0xB9F2:  {0x1106, 0x1162, 0x11B5},
	0xB9F3:  {0x1106, 0x1162, 0x11B6},
	0xB9F4:  {0x1106, 0x1162, 0x11B7},
	0xB9F5:  {0x1106, 0x1162, 0x11B8},
	0xB9F6:  {0x1106, 0x1162, 0x11B9},
	0xB9F7:  {0x1106, 0x1162, 0x11BA},
	0xB9F8:  {0x1106, 0x1162, 0x11BB},
	0xB9F9:  {0x1106, 0x1162, 0x11BC},
	0xB9FA:  {0x1106, 0x1162, 0x11BD},
	0xB9FB:  {0x1106, 0x1162, 0x11BE},
	0xB9FC:  {0x1106, 0x1162, 0x11BF},
	0xB9FD:  {0x1106, 0x1162, 0x11C0},
	0xB9FE:  {0x1106, 0x1162, 0x11C1},
	0xB9FF:  {0x1106, 0x1162, 0x11C2},
	0xBA00:  {0x1106, 0x1163},
	0xBA01:  {0x1106, 0x1163, 0x11A8},
	0xBA02:  {0x1106, 0x1163, 0x11A9},
	0xBA03:  {0x1106, 0x1163, 0x11AA},
	0xBA04:  {0x1106, 0x1163, 0x11AB},
	0xBA05:  {0x1106, 0x1163, 0x11AC},
	0xBA06:  {0x1106, 0x1163, 0x11AD},
	0xBA07:  {0x1106, 0x1163, 0x11AE},
	0xBA08:  {0x1106, 0x1163, 0x11AF},
	0xBA09:  {0x1106, 0x1163, 0x11B0},
	0xBA0A:  {0x1106, 0x1163, 0x11B1},
	0xBA0B:  {0x1106, 0x1163, 0x11B2},
	0xBA0C:  {0x1106, 0x1163, 0x11B3},
	0xBA0D:  {0x1106, 0x1163, 0x11B4},
	0xBA0E:  {0x1106, 0x1163, 0x11B5},
	0xBA0F:  {0x1106, 0x1163, 0x11B6},
	0xBA10:  {0x1106, 0x1163, 0x11B7},
	0xBA11:  {0x1106, 0x1163, 0x11B8},
	0xBA12:  {0x1106, 0x1163, 0x11B9},
	0xBA13:  {0x1106, 0x1163, 0x11BA},
	0xBA14:  {0x1106, 0x1163, 0x11BB},
	0xBA15:  {0x1106, 0x1163, 0x11BC},
	0xBA16:  {0x1106, 0x1163, 0x11BD},
	0xBA17:  {0x1106, 0x1163, 0x11BE},
	0xBA18:  {0x1106, 0x1163, 0x11BF},
	0xBA19:  {0x1106, 0x1163, 0x11C0},
	0xBA1A:  {0x1106, 0x1163, 0x11C1},
	0xBA1B:  {0x1106, 0x1163, 0x11C2},
	0xBA1C:  {0x1106, 0x1164},
	0xBA1D:  {0x1106, 0x1164, 0x11A8},
	0xBA1E:  {0x1106, 0x1164, 0x11A9},
	0xBA1F:  {0x1106, 0x1164, 0x11AA},
	0xBA20:  {0x1106, 0x1164, 0x11AB},
	0xBA21:  {0x1106, 0x1164, 0x11AC},
	0xBA22:  {0x1106, 0x1164, 0x11AD},
	0xBA23:  {0x1106, 0x1164, 0x11AE},
	0xBA24:  {0x1106, 0x1164, 0x11AF},
	0xBA25:  {0x1106, 0x1164, 0x11B0},
	0xBA26:  {0x1106, 0x1164, 0x11B1},
	0xBA27:  {0x1106, 0x1164, 0x11B2},
	0xBA28:  {0x1106, 0x1164, 0x11B3},
	0xBA29:  {0x1106, 0x1164, 0x11B4},
	0xBA2A:  {0x1106, 0x1164, 0x11B5},
	0xBA2B:  {0x1106, 0x1164, 0x11B6},
	0xBA2C:  {0x1106, 0x1164, 0x11B7},
	0xBA2D:  {0x1106, 0x1164, 0x11B8},
	0xBA2E:  {0x1106, 0x1164, 0x11B9},
	0xBA2F:  {0x1106, 0x1164, 0x11BA},
	0xBA30:  {0x1106, 0x1164, 0x11BB},
	0xBA31:  {0x1106, 0x1164, 0x11BC},
	0xBA32:  {0x1106, 0x1164, 0x11BD},
	0xBA33:  {0x1106, 0x1164, 0x11BE},
	0xBA34:  {0x1106, 0x1164, 0x11BF},
	0xBA35:  {0x1106, 0x1164, 0x11C0},
	0xBA36:  {0x1106, 0x1164, 0x11C1},
	0xBA37:  {0x1106, 0x1164, 0x11C2},
	0xBA38:  {0x1106, 0x1165},
	0xBA39:  {0x1106, 0x1165, 0x11A8},
	0xBA3A:  {0x1106, 0x1165, 0x11A9},
	0xBA3B:  {0x1106, 0x1165, 0x11AA},
	0xBA3C:  {0x1106, 0x1165, 0x11AB},
	0xBA3D:  {0x1106, 0x1165, 0x11AC},
	0xBA3E:  {0x1106, 0x1165, 0x11AD},
	0xBA3F:  {0x1106, 0x1165, 0x11AE},
	0xBA40:  {0x1106, 0x1165, 0x11AF},
	0xBA41:  {0x1106, 0x1165, 0x11B0},
	0xBA42:  {0x1106, 0x1165, 0x11B1},
	0xBA43:  {0x1106, 0x1165, 0x11B2},
	0xBA44:  {0x1106, 0x1165, 0x11B3},
	0xBA45:  {0x1106, 0x1165, 0x11B4},
	0xBA46:  {0x1106, 0x1165, 0x11B5},
	0xBA47:  {0x1106, 0x1165, 0x11B6},
	0xBA48:  {0x1106, 0x1165, 0x11B7},
	0xBA49:  {0x1106, 0x1165, 0x11B8},
	0xBA4A:  {0x1106, 0x1165, 0x11B9},
	0xBA4B:  {0x1106, 0x1165, 0x11BA},
	0xBA4C:  {0x1106, 0x1165, 0x11BB},
	0xBA4D:  {0x1106, 0x1165, 0x11BC},
	0xBA4E:  {0x1106, 0x1165, 0x11BD},
	0xBA4F:  {0x1106, 0x1165, 0x11BE},
	0xBA50:  {0x1106, 0x1165, 0x11BF},
	0xBA51:  {0x1106, 0x1165, 0x11C0},
	0xBA52:  {0x1106, 0x1165, 0x11C1},
	0xBA53:  {0x1106, 0x1165, 0x11C2},
	0xBA54:  {0x1106, 0x1166},
	0xBA55:  {0x1106, 0x1166, 0x11A8},
	0xBA56:  {0x1106, 0x1166, 0x11A9},
	0xBA57:  {0x1106, 0x1166, 0x11AA},
	0xBA58:  {0x1106, 0x1166, 0x11AB},
	0xBA59:  {0x1106, 0x1166, 0x11AC},
	0xBA5A:  {0x1106, 0x1166, 0x11AD},
	0xBA5B:  {0x1106, 0x1166, 0x11AE},
	0xBA5C:  {0x1106, 0x1166, 0x11AF},
	0xBA5D:  {0x1106, 0x1166, 0x11B0},
	0xBA5E:  {0x1106, 0x1166, 0x11B1},
	0xBA5F:  {0x1106, 0x1166, 0x11B2},
	0xBA60:  {0x1106, 0x1166, 0x11B3},
	0xBA61:  {0x1106, 0x1166, 0x11B4},
	0xBA62:  {0x1106, 0x1166, 0x11B5},
	0xBA63:  {0x1106, 0x1166, 0x11B6},
	0xBA64:  {0x1106, 0x1166, 0x11B7},
	0xBA65:  {0x1106, 0x1166, 0x11B8},
	0xBA66:  {0x1106, 0x1166, 0x11B9},
	0xBA67:  {0x1106, 0x1166, 0x11BA},
	0xBA68:  {0x1106, 0x1166, 0x11BB},
	0xBA69:  {0x1106, 0x1166, 0x11BC},
	0xBA6A:  {0x1106, 0x1166, 0x11BD},
	0xBA6B:  {0x1106, 0x1166, 0x11BE},
	0xBA6C:  {0x1106, 0x1166, 0x11BF},
	0xBA6D:  {0x1106, 0x1166, 0x11C0},
	0xBA6E:  {0x1106, 0x1166, 0x11C1},
	0xBA6F:  {0x1106, 0x1166, 0x11C2},
	0xBA70:  {0x1106, 0x1167},
	0xBA71:  {0x1106, 0x1167, 0x11A8},
	0xBA72:  {0x1106, 0x1167, 0x11A9},
	0xBA73:  {0x1106, 0x1167, 0x11AA},
	0xBA74:  {0x1106, 0x1167, 0x11AB},
	0xBA75:  {0x1106, 0x1167, 0x11AC},
	0xBA76:  {0x1106, 0x1167, 0x11AD},
	0xBA77:  {0x1106, 0x1167, 0x11AE},
	0xBA78:  {0x1106, 0x1167, 0x11AF},
	0xBA79:  {0x1106, 0x1167, 0x11B0},
	0xBA7A:  {0x1106, 0x1167, 0x11B1},
	0xBA7B:  {0x1106, 0x1167, 0x11B2},
	0xBA7C:  {0x1106, 0x1167, 0x11B3},
	0xBA7D:  {0x1106, 0x1167, 0x11B4},
	0xBA7E:  {0x1106, 0x1167, 0x11B5},
	0xBA7F:  {0x1106, 0x1167, 0x11B6},
	0xBA80:  {0x1106, 0x1167, 0x11B7},
	0xBA81:  {0x1106, 0x1167, 0x11B8},
	0xBA82:  {0x1106, 0x1167, 0x11B9},
	0xBA83:  {0x1106, 0x1167, 0x11BA},
	0xBA84:  {0x1106, 0x1167, 0x11BB},
	0xBA85:  {0x1106, 0x1167, 0x11BC},
	0xBA86:  {0x1106, 0x1167, 0x11BD},
	0xBA87:  {0x1106, 0x1167, 0x11BE},
	0xBA88:  {0x1106, 0x1167, 0x11BF},
	0xBA89:  {0x1106, 0x1167, 0x11C0},
	0xBA8A:  {0x1106, 0x1167, 0x11C1},
	0xBA8B:  {0x1106, 0x1167, 0x11C2},
	0xBA8C:  {0x1106, 0x1168},
	0xBA8D:  {0x1106, 0x1168, 0x11A8},
	0xBA8E:  {0x1106, 0x1168, 0x11A9},
	0xBA8F:  {0x1106, 0x1168, 0x11AA},
	0xBA90:  {0x1106, 0x1168, 0x11AB},
	0xBA91:  {0x1106, 0x1168, 0x11AC},
	0xBA92:  {0x1106, 0x1168, 0x11AD},
	0xBA93:  {0x1106, 0x1168, 0x11AE},
	0xBA94:  {0x1106, 0x1168, 0x11AF},
	0xBA95:  {0x1106, 0x1168, 0x11B0},
	0xBA96:  {0x1106, 0x1168, 0x11B1},
	0xBA97:  {0x1106, 0x1168, 0x11B2},
	0xBA98:  {0x1106, 0x1168, 0x11B3},
	0xBA99:  {0x1106, 0x1168, 0x11B4},
	0xBA9A:  {0x1106, 0x1168, 0x11B5},
	0xBA9B:  {0x1106, 0x1168, 0x11B6},
	0xBA9C:  {0x1106, 0x1168, 0x11B7},
	0xBA9D:  {0x1106, 0x1168, 0x11B8},
	0xBA9E:  {0x1106, 0x1168, 0x11B9},
	0xBA9F:  {0x1106, 0x1168, 0x11BA},
	0xBAA0:  {0x1106, 0x1168, 0x11BB},
	0xBAA1:  {0x1106, 0x1168, 0x11BC},
	0xBAA2:  {0x1106, 0x1168, 0x11BD},
	0xBAA3:  {0x1106, 0x1168, 0x11BE},
	0xBAA4:  {0x1106, 0x1168, 0x11BF},
	0xBAA5:  {0x1106, 0x1168, 0x11C0},
	0xBAA6:  {0x1106, 0x1168, 0x11C1},
	0xBAA7:  {0x1106, 0x1168, 0x11C2},
	0xBAA8:  {0x1106, 0x1169},
	0xBAA9:  {0x1106, 0x1169, 0x11A8},
	0xBAAA:  {0x1106, 0x1169, 0x11A9},
	0xBAAB:  {0x1106, 0x1169, 0x11AA},
	0xBAAC:  {0x1106, 0x1169, 0x11AB},
	0xBAAD:  {0x1106, 0x1169, 0x11AC},
	0xBAAE:  {0x1106, 0x1169, 0x11AD},
	0xBAAF:  {0x1106, 0x1169, 0x11AE},
	0xBAB0:  {0x1106, 0x1169, 0x11AF},
	0xBAB1:  {0x1106, 0x1169, 0x11B0},
	0xBAB2:  {0x1106, 0x1169, 0x11B1},
	0xBAB3:  {0x1106, 0x1169, 0x11B2},
	0xBAB4:  {0x1106, 0x1169, 0x11B3},
	0xBAB5:  {0x1106, 0x1169, 0x11B4},
	0xBAB6:  {0x1106, 0x1169, 0x11B5},
	0xBAB7:  {0x1106, 0x1169, 0x11B6},
	0xBAB8:  {0x1106, 0x1169, 0x11B7},
	0xBAB9:  {0x1106, 0x1169, 0x11B8},
	0xBABA:  {0x1106, 0x1169, 0x11B9},
	0xBABB:  {0x1106, 0x1169, 0x11BA},
	0xBABC:  {0x1106, 0x1169, 0x11BB},
	0xBABD:  {0x1106, 0x1169, 0x11BC},
	0xBABE:  {0x1106, 0x1169, 0x11BD},
	0xBABF:  {0x1106, 0x1169, 0x11BE},
	0xBAC0:  {0x1106, 0x1169, 0x11BF},
	0xBAC1:  {0x1106, 0x1169, 0x11C0},
	0xBAC2:  {0x1106, 0x1169, 0x11C1},
	0xBAC3:  {0x1106, 0x1169, 0x11C2},
	0xBAC4:  {0x1106, 0x116A},
	0xBAC5:  {0x1106, 0x116A, 0x11A8},
	0xBAC6:  {0x1106, 0x116A, 0x11A9},
	0xBAC7:  {0x1106, 0x116A, 0x11AA},
	0xBAC8:  {0x1106, 0x116A, 0x11AB},
	0xBAC9:  {0x1106, 0x116A, 0x11AC},
	0xBACA:  {0x1106, 0x116A, 0x11AD},
	0xBACB:  {0x1106, 0x116A, 0x11AE},
	0xBACC:  {0x1106, 0x116A, 0x11AF},
	0xBACD:  {0x1106, 0x116A, 0x11B0},
	0xBACE:  {0x1106, 0x116A, 0x11B1},
	0xBACF:  {0x1106, 0x116A, 0x11B2},
	0xBAD0:  {0x1106, 0x116A, 0x11B3},
	0xBAD1:  {0x1106, 0x116A, 0x11B4},
	0xBAD2:  {0x1106, 0x116A, 0x11B5},
	0xBAD3:  {0x1106, 0x116A, 0x11B6},
	0xBAD4:  {0x1106, 0x116A, 0x11B7},
	0xBAD5:  {0x1106, 0x116A, 0x11B8},
	0xBAD6:  {0x1106, 0x116A, 0x11B9},
	0xBAD7:  {0x1106, 0x116A, 0x11BA},
	0xBAD8:  {0x1106, 0x116A, 0x11BB},
	0xBAD9:  {0x1106, 0x116A, 0x11BC},
	0xBADA:  {0x1106, 0x116A, 0x11BD},
	0xBADB:  {0x1106, 0x116A, 0x11BE},
	0xBADC:  {0x1106, 0x116A, 0x11BF},
	0xBADD:  {0x1106, 0x116A, 0x11C0},
	0xBADE:  {0x1106, 0x116A, 0x11C1},
	0xBADF:  {0x1106, 0x116A, 0x11C2},
	0xBAE0:  {0x1106, 0x116B},
	0xBAE1:  {0x1106, 0x116B, 0x11A8},
	0xBAE2:  {0x1106, 0x116B, 0x11A9},
	0xBAE3:  {0x1106, 0x116B, 0x11AA},
	0xBAE4:  {0x1106, 0x116B, 0x11AB},
	0xBAE5:  {0x1106, 0x116B, 0x11AC},
	0xBAE6:  {0x1106, 0x116B, 0x11AD},
	0xBAE7:  {0x1106, 0x116B, 0x11AE},
	0xBAE8:  {0x1106, 0x116B, 0x11AF},
	0xBAE9:  {0x1106, 0x116B, 0x11B0},
	0xBAEA:  {0x1106, 0x116B, 0x11B1},
	0xBAEB:  {0x1106, 0x116B, 0x11B2},
	0xBAEC:  {0x1106, 0x116B, 0x11B3},
	0xBAED:  {0x1106, 0x116B, 0x11B4},
	0xBAEE:  {0x1106, 0x116B, 0x11B5},
	0xBAEF:  {0x1106, 0x116B, 0x11B6},
	0xBAF0:  {0x1106, 0x116B, 0x11B7},
	0xBAF1:  {0x1106, 0x116B, 0x11B8},
	0xBAF2:  {0x1106, 0x116B, 0x11B9},
	0xBAF3:  {0x1106, 0x116B, 0x11BA},
	0xBAF4:  {0x1106, 0x116B, 0x11BB},
	0xBAF5:  {0x1106, 0x116B, 0x11BC},
	0xBAF6:  {0x1106, 0x116B, 0x11BD},
	0xBAF7:  {0x1106, 0x116B, 0x11BE},
	0xBAF8:  {0x1106, 0x116B, 0x11BF},
	0xBAF9:  {0x1106, 0x116B, 0x11C0},
	0xBAFA:  {0x1106, 0x116B, 0x11C1},
	0xBAFB:  {0x1106, 0x116B, 0x11C2},
	0xBAFC:  {0x1106, 0x116C},
	0xBAFD:  {0x1106, 0x116C, 0x11A8},
	0xBAFE:  {0x1106, 0x116C, 0x11A9},
	0xBAFF:  {0x1106, 0x116C, 0x11AA},
	0xBB00:  {0x1106, 0x116C, 0x11AB},
	0xBB01:  {0x1106, 0x116C, 0x11AC},
	0xBB02:  {0x1106, 0x116C, 0x11AD},
	0xBB03:  {0x1106, 0x116C, 0x11AE},
	0xBB04:  {0x1106, 0x116C, 0x11AF},
	0xBB05:  {0x1106, 0x116C, 0x11B0},
	0xBB06:  {0x1106, 0x116C, 0x11B1},
	0xBB07:  {0x1106, 0x116C, 0x11B2},
	0xBB08:  {0x1106, 0x116C, 0x11B3},
	0xBB09:  {0x1106, 0x116C, 0x11B4},
	0xBB0A:  {0x1106, 0x116C, 0x11B5},
	0xBB0B:  {0x1106, 0x116C, 0x11B6},
	0xBB0C:  {0x1106, 0x116C, 0x11B7},
	0xBB0D:  {0x1106, 0x116C, 0x11B8},
	0xBB0E:  {0x1106, 0x116C, 0x11B9},
	0xBB0F:  {0x1106, 0x116C, 0x11BA},
	0xBB10:  {0x1106, 0x116C, 0x11BB},
	0xBB11:  {0x1106, 0x116C, 0x11BC},
	0xBB12:  {0x1106, 0x116C, 0x11BD},
	0xBB13:  {0x1106, 0x116C, 0x11BE},
	0xBB14:  {0x1106, 0x116C, 0x11BF},
	0xBB15:  {0x1106, 0x116C, 0x11C0},
	0xBB16:  {0x1106, 0x116C, 0x11C1},
	0xBB17:  {0x1106, 0x116C, 0x11C2},
	0xBB18:  {0x1106, 0x116D},
	0xBB19:  {0x1106, 0x116D, 0x11A8},
	0xBB1A:  {0x1106, 0x116D, 0x11A9},
	0xBB1B:  {0x1106, 0x116D, 0x11AA},
	0xBB1C:  {0x1106, 0x116D, 0x11AB},
	0xBB1D:  {0x1106, 0x116D, 0x11AC},
	0xBB1E:  {0x1106, 0x116D, 0x11AD},
	0xBB1F:  {0x1106, 0x116D, 0x11AE},
	0xBB20:  {0x1106, 0x116D, 0x11AF},
	0xBB21:  {0x1106, 0x116D, 0x11B0},
	0xBB22:  {0x1106, 0x116D, 0x11B1},
	0xBB23:  {0x1106, 0x116D, 0x11B2},
	0xBB24:  {0x1106, 0x116D, 0x11B3},
	0xBB25:  {0x1106, 0x116D, 0x11B4},
	0xBB26:  {0x1106, 0x116D, 0x11B5},
	0xBB27:  {0x1106, 0x116D, 0x11B6},
	0xBB28:  {0x1106, 0x116D, 0x11B7},
	0xBB29:  {0x1106, 0x116D, 0x11B8},
	0xBB2A:  {0x1106, 0x116D, 0x11B9},
	0xBB2B:  {0x1106, 0x116D, 0x11BA},
	0xBB2C:  {0x1106, 0x116D, 0x11BB},
	0xBB2D:  {0x1106, 0x116D, 0x11BC},
	0xBB2E:  {0x1106, 0x116D, 0x11BD},
	0xBB2F:  {0x1106, 0x116D, 0x11BE},
	0xBB30:  {0x1106, 0x116D, 0x11BF},
	0xBB31:  {0x1106, 0x116D, 0x11C0},
	0xBB32:  {0x1106, 0x116D, 0x11C1},
	0xBB33:  {0x1106, 0x116D, 0x11C2},
	0xBB34:  {0x1106, 0x116E},
	0xBB35:  {0x1106, 0x116E, 0x11A8},
	0xBB36:  {0x1106, 0x116E, 0x11A9},
	0xBB37:  {0x1106, 0x116E, 0x11AA},
	0xBB38:  {0x1106, 0x116E, 0x11AB},
	0xBB39:  {0x1106, 0x116E, 0x11AC},
	0xBB3A:  {0x1106, 0x116E, 0x11AD},
	0xBB3B:  {0x1106, 0x116E, 0x11AE},
	0xBB3C:  {0x1106, 0x116E, 0x11AF},
	0xBB3D:  {0x1106, 0x116E, 0x11B0},
	0xBB3E:  {0x1106, 0x116E, 0x11B1},
	0xBB3F:  {0x1106, 0x116E, 0x11B2},
	0xBB40:  {0x1106, 0x116E, 0x11B3},
	0xBB41:  {0x1106, 0x116E, 0x11B4},
	0xBB42:  {0x1106, 0x116E, 0x11B5},
	0xBB43:  {0x1106, 0x116E, 0x11B6},
	0xBB44:  {0x1106, 0x116E, 0x11B7},
	0xBB45:  {0x1106, 0x116E, 0x11B8},
	0xBB46:  {0x1106, 0x116E, 0x11B9},
	0xBB47:  {0x1106, 0x116E, 0x11BA},
	0xBB48:  {0x1106, 0x116E, 0x11BB},
	0xBB49:  {0x1106, 0x116E, 0x11BC},
	0xBB4A:  {0x1106, 0x116E, 0x11BD},
	0xBB4B:  {0x1106, 0x116E, 0x11BE},
	0xBB4C:  {0x1106, 0x116E, 0x11BF},
	0xBB4D:  {0x1106, 0x116E, 0x11C0},
	0xBB4E:  {0x1106, 0x116E, 0x11C1},
	0xBB4F:  {0x1106, 0x116E, 0x11C2},
	0xBB50:  {0x1106, 0x116F},
	0xBB51:  {0x1106, 0x116F, 0x11A8},
	0xBB52:  {0x1106, 0x116F, 0x11A9},
	0xBB53:  {0x1106, 0x116F, 0x11AA},
	0xBB54:  {0x1106, 0x116F, 0x11AB},
	0xBB55:  {0x1106, 0x116F, 0x11AC},
	0xBB56:  {0x1106, 0x116F, 0x11AD},
	0xBB57:  {0x1106, 0x116F, 0x11AE},
	0xBB58:  {0x1106, 0x116F, 0x11AF},
	0xBB59:  {0x1106, 0x116F, 0x11B0},
	0xBB5A:  {0x1106, 0x116F, 0x11B1},
	0xBB5B:  {0x1106, 0x116F, 0x11B2},
	0xBB5C:  {0x1106, 0x116F, 0x11B3},
	0xBB5D:  {0x1106, 0x116F, 0x11B4},
	0xBB5E:  {0x1106, 0x116F, 0x11B5},
	0xBB5F:  {0x1106, 0x116F, 0x11B6},
	0xBB60:  {0x1106, 0x116F, 0x11B7},
	0xBB61:  {0x1106, 0x116F, 0x11B8},
	0xBB62:  {0x1106, 0x116F, 0x11B9},
	0xBB63:  {0x1106, 0x116F, 0x11BA},
	0xBB64:  {0x1106, 0x116F, 0x11BB},
	0xBB65:  {0x1106, 0x116F, 0x11BC},
	0xBB66:  {0x1106, 0x116F, 0x11BD},
	0xBB67:  {0x1106, 0x116F, 0x11BE},
	0xBB68:  {0x1106, 0x116F, 0x11BF},
	0xBB69:  {0x1106, 0x116F, 0x11C0},
	0xBB6A:  {0x1106, 0x116F, 0x11C1},
	0xBB6B:  {0x1106, 0x116F, 0x11C2},
	0xBB6C:  {0x1106, 0x1170},
	0xBB6D:  {0x1106, 0x1170, 0x11A8},
	0xBB6E:  {0x1106, 0x1170, 0x11A9},
	0xBB6F:  {0x1106, 0x1170, 0x11AA},
	0xBB70:  {0x1106, 0x1170, 0x11AB},
	0xBB71:  {0x1106, 0x1170, 0x11AC},
	0xBB72:  {0x1106, 0x1170, 0x11AD},
	0xBB73:  {0x1106, 0x1170, 0x11AE},
	0xBB74:  {0x1106, 0x1170, 0x11AF},
	0xBB75:  {0x1106, 0x1170, 0x11B0},
	0xBB76:  {0x1106, 0x1170, 0x11B1},
	0xBB77:  {0x1106, 0x1170, 0x11B2},
	0xBB78:  {0x1106, 0x1170, 0x11B3},
	0xBB79:  {0x1106, 0x1170, 0x11B4},
	0xBB7A:  {0x1106, 0x1170, 0x11B5},
	0xBB7B:  {0x1106, 0x1170, 0x11B6},
	0xBB7C:  {0x1106, 0x1170, 0x11B7},
	0xBB7D:  {0x1106, 0x1170, 0x11B8},
	0xBB7E:  {0x1106, 0x1170, 0x11B9},
	0xBB7F:  {0x1106, 0x1170, 0x11BA},
	0xBB80:  {0x1106, 0x1170, 0x11BB},
	0xBB81:  {0x1106, 0x1170, 0x11BC},
	0xBB82:  {0x1106, 0x1170, 0x11BD},
	0xBB83:  {0x1106, 0x1170, 0x11BE},
	0xBB84:  {0x1106, 0x1170, 0x11BF},
	0xBB85:  {0x1106, 0x1170, 0x11C0},
	0xBB86:  {0x1106, 0x1170, 0x11C1},
	0xBB87:  {0x1106, 0x1170, 0x11C2},
	0xBB88:  {0x1106, 0x1171},
	0xBB89:  {0x1106, 0x1171, 0x11A8},
	0xBB8A:  {0x1106, 0x1171, 0x11A9},
	0xBB8B:  {0x1106, 0x1171, 0x11AA},
	0xBB8C:  {0x1106, 0x1171, 0x11AB},
	0xBB8D:  {0x1106, 0x1171, 0x11AC},
	0xBB8E:  {0x1106, 0x1171, 0x11AD},
	0xBB8F:  {0x1106, 0x1171, 0x11AE},
	0xBB90:  {0x1106, 0x1171, 0x11AF},
	0xBB91:  {0x1106, 0x1171, 0x11B0},
	0xBB92:  {0x1106, 0x1171, 0x11B1},
	0xBB93:  {0x1106, 0x1171, 0x11B2},
	0xBB94:  {0x1106, 0x1171, 0x11B3},
	0xBB95:  {0x1106, 0x1171, 0x11B4},
	0xBB96:  {0x1106, 0x1171, 0x11B5},
	0xBB97:  {0x1106, 0x1171, 0x11B6},
	0xBB98:  {0x1106, 0x1171, 0x11B7},
	0xBB99:  {0x1106, 0x1171, 0x11B8},
	0xBB9A:  {0x1106, 0x1171, 0x11B9},
	0xBB9B:  {0x1106, 0x1171, 0x11BA},
	0xBB9C:  {0x1106, 0x1171, 0x11BB},
	0xBB9D:  {0x1106, 0x1171, 0x11BC},
	0xBB9E:  {0x1106, 0x1171, 0x11BD},
	0xBB9F:  {0x1106, 0x1171, 0x11BE},
	0xBBA0:  {0x1106, 0x1171, 0x11BF},
	0xBBA1:  {0x1106, 0x1171, 0x11C0},
	0xBBA2:  {0x1106, 0x1171, 0x11C1},
	0xBBA3:  {0x1106, 0x1171, 0x11C2},
	0xBBA4:  {0x1106, 0x1172},
	0xBBA5:  {0x1106, 0x1172, 0x11A8},
	0xBBA6:  {0x1106, 0x1172, 0x11A9},
	0xBBA7:  {0x1106, 0x1172, 0x11AA},
	0xBBA8:  {0x1106, 0x1172, 0x11AB},
	0xBBA9:  {0x1106, 0x1172, 0x11AC},
	0xBBAA:  {0x1106, 0x1172, 0x11AD},
	0xBBAB:  {0x1106, 0x1172, 0x11AE},
	0xBBAC:  {0x1106, 0x1172, 0x11AF},
	0xBBAD:  {0x1106, 0x1172, 0x11B0},
	0xBBAE:  {0x1106, 0x1172, 0x11B1},
	0xBBAF:  {0x1106, 0x1172, 0x11B2},
	0xBBB0:  {0x1106, 0x1172, 0x11B3},
	0xBBB1:  {0x1106, 0x1172, 0x11B4},
	0xBBB2:  {0x1106, 0x1172, 0x11B5},
	0xBBB3:  {0x1106, 0x1172, 0x11B6},
	0xBBB4:  {0x1106, 0x1172, 0x11B7},
	0xBBB5:  {0x1106, 0x1172, 0x11B8},
	0xBBB6:  {0x1106, 0x1172, 0x11B9},
	0xBBB7:  {0x1106, 0x1172, 0x11BA},
	0xBBB8:  {0x1106, 0x1172, 0x11BB},
	0xBBB9:  {0x1106, 0x1172, 0x11BC},
	0xBBBA:  {0x1106, 0x1172, 0x11BD},
	0xBBBB:  {0x1106, 0x1172, 0x11BE},
	0xBBBC:  {0x1106, 0x1172, 0x11BF},
	0xBBBD:  {0x1106, 0x1172, 0x11C0},
	0xBBBE:  {0x1106, 0x1172, 0x11C1},
	0xBBBF:  {0x1106, 0x1172, 0x11C2},
	0xBBC0:  {0x1106, 0x1173},
	0xBBC1:  {0x1106, 0x1173, 0x11A8},
	0xBBC2:  {0x1106, 0x1173, 0x11A9},
	0xBBC3:  {0x1106, 0x1173, 0x11AA},
	0xBBC4:  {0x1106, 0x1173, 0x11AB},
	0xBBC5:  {0x1106, 0x1173, 0x11AC},
	0xBBC6:  {0x1106, 0x1173, 0x11AD},
	0xBBC7:  {0x1106, 0x1173, 0x11AE},
	0xBBC8:  {0x1106, 0x1173, 0x11AF},
	0xBBC9:  {0x1106, 0x1173, 0x11B0},
	0xBBCA:  {0x1106, 0x1173, 0x11B1},
	0xBBCB:  {0x1106, 0x1173, 0x11B2},
	0xBBCC:  {0x1106, 0x1173, 0x11B3},
	0xBBCD:  {0x1106, 0x1173, 0x11B4},
	0xBBCE:  {0x1106, 0x1173, 0x11B5},
	0xBBCF:  {0x1106, 0x1173, 0x11B6},
	0xBBD0:  {0x1106, 0x1173, 0x11B7},
	0xBBD1:  {0x1106, 0x1173, 0x11B8},
	0xBBD2:  {0x1106, 0x1173, 0x11B9},
	0xBBD3:  {0x1106, 0x1173, 0x11BA},
	0xBBD4:  {0x1106, 0x1173, 0x11BB},
	0xBBD5:  {0x1106, 0x1173, 0x11BC},
	0xBBD6:  {0x1106, 0x1173, 0x11BD},
	0xBBD7:  {0x1106, 0x1173, 0x11BE},
	0xBBD8:  {0x1106, 0x1173, 0x11BF},
	0xBBD9:  {0x1106, 0x1173, 0x11C0},
	0xBBDA:  {0x1106, 0x1173, 0x11C1},
	0xBBDB:  {0x1106, 0x1173, 0x11C2},
	0xBBDC:  {0x1106, 0x1174},
	0xBBDD:  {0x1106, 0x1174, 0x11A8},
	0xBBDE:  {0x1106, 0x1174, 0x11A9},
	0xBBDF:  {0x1106, 0x1174, 0x11AA},
	0xBBE0:  {0x1106, 0x1174, 0x11AB},
	0xBBE1:  {0x1106, 0x1174, 0x11AC},
	0xBBE2:  {0x1106, 0x1174, 0x11AD},
	0xBBE3:  {0x1106, 0x1174, 0x11AE},
	0xBBE4:  {0x1106, 0x1174, 0x11AF},
	0xBBE5:  {0x1106, 0x1174, 0x11B0},
	0xBBE6:  {0x1106, 0x1174, 0x11B1},
	0xBBE7:  {0x1106, 0x1174, 0x11B2},
	0xBBE8:  {0x1106, 0x1174, 0x11B3},
	0xBBE9:  {0x1106, 0x1174, 0x11B4},
	0xBBEA:  {0x1106, 0x1174, 0x11B5},
	0xBBEB:  {0x1106, 0x1174, 0x11B6},
	0xBBEC:  {0x1106, 0x1174, 0x11B7},
	0xBBED:  {0x1106, 0x1174, 0x11B8},
	0xBBEE:  {0x1106, 0x1174, 0x11B9},
	0xBBEF:  {0x1106, 0x1174, 0x11BA},
	0xBBF0:  {0x1106, 0x1174, 0x11BB},
	0xBBF1:  {0x1106, 0x1174, 0x11BC},
	0xBBF2:  {0x1106, 0x1174, 0x11BD},
	0xBBF3:  {0x1106, 0x1174, 0x11BE},
	0xBBF4:  {0x1106, 0x1174, 0x11BF},
	0xBBF5:  {0x1106, 0x1174, 0x11C0},
	0xBBF6:  {0x1106, 0x1174, 0x11C1},
	0xBBF7:  {0x1106, 0x1174, 0x11C2},
	0xBBF8:  {0x1106, 0x1175},
	0xBBF9:  {0x1106, 0x1175, 0x11A8},
	0xBBFA:  {0x1106, 0x1175, 0x11A9},
	0xBBFB:  {0x1106, 0x1175, 0x11AA},
	0xBBFC:  {0x1106, 0x1175, 0x11AB},
	0xBBFD:  {0x1106, 0x1175, 0x11AC},
	0xBBFE:  {0x1106, 0x1175, 0x11AD},
	0xBBFF:  {0x1106, 0x1175, 0x11AE},
	0xBC00:  {0x1106, 0x1175, 0x11AF},
	0xBC01:  {0x1106, 0x1175, 0x11B0},
	0xBC02:  {0x1106, 0x1175, 0x11B1},
	0xBC03:  {0x1106, 0x1175, 0x11B2},
	0xBC04:  {0x1106, 0x1175, 0x11B3},
	0xBC05:  {0x1106, 0x1175, 0x11B4},
	0xBC06:  {0x1106, 0x1175, 0x11B5},
	0xBC07:  {0x1106, 0x1175, 0x11B6},
	0xBC08:  {0x1106, 0x1175, 0x11B7},
	0xBC09:  {0x1106, 0x1175, 0x11B8},
	0xBC0A:  {0x1106, 0x1175, 0x11B9},
	0xBC0B:  {0x1106, 0x1175, 0x11BA},
	0xBC0C:  {0x1106, 0x1175, 0x11BB},
	0xBC0D:  {0x1106, 0x1175, 0x11BC},
	0xBC0E:  {0x1106, 0x1175, 0x11BD},
	0xBC0F:  {0x1106, 0x1175, 0x11BE},
	0xBC10:  {0x1106, 0x1175, 0x11BF},
	0xBC11:  {0x1106, 0x1175, 0x11C0},
	0xBC12:  {0x1106, 0x1175, 0x11C1},
	0xBC13:  {0x1106, 0x1175, 0x11C2},
	0xBC14:  {0x1107, 0x1161},
	0xBC15:  {0x1107, 0x1161, 0x11A8},
	0xBC16:  {0x1107, 0x1161, 0x11A9},
	0xBC17:  {0x1107, 0x1161, 0x11AA},
	0xBC18:  {0x1107, 0x1161, 0x11AB},
	0xBC19:  {0x1107, 0x1161, 0x11AC},
	0xBC1A:  {0x1107, 0x1161, 0x11AD},
	0xBC1B:  {0x1107, 0x1161, 0x11AE},
	0xBC1C:  {0x1107, 0x1161, 0x11AF},
	0xBC1D:  {0x1107, 0x1161, 0x11B0},
	0xBC1E:  {0x1107, 0x1161, 0x11B1},
	0xBC1F:  {0x1107, 0x1161, 0x11B2},
	0xBC20:  {0x1107, 0x1161, 0x11B3},
	0xBC21:  {0x1107, 0x1161, 0x11B4},
	0xBC22:  {0x1107, 0x1161, 0x11B5},
	0xBC23:  {0x1107, 0x1161, 0x11B6},
	0xBC24:  {0x1107, 0x1161, 0x11B7},
	0xBC25:  {0x1107, 0x1161, 0x11B8},
	0xBC26:  {0x1107, 0x1161, 0x11B9},
	0xBC27:  {0x1107, 0x1161, 0x11BA},
	0xBC28:  {0x1107, 0x1161, 0x11BB},
	0xBC29:  {0x1107, 0x1161, 0x11BC},
	0xBC2A:  {0x1107, 0x1161, 0x11BD},
	0xBC2B:  {0x1107, 0x1161, 0x11BE},
	0xBC2C:  {0x1107, 0x1161, 0x11BF},
	0xBC2D:  {0x1107, 0x1161, 0x11C0},
	0xBC2E:  {0x1107, 0x1161, 0x11C1},
	0xBC2F:  {0x1107, 0x1161, 0x11C2},
	0xBC30:  {0x1107, 0x1162},
	0xBC31:  {0x1107, 0x1162, 0x11A8},
	0xBC32:  {0x1107, 0x1162, 0x11A9},
	0xBC33:  {0x1107, 0x1162, 0x11AA},
	0xBC34:  {0x1107, 0x1162, 0x11AB},
	0xBC35:  {0x1107, 0x1162, 0x11AC},
	0xBC36:  {0x1107, 0x1162, 0x11AD},
	0xBC37:  {0x1107, 0x1162, 0x11AE},
	0xBC38:  {0x1107, 0x1162, 0x11AF},
	0xBC39:  {0x1107, 0x1162, 0x11B0},
	0xBC3A:  {0x1107, 0x1162, 0x11B1},
	0xBC3B:  {0x1107, 0x1162, 0x11B2},
	0xBC3C:  {0x1107, 0x1162, 0x11B3},
	0xBC3D:  {0x1107, 0x1162, 0x11B4},
	0xBC3E:  {0x1107, 0x1162, 0x11B5},
	0xBC3F:  {0x1107, 0x1162, 0x11B6},
	0xBC40:  {0x1107, 0x1162, 0x11B7},
	0xBC41:  {0x1107, 0x1162, 0x11B8},
	0xBC42:  {0x1107, 0x1162, 0x11B9},
	0xBC43:  {0x1107, 0x1162, 0x11BA},
	0xBC44:  {0x1107, 0x1162, 0x11BB},
	0xBC45:  {0x1107, 0x1162, 0x11BC},
	0xBC46:  {0x1107, 0x1162, 0x11BD},
	0xBC47:  {0x1107, 0x1162, 0x11BE},
	0xBC48:  {0x1107, 0x1162, 0x11BF},
	0xBC49:  {0x1107, 0x1162, 0x11C0},
	0xBC4A:  {0x1107, 0x1162, 0x11C1},
	0xBC4B:  {0x1107, 0x1162, 0x11C2},
	0xBC4C:  {0x1107, 0x1163},
	0xBC4D:  {0x1107, 0x1163, 0x11A8},
	0xBC4E:  {0x1107, 0x1163, 0x11A9},
	0xBC4F:  {0x1107, 0x1163, 0x11AA},
	0xBC50:  {0x1107, 0x1163, 0x11AB},
	0xBC51:  {0x1107, 0x1163, 0x11AC},
	0xBC52:  {0x1107, 0x1163, 0x11AD},
	0xBC53:  {0x1107, 0x1163, 0x11AE},
	0xBC54:  {0x1107, 0x1163, 0x11AF},
	0xBC55:  {0x1107, 0x1163, 0x11B0},
	0xBC56:  {0x1107, 0x1163, 0x11B1},
	0xBC57:  {0x1107, 0x1163, 0x11B2},
	0xBC58:  {0x1107, 0x1163, 0x11B3},
	0xBC59:  {0x1107, 0x1163, 0x11B4},
	0xBC5A:  {0x1107, 0x1163, 0x11B5},
	0xBC5B:  {0x1107, 0x1163, 0x11B6},
	0xBC5C:  {0x1107, 0x1163, 0x11B7},
	0xBC5D:  {0x1107, 0x1163, 0x11B8},
	0xBC5E:  {0x1107, 0x1163, 0x11B9},
	0xBC5F:  {0x1107, 0x1163, 0x11BA},
	0xBC60:  {0x1107, 0x1163, 0x11BB},
	0xBC61:  {0x1107, 0x1163, 0x11BC},
	0xBC62:  {0x1107, 0x1163, 0x11BD},
	0xBC63:  {0x1107, 0x1163, 0x11BE},
	0xBC64:  {0x1107, 0x1163, 0x11BF},
	0xBC65:  {0x1107, 0x1163, 0x11C0},
	0xBC66:  {0x1107, 0x1163, 0x11C1},
	0xBC67:  {0x1107, 0x1163, 0x11C2},
	0xBC68:  {0x1107, 0x1164},
	0xBC69:  {0x1107, 0x1164, 0x11A8},
	0xBC6A:  {0x1107, 0x1164, 0x11A9},
	0xBC6B:  {0x1107, 0x1164, 0x11AA},
	0xBC6C:  {0x1107, 0x1164, 0x11AB},
	0xBC6D:  {0x1107, 0x1164, 0x11AC},
	0xBC6E:  {0x1107, 0x1164, 0x11AD},
	0xBC6F:  {0x1107, 0x1164, 0x11AE},
	0xBC70:  {0x1107, 0x1164, 0x11AF},
	0xBC71:  {0x1107, 0x1164, 0x11B0},
	0xBC72:  {0x1107, 0x1164, 0x11B1},
	0xBC73:  {0x1107, 0x1164, 0x11B2},
	0xBC74:  {0x1107, 0x1164, 0x11B3},
	0xBC75:  {0x1107, 0x1164, 0x11B4},
	0xBC76:  {0x1107, 0x1164, 0x11B5},
	0xBC77:  {0x1107, 0x1164, 0x11B6},
	0xBC78:  {0x1107, 0x1164, 0x11B7},
	0xBC79:  {0x1107, 0x1164, 0x11B8},
	0xBC7A:  {0x1107, 0x1164, 0x11B9},
	0xBC7B:  {0x1107, 0x1164, 0x11BA},
	0xBC7C:  {0x1107, 0x1164, 0x11BB},
	0xBC7D:  {0x1107, 0x1164, 0x11BC},
	0xBC7E:  {0x1107, 0x1164, 0x11BD},
	0xBC7F:  {0x1107, 0x1164, 0x11BE},
	0xBC80:  {0x1107, 0x1164, 0x11BF},
	0xBC81:  {0x1107, 0x1164, 0x11C0},
	0xBC82:  {0x1107, 0x1164, 0x11C1},
	0xBC83:  {0x1107, 0x1164, 0x11C2},
	0xBC84:  {0x1107, 0x1165},
	0xBC85:  {0x1107, 0x1165, 0x11A8},
	0xBC86:  {0x1107, 0x1165, 0x11A9},
	0xBC87:  {0x1107, 0x1165, 0x11AA},
	0xBC88:  {0x1107, 0x1165, 0x11AB},
	0xBC89:  {0x1107, 0x1165, 0x11AC},
	0xBC8A:  {0x1107, 0x1165, 0x11AD},
	0xBC8B:  {0x1107, 0x1165, 0x11AE},
	0xBC8C:  {0x1107, 0x1165, 0x11AF},
	0xBC8D:  {0x1107, 0x1165, 0x11B0},
	0xBC8E:  {0x1107, 0x1165, 0x11B1},
	0xBC8F:  {0x1107, 0x1165, 0x11B2},
	0xBC90:  {0x1107, 0x1165, 0x11B3},
	0xBC91:  {0x1107, 0x1165, 0x11B4},
	0xBC92:  {0x1107, 0x1165, 0x11B5},
	0xBC93:  {0x1107, 0x1165, 0x11B6},
	0xBC94:  {0x1107, 0x1165, 0x11B7},
	0xBC95:  {0x1107, 0x1165, 0x11B8},
	0xBC96:  {0x1107, 0x1165, 0x11B9},
	0xBC97:  {0x1107, 0x1165, 0x11BA},
	0xBC98:  {0x1107, 0x1165, 0x11BB},
	0xBC99:  {0x1107, 0x1165, 0x11BC},
	0xBC9A:  {0x1107, 0x1165, 0x11BD},
	0xBC9B:  {0x1107, 0x1165, 0x11BE},
	0xBC9C:  {0x1107, 0x1165, 0x11BF},
	0xBC9D:  {0x1107, 0x1165, 0x11C0},
	0xBC9E:  {0x1107, 0x1165, 0x11C1},
	0xBC9F:  {0x1107, 0x1165, 0x11C2},
	0xBCA0:  {0x1107, 0x1166},
	0xBCA1:  {0x1107, 0x1166, 0x11A8},
	0xBCA2:  {0x1107, 0x1166, 0x11A9},
	0xBCA3:  {0x1107, 0x1166, 0x11AA},
	0xBCA4:  {0x1107, 0x1166, 0x11AB},
	0xBCA5:  {0x1107, 0x1166, 0x11AC},
	0xBCA6:  {0x1107, 0x1166, 0x11AD},
	0xBCA7:  {0x1107, 0x1166, 0x11AE},
	0xBCA8:  {0x1107, 0x1166, 0x11AF},
	0xBCA9:  {0x1107, 0x1166, 0x11B0},
	0xBCAA:  {0x1107, 0x1166, 0x11B1},
	0xBCAB:  {0x1107, 0x1166, 0x11B2},
	0xBCAC:  {0x1107, 0x1166, 0x11B3},
	0xBCAD:  {0x1107, 0x1166, 0x11B4},
	0xBCAE:  {0x1107, 0x1166, 0x11B5},
	0xBCAF:  {0x1107, 0x1166, 0x11B6},
	0xBCB0:  {0x1107, 0x1166, 0x11B7},
	0xBCB1:  {0x1107, 0x1166, 0x11B8},
	0xBCB2:  {0x1107, 0x1166, 0x11B9},
	0xBCB3:  {0x1107, 0x1166, 0x11BA},
	0xBCB4:  {0x1107, 0x1166, 0x11BB},
	0xBCB5:  {0x1107, 0x1166, 0x11BC},
	0xBCB6:  {0x1107, 0x1166, 0x11BD},
	0xBCB7:  {0x1107, 0x1166, 0x11BE},
	0xBCB8:  {0x1107, 0x1166, 0x11BF},
	0xBCB9:  {0x1107, 0x1166, 0x11C0},
	0xBCBA:  {0x1107, 0x1166, 0x11C1},
	0xBCBB:  {0x1107, 0x1166, 0x11C2},
	0xBCBC:  {0x1107, 0x1167},
	0xBCBD:  {0x1107, 0x1167, 0x11A8},
	0xBCBE:  {0x1107, 0x1167, 0x11A9},
	0xBCBF:  {0x1107, 0x1167, 0x11AA},
	0xBCC0:  {0x1107, 0x1167, 0x11AB},
	0xBCC1:  {0x1107, 0x1167, 0x11AC},
	0xBCC2:  {0x1107, 0x1167, 0x11AD},
	0xBCC3:  {0x1107, 0x1167, 0x11AE},
	0xBCC4:  {0x1107, 0x1167, 0x11AF},
	0xBCC5:  {0x1107, 0x1167, 0x11B0},
	0xBCC6:  {0x1107, 0x1167, 0x11B1},
	0xBCC7:  {0x1107, 0x1167, 0x11B2},
	0xBCC8:  {0x1107, 0x1167, 0x11B3},
	0xBCC9:  {0x1107, 0x1167, 0x11B4},
	0xBCCA:  {0x1107, 0x1167, 0x11B5},
	0xBCCB:  {0x1107, 0x1167, 0x11B6},
	0xBCCC:  {0x1107, 0x1167, 0x11B7},
	0xBCCD:  {0x1107, 0x1167, 0x11B8},
	0xBCCE:  {0x1107, 0x1167, 0x11B9},
	0xBCCF:  {0x1107, 0x1167, 0x11BA},
	0xBCD0:  {0x1107, 0x1167, 0x11BB},
	0xBCD1:  {0x1107, 0x1167, 0x11BC},
	0xBCD2:  {0x1107, 0x1167, 0x11BD},
	0xBCD3:  {0x1107, 0x1167, 0x11BE},
	0xBCD4:  {0x1107, 0x1167, 0x11BF},
	0xBCD5:  {0x1107, 0x1167, 0x11C0},
	0xBCD6:  {0x1107, 0x1167, 0x11C1},
	0xBCD7:  {0x1107, 0x1167, 0x11C2},
	0xBCD8:  {0x1107, 0x1168},
	0xBCD9:  {0x1107, 0x1168, 0x11A8},
	0xBCDA:  {0x1107, 0x1168, 0x11A9},
	0xBCDB:  {0x1107, 0x1168, 0x11AA},
	0xBCDC:  {0x1107, 0x1168, 0x11AB},
	0xBCDD:  {0x1107, 0x1168, 0x11AC},
	0xBCDE:  {0x1107, 0x1168, 0x11AD},
	0xBCDF:  {0x1107, 0x1168, 0x11AE},
	0xBCE0:  {0x1107, 0x1168, 0x11AF},
	0xBCE1:  {0x1107, 0x1168, 0x11B0},
	0xBCE2:  {0x1107, 0x1168, 0x11B1},
	0xBCE3:  {0x1107, 0x1168, 0x11B2},
	0xBCE4:  {0x1107, 0x1168, 0x11B3},
	0xBCE5:  {0x1107, 0x1168, 0x11B4},
	0xBCE6:  {0x1107, 0x1168, 0x11B5},
	0xBCE7:  {0x1107, 0x1168, 0x11B6},
	0xBCE8:  {0x1107, 0x1168, 0x11B7},
	0xBCE9:  {0x1107, 0x1168, 0x11B8},
	0xBCEA:  {0x1107, 0x1168, 0x11B9},
	0xBCEB:  {0x1107, 0x1168, 0x11BA},
	0xBCEC:  {0x1107, 0x1168, 0x11BB},
	0xBCED:  {0x1107, 0x1168, 0x11BC},
	0xBCEE:  {0x1107, 0x1168, 0x11BD},
	0xBCEF:  {0x1107, 0x1168, 0x11BE},
	0xBCF0:  {0x1107, 0x1168, 0x11BF},
	0xBCF1:  {0x1107, 0x1168, 0x11C0},
	0xBCF2:  {0x1107, 0x1168, 0x11C1},
	0xBCF3:  {0x1107, 0x1168, 0x11C2},
	0xBCF4:  {0x1107, 0x1169},
	0xBCF5:  {0x1107, 0x1169, 0x11A8},
	0xBCF6:  {0x1107, 0x1169, 0x11A9},
	0xBCF7:  {0x1107, 0x1169, 0x11AA},
	0xBCF8:  {0x1107, 0x1169, 0x11AB},
	0xBCF9:  {0x1107, 0x1169, 0x11AC},
	0xBCFA:  {0x1107, 0x1169, 0x11AD},
	0xBCFB:  {0x1107, 0x1169, 0x11AE},
	0xBCFC:  {0x1107, 0x1169, 0x11AF},
	0xBCFD:  {0x1107, 0x1169, 0x11B0},
	0xBCFE:  {0x1107, 0x1169, 0x11B1},
	0xBCFF:  {0x1107, 0x1169, 0x11B2},
	0xBD00:  {0x1107, 0x1169, 0x11B3},
	0xBD01:  {0x1107, 0x1169, 0x11B4},
	0xBD02:  {0x1107, 0x1169, 0x11B5},
	0xBD03:  {0x1107, 0x1169, 0x11B6},
	0xBD04:  {0x1107, 0x1169, 0x11B7},
	0xBD05:  {0x1107, 0x1169, 0x11B8},
	0xBD06:  {0x1107, 0x1169, 0x11B9},
	0xBD07:  {0x1107, 0x1169, 0x11BA},
	0xBD08:  {0x1107, 0x1169, 0x11BB},
	0xBD09:  {0x1107, 0x1169, 0x11BC},
	0xBD0A:  {0x1107, 0x1169, 0x11BD},
	0xBD0B:  {0x1107, 0x1169, 0x11BE},
	0xBD0C:  {0x1107, 0x1169, 0x11BF},
	0xBD0D:  {0x1107, 0x1169, 0x11C0},
	0xBD0E:  {0x1107, 0x1169, 0x11C1},
	0xBD0F:  {0x1107, 0x1169, 0x11C2},
	0xBD10:  {0x1107, 0x116A},
	0xBD11:  {0x1107, 0x116A, 0x11A8},
	0xBD12:  {0x1107, 0x116A, 0x11A9},
	0xBD13:  {0x1107, 0x116A, 0x11AA},
	0xBD14:  {0x1107, 0x116A, 0x11AB},
	0xBD15:  {0x1107, 0x116A, 0x11AC},
	0xBD16:  {0x1107, 0x116A, 0x11AD},
	0xBD17:  {0x1107, 0x116A, 0x11AE},
	0xBD18:  {0x1107, 0x116A, 0x11AF},
	0xBD19:  {0x1107, 0x116A, 0x11B0},
	0xBD1A:  {0x1107, 0x116A, 0x11B1},
	0xBD1B:  {0x1107, 0x116A, 0x11B2},
	0xBD1C:  {0x1107, 0x116A, 0x11B3},
	0xBD1D:  {0x1107, 0x116A, 0x11B4},
	0xBD1E:  {0x1107, 0x116A, 0x11B5},
	0xBD1F:  {0x1107, 0x116A, 0x11B6},
	0xBD20:  {0x1107, 0x116A, 0x11B7},
	0xBD21:  {0x1107, 0x116A, 0x11B8},
	0xBD22:  {0x1107, 0x116A, 0x11B9},
	0xBD23:  {0x1107, 0x116A, 0x11BA},
	0xBD24:  {0x1107, 0x116A, 0x11BB},
	0xBD25:  {0x1107, 0x116A, 0x11BC},
	0xBD26:  {0x1107, 0x116A, 0x11BD},
	0xBD27:  {0x1107, 0x116A, 0x11BE},
	0xBD28:  {0x1107, 0x116A, 0x11BF},
	0xBD29:  {0x1107, 0x116A, 0x11C0},
	0xBD2A:  {0x1107, 0x116A, 0x11C1},
	0xBD2B:  {0x1107, 0x116A, 0x11C2},
	0xBD2C:  {0x1107, 0x116B},
	0xBD2D:  {0x1107, 0x116B, 0x11A8},
	0xBD2E:  {0x1107, 0x116B, 0x11A9},
	0xBD2F:  {0x1107, 0x116B, 0x11AA},
	0xBD30:  {0x1107, 0x116B, 0x11AB},
	0xBD31:  {0x1107, 0x116B, 0x11AC},
	0xBD32:  {0x1107, 0x116B, 0x11AD},
	0xBD33:  {0x1107, 0x116B, 0x11AE},
	0xBD34:  {0x1107, 0x116B, 0x11AF},
	0xBD35:  {0x1107, 0x116B, 0x11B0},
	0xBD36:  {0x1107, 0x116B, 0x11B1},
	0xBD37:  {0x1107, 0x116B, 0x11B2},
	0xBD38:  {0x1107, 0x116B, 0x11B3},
	0xBD39:  {0x1107, 0x116B, 0x11B4},
	0xBD3A:  {0x1107, 0x116B, 0x11B5},
	0xBD3B:  {0x1107, 0x116B, 0x11B6},
	0xBD3C:  {0x1107, 0x116B, 0x11B7},
	0xBD3D:  {0x1107, 0x116B, 0x11B8},
	0xBD3E:  {0x1107, 0x116B, 0x11B9},
	0xBD3F:  {0x1107, 0x116B, 0x11BA},
	0xBD40:  {0x1107, 0x116B, 0x11BB},
	0xBD41:  {0x1107, 0x116B, 0x11BC},
	0xBD42:  {0x1107, 0x116B, 0x11BD},
	0xBD43:  {0x1107, 0x116B, 0x11BE},
	0xBD44:  {0x1107, 0x116B, 0x11BF},
	0xBD45:  {0x1107, 0x116B, 0x11C0},
	0xBD46:  {0x1107, 0x116B, 0x11C1},
	0xBD47:  {0x1107, 0x116B, 0x11C2},
	0xBD48:  {0x1107, 0x116C},
	0xBD49:  {0x1107, 0x116C, 0x11A8},
	0xBD4A:  {0x1107, 0x116C, 0x11A9},
	0xBD4B:  {0x1107, 0x116C, 0x11AA},
	0xBD4C:  {0x1107, 0x116C, 0x11AB},
	0xBD4D:  {0x1107, 0x116C, 0x11AC},
	0xBD4E:  {0x1107, 0x116C, 0x11AD},
	0xBD4F:  {0x1107, 0x116C, 0x11AE},
	0xBD50:  {0x1107, 0x116C, 0x11AF},
	0xBD51:  {0x1107, 0x116C, 0x11B0},
	0xBD52:  {0x1107, 0x116C, 0x11B1},
	0xBD53:  {0x1107, 0x116C, 0x11B2},
	0xBD54:  {0x1107, 0x116C, 0x11B3},
	0xBD55:  {0x1107, 0x116C, 0x11B4},
	0xBD56:  {0x1107, 0x116C, 0x11B5},
	0xBD57:  {0x1107, 0x116C, 0x11B6},
	0xBD58:  {0x1107, 0x116C, 0x11B7},
	0xBD59:  {0x1107, 0x116C, 0x11B8},
	0xBD5A:  {0x1107, 0x116C, 0x11B9},
	0xBD5B:  {0x1107, 0x116C, 0x11BA},
	0xBD5C:  {0x1107, 0x116C, 0x11BB},
	0xBD5D:  {0x1107, 0x116C, 0x11BC},
	0xBD5E:  {0x1107, 0x116C, 0x11BD},
	0xBD5F:  {0x1107, 0x116C, 0x11BE},
	0xBD60:  {0x1107, 0x116C, 0x11BF},
	0xBD61:  {0x1107, 0x116C, 0x11C0},
	0xBD62:  {0x1107, 0x116C, 0x11C1},
	0xBD63:  {0x1107, 0x116C, 0x11C2},
	0xBD64:  {0x1107, 0x116D},
	0xBD65:  {0x1107, 0x116D, 0x11A8},
	0xBD66:  {0x1107, 0x116D, 0x11A9},
	0xBD67:  {0x1107, 0x116D, 0x11AA},
	0xBD68:  {0x1107, 0x116D, 0x11AB},
	0xBD69:  {0x1107, 0x116D, 0x11AC},
	0xBD6A:  {0x1107, 0x116D, 0x11AD},
	0xBD6B:  {0x1107, 0x116D, 0x11AE},
	0xBD6C:  {0x1107, 0x116D, 0x11AF},
	0xBD6D:  {0x1107, 0x116D, 0x11B0},
	0xBD6E:  {0x1107, 0x116D, 0x11B1},
	0xBD6F:  {0x1107, 0x116D, 0x11B2},
	0xBD70:  {0x1107, 0x116D, 0x11B3},
	0xBD71:  {0x1107, 0x116D, 0x11B4},
	0xBD72:  {0x1107, 0x116D, 0x11B5},
	0xBD73:  {0x1107, 0x116D, 0x11B6},
	0xBD74:  {0x1107, 0x116D, 0x11B7},
	0xBD75:  {0x1107, 0x116D, 0x11B8},
	0xBD76:  {0x1107, 0x116D, 0x11B9},
	0xBD77:  {0x1107, 0x116D, 0x11BA},
	0xBD78:  {0x1107, 0x116D, 0x11BB},
	0xBD79:  {0x1107, 0x116D, 0x11BC},
	0xBD7A:  {0x1107, 0x116D, 0x11BD},
	0xBD7B:  {0x1107, 0x116D, 0x11BE},
	0xBD7C:  {0x1107, 0x116D, 0x11BF},
	0xBD7D:  {0x1107, 0x116D, 0x11C0},
	0xBD7E:  {0x1107, 0x116D, 0x11C1},
	0xBD7F:  {0x1107, 0x116D, 0x11C2},
	0xBD80:  {0x1107, 0x116E},
	0xBD81:  {0x1107, 0x116E, 0x11A8},
	0xBD82:  {0x1107, 0x116E, 0x11A9},
	0xBD83:  {0x1107, 0x116E, 0x11AA},
	0xBD84:  {0x1107, 0x116E, 0x11AB},
	0xBD85:  {0x1107, 0x116E, 0x11AC},
	0xBD86:  {0x1107, 0x116E, 0x11AD},
	0xBD87:  {0x1107, 0x116E, 0x11AE},
	0xBD88:  {0x1107, 0x116E, 0x11AF},
	0xBD89:  {0x1107, 0x116E, 0x11B0},
	0xBD8A:  {0x1107, 0x116E, 0x11B1},
	0xBD8B:  {0x1107, 0x116E, 0x11B2},
	0xBD8C:  {0x1107, 0x116E, 0x11B3},
	0xBD8D:  {0x1107, 0x116E, 0x11B4},
	0xBD8E:  {0x1107, 0x116E, 0x11B5},
	0xBD8F:  {0x1107, 0x116E, 0x11B6},
	0xBD90:  {0x1107, 0x116E, 0x11B7},
	0xBD91:  {0x1107, 0x116E, 0x11B8},
	0xBD92:  {0x1107, 0x116E, 0x11B9},
	0xBD93:  {0x1107, 0x116E, 0x11BA},
	0xBD94:  {0x1107, 0x116E, 0x11BB},
	0xBD95:  {0x1107, 0x116E, 0x11BC},
	0xBD96:  {0x1107, 0x116E, 0x11BD},
	0xBD97:  {0x1107, 0x116E, 0x11BE},
	0xBD98:  {0x1107, 0x116E, 0x11BF},
	0xBD99:  {0x1107, 0x116E, 0x11C0},
	0xBD9A:  {0x1107, 0x116E, 0x11C1},
	0xBD9B:  {0x1107, 0x116E, 0x11C2},
	0xBD9C:  {0x1107, 0x116F},
	0xBD9D:  {0x1107, 0x116F, 0x11A8},
	0xBD9E:  {0x1107, 0x116F, 0x11A9},
	0xBD9F:  {0x1107, 0x116F, 0x11AA},
	0xBDA0:  {0x1107, 0x116F, 0x11AB},
	0xBDA1:  {0x1107, 0x116F, 0x11AC},
	0xBDA2:  {0x1107, 0x116F, 0x11AD},
	0xBDA3:  {0x1107, 0x116F, 0x11AE},
	0xBDA4:  {0x1107, 0x116F, 0x11AF},
	0xBDA5:  {0x1107, 0x116F, 0x11B0},
	0xBDA6:  {0x1107, 0x116F, 0x11B1},
	0xBDA7:  {0x1107, 0x116F, 0x11B2},
	0xBDA8:  {0x1107, 0x116F, 0x11B3},
	0xBDA9:  {0x1107, 0x116F, 0x11B4},
	0xBDAA:  {0x1107, 0x116F, 0x11B5},
	0xBDAB:  {0x1107, 0x116F, 0x11B6},
	0xBDAC:  {0x1107, 0x116F, 0x11B7},
	0xBDAD:  {0x1107, 0x116F, 0x11B8},
	0xBDAE:  {0x1107, 0x116F, 0x11B9},
	0xBDAF:  {0x1107, 0x116F, 0x11BA},
	0xBDB0:  {0x1107, 0x116F, 0x11BB},
	0xBDB1:  {0x1107, 0x116F, 0x11BC},
	0xBDB2:  {0x1107, 0x116F, 0x11BD},
	0xBDB3:  {0x1107, 0x116F, 0x11BE},
	0xBDB4:  {0x1107, 0x116F, 0x11BF},
	0xBDB5:  {0x1107, 0x116F, 0x11C0},
	0xBDB6:  {0x1107, 0x116F, 0x11C1},
	0xBDB7:  {0x1107, 0x116F, 0x11C2},
	0xBDB8:  {0x1107, 0x1170},
	0xBDB9:  {0x1107, 0x1170, 0x11A8},
	0xBDBA:  {0x1107, 0x1170, 0x11A9},
	0xBDBB:  {0x1107, 0x1170, 0x11AA},
	0xBDBC:  {0x1107, 0x1170, 0x11AB},
	0xBDBD:  {0x1107, 0x1170, 0x11AC},
	0xBDBE:  {0x1107, 0x1170, 0x11AD},
	0xBDBF:  {0x1107, 0x1170, 0x11AE},
	0xBDC0:  {0x1107, 0x1170, 0x11AF},
	0xBDC1:  {0x1107, 0x1170, 0x11B0},
	0xBDC2:  {0x1107, 0x1170, 0x11B1},
	0xBDC3:  {0x1107, 0x1170, 0x11B2},
	0xBDC4:  {0x1107, 0x1170, 0x11B3},
	0xBDC5:  {0x1107, 0x1170, 0x11B4},
	0xBDC6:  {0x1107, 0x1170, 0x11B5},
	0xBDC7:  {0x1107, 0x1170, 0x11B6},
	0xBDC8:  {0x1107, 0x1170, 0x11B7},
	0xBDC9:  {0x1107, 0x1170, 0x11B8},
	0xBDCA:  {0x1107, 0x1170, 0x11B9},
	0xBDCB:  {0x1107, 0x1170, 0x11BA},
	0xBDCC:  {0x1107, 0x1170, 0x11BB},
	0xBDCD:  {0x1107, 0x1170, 0x11BC},
	0xBDCE:  {0x1107, 0x1170, 0x11BD},
	0xBDCF:  {0x1107, 0x1170, 0x11BE},
	0xBDD0:  {0x1107, 0x1170, 0x11BF},
	0xBDD1:  {0x1107, 0x1170, 0x11C0},
	0xBDD2:  {0x1107, 0x1170, 0x11C1},
	0xBDD3:  {0x1107, 0x1170, 0x11C2},
	0xBDD4:  {0x1107, 0x1171},
	0xBDD5:  {0x1107, 0x1171, 0x11A8},
	0xBDD6:  {0x1107, 0x1171, 0x11A9},
	0xBDD7:  {0x1107, 0x1171, 0x11AA},
	0xBDD8:  {0x1107, 0x1171, 0x11AB},
	0xBDD9:  {0x1107, 0x1171, 0x11AC},
	0xBDDA:  {0x1107, 0x1171, 0x11AD},
	0xBDDB:  {0x1107, 0x1171, 0x11AE},
	0xBDDC:  {0x1107, 0x1171, 0x11AF},
	0xBDDD:  {0x1107, 0x1171, 0x11B0},
	0xBDDE:  {0x1107, 0x1171, 0x11B1},
	0xBDDF:  {0x1107, 0x1171, 0x11B2},
	0xBDE0:  {0x1107, 0x1171, 0x11B3},
	0xBDE1:  {0x1107, 0x1171, 0x11B4},
	0xBDE2:  {0x1107, 0x1171, 0x11B5},
	0xBDE3:  {0x1107, 0x1171, 0x11B6},
	0xBDE4:  {0x1107, 0x1171, 0x11B7},
	0xBDE5:  {0x1107, 0x1171, 0x11B8},
	0xBDE6:  {0x1107, 0x1171, 0x11B9},
	0xBDE7:  {0x1107, 0x1171, 0x11BA},
	0xBDE8:  {0x1107, 0x1171, 0x11BB},
	0xBDE9:  {0x1107, 0x1171, 0x11BC},
	0xBDEA:  {0x1107, 0x1171, 0x11BD},
	0xBDEB:  {0x1107, 0x1171, 0x11BE},
	0xBDEC:  {0x1107, 0x1171, 0x11BF},
	0xBDED:  {0x1107, 0x1171, 0x11C0},
	0xBDEE:  {0x1107, 0x1171, 0x11C1},
	0xBDEF:  {0x1107, 0x1171, 0x11C2},
	0xBDF0:  {0x1107, 0x1172},
	0xBDF1:  {0x1107, 0x1172, 0x11A8},
	0xBDF2:  {0x1107, 0x1172, 0x11A9},
	0xBDF3:  {0x1107, 0x1172, 0x11AA},
	0xBDF4:  {0x1107, 0x1172, 0x11AB},
	0xBDF5:  {0x1107, 0x1172, 0x11AC},
	0xBDF6:  {0x1107, 0x1172, 0x11AD},
	0xBDF7:  {0x1107, 0x1172, 0x11AE},
	0xBDF8:  {0x1107, 0x1172, 0x11AF},
	0xBDF9:  {0x1107, 0x1172, 0x11B0},
	0xBDFA:  {0x1107, 0x1172, 0x11B1},
	0xBDFB:  {0x1107, 0x1172, 0x11B2},
	0xBDFC:  {0x1107, 0x1172, 0x11B3},
	0xBDFD:  {0x1107, 0x1172, 0x11B4},
	0xBDFE:  {0x1107, 0x1172, 0x11B5},
	0xBDFF:  {0x1107, 0x1172, 0x11B6},
	0xBE00:  {0x1107, 0x1172, 0x11B7},
	0xBE01:  {0x1107, 0x1172, 0x11B8},
	0xBE02:  {0x1107, 0x1172, 0x11B9},
	0xBE03:  {0x1107, 0x1172, 0x11BA},
	0xBE04:  {0x1107, 0x1172, 0x11BB},
	0xBE05:  {0x1107, 0x1172, 0x11BC},
	0xBE06:  {0x1107, 0x1172, 0x11BD},
	0xBE07:  {0x1107, 0x1172, 0x11BE},
	0xBE08:  {0x1107, 0x1172, 0x11BF},
	0xBE09:  {0x1107, 0x1172, 0x11C0},
	0xBE0A:  {0x1107, 0x1172, 0x11C1},
	0xBE0B:  {0x1107, 0x1172, 0x11C2},
	0xBE0C:  {0x1107, 0x1173},
	0xBE0D:  {0x1107, 0x1173, 0x11A8},
	0xBE0E:  {0x1107, 0x1173, 0x11A9},
	0xBE0F:  {0x1107, 0x1173, 0x11AA},
	0xBE10:  {0x1107, 0x1173, 0x11AB},
	0xBE11:  {0x1107, 0x1173, 0x11AC},
	0xBE12:  {0x1107, 0x1173, 0x11AD},
	0xBE13:  {0x1107, 0x1173, 0x11AE},
	0xBE14:  {0x1107, 0x1173, 0x11AF},
	0xBE15:  {0x1107, 0x1173, 0x11B0},
	0xBE16:  {0x1107, 0x1173, 0x11B1},
	0xBE17:  {0x1107, 0x1173, 0x11B2},
	0xBE18:  {0x1107, 0x1173, 0x11B3},
	0xBE19:  {0x1107, 0x1173, 0x11B4},
	0xBE1A:  {0x1107, 0x1173, 0x11B5},
	0xBE1B:  {0x1107, 0x1173, 0x11B6},
	0xBE1C:  {0x1107, 0x1173, 0x11B7},
	0xBE1D:  {0x1107, 0x1173, 0x11B8},
	0xBE1E:  {0x1107, 0x1173, 0x11B9},
	0xBE1F:  {0x1107, 0x1173, 0x11BA},
	0xBE20:  {0x1107, 0x1173, 0x11BB},
	0xBE21:  {0x1107, 0x1173, 0x11BC},
	0xBE22:  {0x1107, 0x1173, 0x11BD},
	0xBE23:  {0x1107, 0x1173, 0x11BE},
	0xBE24:  {0x1107, 0x1173, 0x11BF},
	0xBE25:  {0x1107, 0x1173, 0x11C0},
	0xBE26:  {0x1107, 0x1173, 0x11C1},
	0xBE27:  {0x1107, 0x1173, 0x11C2},
	0xBE28:  {0x1107, 0x1174},
	0xBE29:  {0x1107, 0x1174, 0x11A8},
	0xBE2A:  {0x1107, 0x1174, 0x11A9},
	0xBE2B:  {0x1107, 0x1174, 0x11AA},
	0xBE2C:  {0x1107, 0x1174, 0x11AB},
	0xBE2D:  {0x1107, 0x1174, 0x11AC},
	0xBE2E:  {0x1107, 0x1174, 0x11AD},
	0xBE2F:  {0x1107, 0x1174, 0x11AE},
	0xBE30:  {0x1107, 0x1174, 0x11AF},
	0xBE31:  {0x1107, 0x1174, 0x11B0},
	0xBE32:  {0x1107, 0x1174, 0x11B1},
	0xBE33:  {0x1107, 0x1174, 0x11B2},
	0xBE34:  {0x1107, 0x1174, 0x11B3},
	0xBE35:  {0x1107, 0x1174, 0x11B4},
	0xBE36:  {0x1107, 0x1174, 0x11B5},
	0xBE37:  {0x1107, 0x1174, 0x11B6},
	0xBE38:  {0x1107, 0x1174, 0x11B7},
	0xBE39:  {0x1107, 0x1174, 0x11B8},
	0xBE3A:  {0x1107, 0x1174, 0x11B9},
	0xBE3B:  {0x1107, 0x1174, 0x11BA},
	0xBE3C:  {0x1107, 0x1174, 0x11BB},
	0xBE3D:  {0x1107, 0x1174, 0x11BC},
	0xBE3E:  {0x1107, 0x1174, 0x11BD},
	0xBE3F:  {0x1107, 0x1174, 0x11BE},
	0xBE40:  {0x1107, 0x1174, 0x11BF},
	0xBE41:  {0x1107, 0x1174, 0x11C0},
	0xBE42:  {0x1107, 0x1174, 0x11C1},
	0xBE43:  {0x1107, 0x1174, 0x11C2},
	0xBE44:  {0x1107, 0x1175},
	0xBE45:  {0x1107, 0x1175, 0x11A8},
	0xBE46:  {0x1107, 0x1175, 0x11A9},
	0xBE47:  {0x1107, 0x1175, 0x11AA},
	0xBE48:  {0x1107, 0x1175, 0x11AB},
	0xBE49:  {0x1107, 0x1175, 0x11AC},
	0xBE4A:  {0x1107, 0x1175, 0x11AD},
	0xBE4B:  {0x1107, 0x1175, 0x11AE},
	0xBE4C:  {0x1107, 0x1175, 0x11AF},
	0xBE4D:  {0x1107, 0x1175, 0x11B0},
	0xBE4E:  {0x1107, 0x1175, 0x11B1},
	0xBE4F:  {0x1107, 0x1175, 0x11B2},
	0xBE50:  {0x1107, 0x1175, 0x11B3},
	0xBE51:  {0x1107, 0x1175, 0x11B4},
	0xBE52:  {0x1107, 0x1175, 0x11B5},
	0xBE53:  {0x1107, 0x1175, 0x11B6},
	0xBE54:  {0x1107, 0x1175, 0x11B7},
	0xBE55:  {0x1107, 0x1175, 0x11B8},
	0xBE56:  {0x1107, 0x1175, 0x11B9},
	0xBE57:  {0x1107, 0x1175, 0x11BA},
	0xBE58:  {0x1107, 0x1175, 0x11BB},
	0xBE59:  {0x1107, 0x1175, 0x11BC},
	0xBE5A:  {0x1107, 0x1175, 0x11BD},
	0xBE5B:  {0x1107, 0x1175, 0x11BE},
	0xBE5C:  {0x1107, 0x1175, 0x11BF},
	0xBE5D:  {0x1107, 0x1175, 0x11C0},
	0xBE5E:  {0x1107, 0x1175, 0x11C1},
	0xBE5F:  {0x1107, 0x1175, 0x11C2},
	0xBE60:  {0x1108, 0x1161},
	0xBE61:  {0x1108, 0x1161, 0x11A8},
	0xBE62:  {0x1108, 0x1161, 0x11A9},
	0xBE63:  {0x1108, 0x1161, 0x11AA},
	0xBE64:  {0x1108, 0x1161, 0x11AB},
	0xBE65:  {0x1108, 0x1161, 0x11AC},
	0xBE66:  {0x1108, 0x1161, 0x11AD},
	0xBE67:  {0x1108, 0x1161, 0x11AE},
	0xBE68:  {0x1108, 0x1161, 0x11AF},
	0xBE69:  {0x1108, 0x1161, 0x11B0},
	0xBE6A:  {0x1108, 0x1161, 0x11B1},
	0xBE6B:  {0x1108, 0x1161, 0x11B2},
	0xBE6C:  {0x1108, 0x1161, 0x11B3},
	0xBE6D:  {0x1108, 0x1161, 0x11B4},
	0xBE6E:  {0x1108, 0x1161, 0x11B5},
	0xBE6F:  {0x1108, 0x1161, 0x11B6},
	0xBE70:  {0x1108, 0x1161, 0x11B7},
	0xBE71:  {0x1108, 0x1161, 0x11B8},
	0xBE72:  {0x1108, 0x1161, 0x11B9},
	0xBE73:  {0x1108, 0x1161, 0x11BA},
	0xBE74:  {0x1108, 0x1161, 0x11BB},
	0xBE75:  {0x1108, 0x1161, 0x11BC},
	0xBE76:  {0x1108, 0x1161, 0x11BD},
	0xBE77:  {0x1108, 0x1161, 0x11BE},
	0xBE78:  {0x1108, 0x1161, 0x11BF},
	0xBE79:  {0x1108, 0x1161, 0x11C0},
	0xBE7A:  {0x1108, 0x1161, 0x11C1},
	0xBE7B:  {0x1108, 0x1161, 0x11C2},
	0xBE7C:  {0x1108, 0x1162},
	0xBE7D:  {0x1108, 0x1162, 0x11A8},
	0xBE7E:  {0x1108, 0x1162, 0x11A9},
	0xBE7F:  {0x1108, 0x1162, 0x11AA},
	0xBE80:  {0x1108, 0x1162, 0x11AB},
	0xBE81:  {0x1108, 0x1162, 0x11AC},
	0xBE82:  {0x1108, 0x1162, 0x11AD},
	0xBE83:  {0x1108, 0x1162, 0x11AE},
	0xBE84:  {0x1108, 0x1162, 0x11AF},
	0xBE85:  {0x1108, 0x1162, 0x11B0},
	0xBE86:  {0x1108, 0x1162, 0x11B1},
	0xBE87:  {0x1108, 0x1162, 0x11B2},
	0xBE88:  {0x1108, 0x1162, 0x11B3},
	0xBE89:  {0x1108, 0x1162, 0x11B4},
	0xBE8A:  {0x1108, 0x1162, 0x11B5},
	0xBE8B:  {0x1108, 0x1162, 0x11B6},
	0xBE8C:  {0x1108, 0x1162, 0x11B7},
	0xBE8D:  {0x1108, 0x1162, 0x11B8},
	0xBE8E:  {0x1108, 0x1162, 0x11B9},
	0xBE8F:  {0x1108, 0x1162, 0x11BA},
	0xBE90:  {0x1108, 0x1162, 0x11BB},
	0xBE91:  {0x1108, 0x1162, 0x11BC},
	0xBE92:  {0x1108, 0x1162, 0x11BD},
	0xBE93:  {0x1108, 0x1162, 0x11BE},
	0xBE94:  {0x1108, 0x1162, 0x11BF},
	0xBE95:  {0x1108, 0x1162, 0x11C0},
	0xBE96:  {0x1108, 0x1162, 0x11C1},
	0xBE97:  {0x1108, 0x1162, 0x11C2},
	0xBE98:  {0x1108, 0x1163},
	0xBE99:  {0x1108, 0x1163, 0x11A8},
	0xBE9A:  {0x1108, 0x1163, 0x11A9},
	0xBE9B:  {0x1108, 0x1163, 0x11AA},
	0xBE9C:  {0x1108, 0x1163, 0x11AB},
	0xBE9D:  {0x1108, 0x1163, 0x11AC},
	0xBE9E:  {0x1108, 0x1163, 0x11AD},
	0xBE9F:  {0x1108, 0x1163, 0x11AE},
	0xBEA0:  {0x1108, 0x1163, 0x11AF},
	0xBEA1:  {0x1108, 0x1163, 0x11B0},
	0xBEA2:  {0x1108, 0x1163, 0x11B1},
	0xBEA3:  {0x1108, 0x1163, 0x11B2},
	0xBEA4:  {0x1108, 0x1163, 0x11B3},
	0xBEA5:  {0x1108, 0x1163, 0x11B4},
	0xBEA6:  {0x1108, 0x1163, 0x11B5},
	0xBEA7:  {0x1108, 0x1163, 0x11B6},
	0xBEA8:  {0x1108, 0x1163, 0x11B7},
	0xBEA9:  {0x1108, 0x1163, 0x11B8},
	0xBEAA:  {0x1108, 0x1163, 0x11B9},
	0xBEAB:  {0x1108, 0x1163, 0x11BA},
	0xBEAC:  {0x1108, 0x1163, 0x11BB},
	0xBEAD:  {0x1108, 0x1163, 0x11BC},
	0xBEAE:  {0x1108, 0x1163, 0x11BD},
	0xBEAF:  {0x1108, 0x1163, 0x11BE},
	0xBEB0:  {0x1108, 0x1163, 0x11BF},
	0xBEB1:  {0x1108, 0x1163, 0x11C0},
	0xBEB2:  {0x1108, 0x1163, 0x11C1},
	0xBEB3:  {0x1108, 0x1163, 0x11C2},
	0xBEB4:  {0x1108, 0x1164},
	0xBEB5:  {0x1108, 0x1164, 0x11A8},
	0xBEB6:  {0x1108, 0x1164, 0x11A9},
	0xBEB7:  {0x1108, 0x1164, 0x11AA},
	0xBEB8:  {0x1108, 0x1164, 0x11AB},
	0xBEB9:  {0x1108, 0x1164, 0x11AC},
	0xBEBA:  {0x1108, 0x1164, 0x11AD},
	0xBEBB:  {0x1108, 0x1164, 0x11AE},
	0xBEBC:  {0x1108, 0x1164, 0x11AF},
	0xBEBD:  {0x1108, 0x1164, 0x11B0},
	0xBEBE:  {0x1108, 0x1164, 0x11B1},
	0xBEBF:  {0x1108, 0x1164, 0x11B2},
	0xBEC0:  {0x1108, 0x1164, 0x11B3},
	0xBEC1:  {0x1108, 0x1164, 0x11B4},
	0xBEC2:  {0x1108, 0x1164, 0x11B5},
	0xBEC3:  {0x1108, 0x1164, 0x11B6},
	0xBEC4:  {0x1108, 0x1164, 0x11B7},
	0xBEC5:  {0x1108, 0x1164, 0x11B8},
	0xBEC6:  {0x1108, 0x1164, 0x11B9},
	0xBEC7:  {0x1108, 0x1164, 0x11BA},
	0xBEC8:  {0x1108, 0x1164, 0x11BB},
	0xBEC9:  {0x1108, 0x1164, 0x11BC},
	0xBECA:  {0x1108, 0x1164, 0x11BD},
	0xBECB:  {0x1108, 0x1164, 0x11BE},
	0xBECC:  {0x1108, 0x1164, 0x11BF},
	0xBECD:  {0x1108, 0x1164, 0x11C0},
	0xBECE:  {0x1108, 0x1164, 0x11C1},
	0xBECF:  {0x1108, 0x1164, 0x11C2},
	0xBED0:  {0x1108, 0x1165},
	0xBED1:  {0x1108, 0x1165, 0x11A8},
	0xBED2:  {0x1108, 0x1165, 0x11A9},
	0xBED3:  {0x1108, 0x1165, 0x11AA},
	0xBED4:  {0x1108, 0x1165, 0x11AB},
	0xBED5:  {0x1108, 0x1165, 0x11AC},
	0xBED6:  {0x1108, 0x1165, 0x11AD},
	0xBED7:  {0x1108, 0x1165, 0x11AE},
	0xBED8:  {0x1108, 0x1165, 0x11AF},
	0xBED9:  {0x1108, 0x1165, 0x11B0},
	0xBEDA:  {0x1108, 0x1165, 0x11B1},
	0xBEDB:  {0x1108, 0x1165, 0x11B2},
	0xBEDC:  {0x1108, 0x1165, 0x11B3},
	0xBEDD:  {0x1108, 0x1165, 0x11B4},
	0xBEDE:  {0x1108, 0x1165, 0x11B5},
	0xBEDF:  {0x1108, 0x1165, 0x11B6},
	0xBEE0:  {0x1108, 0x1165, 0x11B7},
	0xBEE1:  {0x1108, 0x1165, 0x11B8},
	0xBEE2:  {0x1108, 0x1165, 0x11B9},
	0xBEE3:  {0x1108, 0x1165, 0x11BA},
	0xBEE4:  {0x1108, 0x1165, 0x11BB},
	0xBEE5:  {0x1108, 0x1165, 0x11BC},
	0xBEE6:  {0x1108, 0x1165, 0x11BD},
	0xBEE7:  {0x1108, 0x1165, 0x11BE},
	0xBEE8:  {0x1108, 0x1165, 0x11BF},
	0xBEE9:  {0x1108, 0x1165, 0x11C0},
	0xBEEA:  {0x1108, 0x1165, 0x11C1},
	0xBEEB:  {0x1108, 0x1165, 0x11C2},
	0xBEEC:  {0x1108, 0x1166},
	0xBEED:  {0x1108, 0x1166, 0x11A8},
	0xBEEE:  {0x1108, 0x1166, 0x11A9},
	0xBEEF:  {0x1108, 0x1166, 0x11AA},
	0xBEF0:  {0x1108, 0x1166, 0x11AB},
	0xBEF1:  {0x1108, 0x1166, 0x11AC},
	0xBEF2:  {0x1108, 0x1166, 0x11AD},
	0xBEF3:  {0x1108, 0x1166, 0x11AE},
	0xBEF4:  {0x1108, 0x1166, 0x11AF},
	0xBEF5:  {0x1108, 0x1166, 0x11B0},
	0xBEF6:  {0x1108, 0x1166, 0x11B1},
	0xBEF7:  {0x1108, 0x1166, 0x11B2},
	0xBEF8:  {0x1108, 0x1166, 0x11B3},
	0xBEF9:  {0x1108, 0x1166, 0x11B4},
	0xBEFA:  {0x1108, 0x1166, 0x11B5},
	0xBEFB:  {0x1108, 0x1166, 0x11B6},
	0xBEFC:  {0x1108, 0x1166, 0x11B7},
	0xBEFD:  {0x1108, 0x1166, 0x11B8},
	0xBEFE:  {0x1108, 0x1166, 0x11B9},
	0xBEFF:  {0x1108, 0x1166, 0x11BA},
	0xBF00:  {0x1108, 0x1166, 0x11BB},
	0xBF01:  {0x1108, 0x1166, 0x11BC},
	0xBF02:  {0x1108, 0x1166, 0x11BD},
	0xBF03:  {0x1108, 0x1166, 0x11BE},
	0xBF04:  {0x1108, 0x1166, 0x11BF},
	0xBF05:  {0x1108, 0x1166, 0x11C0},
	0xBF06:  {0x1108, 0x1166, 0x11C1},
	0xBF07:  {0x1108, 0x1166, 0x11C2},
	0xBF08:  {0x1108, 0x1167},
	0xBF09:  {0x1108, 0x1167, 0x11A8},
	0xBF0A:  {0x1108, 0x1167, 0x11A9},
	0xBF0B:  {0x1108, 0x1167, 0x11AA},
	0xBF0C:  {0x1108, 0x1167, 0x11AB},
	0xBF0D:  {0x1108, 0x1167, 0x11AC},
	0xBF0E:  {0x1108, 0x1167, 0x11AD},
	0xBF0F:  {0x1108, 0x1167, 0x11AE},
	0xBF10:  {0x1108, 0x1167, 0x11AF},
	0xBF11:  {0x1108, 0x1167, 0x11B0},
	0xBF12:  {0x1108, 0x1167, 0x11B1},
	0xBF13:  {0x1108, 0x1167, 0x11B2},
	0xBF14:  {0x1108, 0x1167, 0x11B3},
	0xBF15:  {0x1108, 0x1167, 0x11B4},
	0xBF16:  {0x1108, 0x1167, 0x11B5},
	0xBF17:  {0x1108, 0x1167, 0x11B6},
	0xBF18:  {0x1108, 0x1167, 0x11B7},
	0xBF19:  {0x1108, 0x1167, 0x11B8},
	0xBF1A:  {0x1108, 0x1167, 0x11B9},
	0xBF1B:  {0x1108, 0x1167, 0x11BA},
	0xBF1C:  {0x1108, 0x1167, 0x11BB},
	0xBF1D:  {0x1108, 0x1167, 0x11BC},
	0xBF1E:  {0x1108, 0x1167, 0x11BD},
	0xBF1F:  {0x1108, 0x1167, 0x11BE},
	0xBF20:  {0x1108, 0x1167, 0x11BF},
	0xBF21:  {0x1108, 0x1167, 0x11C0},
	0xBF22:  {0x1108, 0x1167, 0x11C1},
	0xBF23:  {0x1108, 0x1167, 0x11C2},
	0xBF24:  {0x1108, 0x1168},
	0xBF25:  {0x1108, 0x1168, 0x11A8},
	0xBF26:  {0x1108, 0x1168, 0x11A9},
	0xBF27:  {0x1108, 0x1168, 0x11AA},
	0xBF28:  {0x1108, 0x1168, 0x11AB},
	0xBF29:  {0x1108, 0x1168, 0x11AC},
	0xBF2A:  {0x1108, 0x1168, 0x11AD},
	0xBF2B:  {0x1108, 0x1168, 0x11AE},
	0xBF2C:  {0x1108, 0x1168, 0x11AF},
	0xBF2D:  {0x1108, 0x1168, 0x11B0},
	0xBF2E:  {0x1108, 0x1168, 0x11B1},
	0xBF2F:  {0x1108, 0x1168, 0x11B2},
	0xBF30:  {0x1108, 0x1168, 0x11B3},
	0xBF31:  {0x1108, 0x1168, 0x11B4},
	0xBF32:  {0x1108, 0x1168, 0x11B5},
	0xBF33:  {0x1108, 0x1168, 0x11B6},
	0xBF34:  {0x1108, 0x1168, 0x11B7},
	0xBF35:  {0x1108, 0x1168, 0x11B8},
	0xBF36:  {0x1108, 0x1168, 0x11B9},
	0xBF37:  {0x1108, 0x1168, 0x11BA},
	0xBF38:  {0x1108, 0x1168, 0x11BB},
	0xBF39:  {0x1108, 0x1168, 0x11BC},
	0xBF3A:  {0x1108, 0x1168, 0x11BD},
	0xBF3B:  {0x1108, 0x1168, 0x11BE},
	0xBF3C:  {0x1108, 0x1168, 0x11BF},
	0xBF3D:  {0x1108, 0x1168, 0x11C0},
	0xBF3E:  {0x1108, 0x1168, 0x11C1},
	0xBF3F:  {0x1108, 0x1168, 0x11C2},
	0xBF40:  {0x1108, 0x1169},
	0xBF41:  {0x1108, 0x1169, 0x11A8},
	0xBF42:  {0x1108, 0x1169, 0x11A9},
	0xBF43:  {0x1108, 0x1169, 0x11AA},
	0xBF44:  {0x1108, 0x1169, 0x11AB},
	0xBF45:  {0x1108, 0x1169, 0x11AC},
	0xBF46:  {0x1108, 0x1169, 0x11AD},
	0xBF47:  {0x1108, 0x1169, 0x11AE},
	0xBF48:  {0x1108, 0x1169, 0x11AF},
	0xBF49:  {0x1108, 0x1169, 0x11B0},
	0xBF4A:  {0x1108, 0x1169, 0x11B1},
	0xBF4B:  {0x1108, 0x1169, 0x11B2},
	0xBF4C:  {0x1108, 0x1169, 0x11B3},
	0xBF4D:  {0x1108, 0x1169, 0x11B4},
	0xBF4E:  {0x1108, 0x1169, 0x11B5},
	0xBF4F:  {0x1108, 0x1169, 0x11B6},
	0xBF50:  {0x1108, 0x1169, 0x11B7},
	0xBF51:  {0x1108, 0x1169, 0x11B8},
	0xBF52:  {0x1108, 0x1169, 0x11B9},
	0xBF53:  {0x1108, 0x1169, 0x11BA},
	0xBF54:  {0x1108, 0x1169, 0x11BB},
	0xBF55:  {0x1108, 0x1169, 0x11BC},
	0xBF56:  {0x1108, 0x1169, 0x11BD},
	0xBF57:  {0x1108, 0x1169, 0x11BE},
	0xBF58:  {0x1108, 0x1169, 0x11BF},
	0xBF59:  {0x1108, 0x1169, 0x11C0},
	0xBF5A:  {0x1108, 0x1169, 0x11C1},
	0xBF5B:  {0x1108, 0x1169, 0x11C2},
	0xBF5C:  {0x1108, 0x116A},
	0xBF5D:  {0x1108, 0x116A, 0x11A8},
	0xBF5E:  {0x1108, 0x116A, 0x11A9},
	0xBF5F:  {0x1108, 0x116A, 0x11AA},
	0xBF60:  {0x1108, 0x116A, 0x11AB},
	0xBF61:  {0x1108, 0x116A, 0x11AC},
	0xBF62:  {0x1108, 0x116A, 0x11AD},
	0xBF63:  {0x1108, 0x116A, 0x11AE},
	0xBF64:  {0x1108, 0x116A, 0x11AF},
	0xBF65:  {0x1108, 0x116A, 0x11B0},
	0xBF66:  {0x1108, 0x116A, 0x11B1},
	0xBF67:  {0x1108, 0x116A, 0x11B2},
	0xBF68:  {0x1108, 0x116A, 0x11B3},
	0xBF69:  {0x1108, 0x116A, 0x11B4},
	0xBF6A:  {0x1108, 0x116A, 0x11B5},
	0xBF6B:  {0x1108, 0x116A, 0x11B6},
	0xBF6C:  {0x1108, 0x116A, 0x11B7},
	0xBF6D:  {0x1108, 0x116A, 0x11B8},
	0xBF6E:  {0x1108, 0x116A, 0x11B9},
	0xBF6F:  {0x1108, 0x116A, 0x11BA},
	0xBF70:  {0x1108, 0x116A, 0x11BB},
	0xBF71:  {0x1108, 0x116A, 0x11BC},
	0xBF72:  {0x1108, 0x116A, 0x11BD},
	0xBF73:  {0x1108, 0x116A, 0x11BE},
	0xBF74:  {0x1108, 0x116A, 0x11BF},
	0xBF75:  {0x1108, 0x116A, 0x11C0},
	0xBF76:  {0x1108, 0x116A, 0x11C1},
	0xBF77:  {0x1108, 0x116A, 0x11C2},
	0xBF78:  {0x1108, 0x116B},
	0xBF79:  {0x1108, 0x116B, 0x11A8},
	0xBF7A:  {0x1108, 0x116B, 0x11A9},
	0xBF7B:  {0x1108, 0x116B, 0x11AA},
	0xBF7C:  {0x1108, 0x116B, 0x11AB},
	0xBF7D:  {0x1108, 0x116B, 0x11AC},
	0xBF7E:  {0x1108, 0x116B, 0x11AD},
	0xBF7F:  {0x1108, 0x116B, 0x11AE},
	0xBF80:  {0x1108, 0x116B, 0x11AF},
	0xBF81:  {0x1108, 0x116B, 0x11B0},
	0xBF82:  {0x1108, 0x116B, 0x11B1},
	0xBF83:  {0x1108, 0x116B, 0x11B2},
	0xBF84:  {0x1108, 0x116B, 0x11B3},
	0xBF85:  {0x1108, 0x116B, 0x11B4},
	0xBF86:  {0x1108, 0x116B, 0x11B5},
	0xBF87:  {0x1108, 0x116B, 0x11B6},
	0xBF88:  {0x1108, 0x116B, 0x11B7},
	0xBF89:  {0x1108, 0x116B, 0x11B8},
	0xBF8A:  {0x1108, 0x116B, 0x11B9},
	0xBF8B:  {0x1108, 0x116B, 0x11BA},
	0xBF8C:  {0x1108, 0x116B, 0x11BB},
	0xBF8D:  {0x1108, 0x116B, 0x11BC},
	0xBF8E:  {0x1108, 0x116B, 0x11BD},
	0xBF8F:  {0x1108, 0x116B, 0x11BE},
	0xBF90:  {0x1108, 0x116B, 0x11BF},
	0xBF91:  {0x1108, 0x116B, 0x11C0},
	0xBF92:  {0x1108, 0x116B, 0x11C1},
	0xBF93:  {0x1108, 0x116B, 0x11C2},
	0xBF94:  {0x1108, 0x116C},
	0xBF95:  {0x1108, 0x116C, 0x11A8},
	0xBF96:  {0x1108, 0x116C, 0x11A9},
	0xBF97:  {0x1108, 0x116C, 0x11AA},
	0xBF98:  {0x1108, 0x116C, 0x11AB},
	0xBF99:  {0x1108, 0x116C, 0x11AC},
	0xBF9A:  {0x1108, 0x116C, 0x11AD},
	0xBF9B:  {0x1108, 0x116C, 0x11AE},
	0xBF9C:  {0x1108, 0x116C, 0x11AF},
	0xBF9D:  {0x1108, 0x116C, 0x11B0},
	0xBF9E:  {0x1108, 0x116C, 0x11B1},
	0xBF9F:  {0x1108, 0x116C, 0x11B2},
	0xBFA0:  {0x1108, 0x116C, 0x11B3},
	0xBFA1:  {0x1108, 0x116C, 0x11B4},
	0xBFA2:  {0x1108, 0x116C, 0x11B5},
	0xBFA3:  {0x1108, 0x116C, 0x11B6},
	0xBFA4:  {0x1108, 0x116C, 0x11B7},
	0xBFA5:  {0x1108, 0x116C, 0x11B8},
	0xBFA6:  {0x1108, 0x116C, 0x11B9},
	0xBFA7:  {0x1108, 0x116C, 0x11BA},
	0xBFA8:  {0x1108, 0x116C, 0x11BB},
	0xBFA9:  {0x1108, 0x116C, 0x11BC},
	0xBFAA:  {0x1108, 0x116C, 0x11BD},
	0xBFAB:  {0x1108, 0x116C, 0x11BE},
	0xBFAC:  {0x1108, 0x116C, 0x11BF},
	0xBFAD:  {0x1108, 0x116C, 0x11C0},
	0xBFAE:  {0x1108, 0x116C, 0x11C1},
	0xBFAF:  {0x1108, 0x116C, 0x11C2},
	0xBFB0:  {0x1108, 0x116D},
	0xBFB1:  {0x1108, 0x116D, 0x11A8},
	0xBFB2:  {0x1108, 0x116D, 0x11A9},
	0xBFB3:  {0x1108, 0x116D, 0x11AA},
	0xBFB4:  {0x1108, 0x116D, 0x11AB},
	0xBFB5:  {0x1108, 0x116D, 0x11AC},
	0xBFB6:  {0x1108, 0x116D, 0x11AD},
	0xBFB7:  {0x1108, 0x116D, 0x11AE},
	0xBFB8:  {0x1108, 0x116D, 0x11AF},
	0xBFB9:  {0x1108, 0x116D, 0x11B0},
	0xBFBA:  {0x1108, 0x116D, 0x11B1},
	0xBFBB:  {0x1108, 0x116D, 0x11B2},
	0xBFBC:  {0x1108, 0x116D, 0x11B3},
	0xBFBD:  {0x1108, 0x116D, 0x11B4},
	0xBFBE:  {0x1108, 0x116D, 0x11B5},
	0xBFBF:  {0x1108, 0x116D, 0x11B6},
	0xBFC0:  {0x1108, 0x116D, 0x11B7},
	0xBFC1:  {0x1108, 0x116D, 0x11B8},
	0xBFC2:  {0x1108, 0x116D, 0x11B9},
	0xBFC3:  {0x1108, 0x116D, 0x11BA},
	0xBFC4:  {0x1108, 0x116D, 0x11BB},
	0xBFC5:  {0x1108, 0x116D, 0x11BC},
	0xBFC6:  {0x1108, 0x116D, 0x11BD},
	0xBFC7:  {0x1108, 0x116D, 0x11BE},
	0xBFC8:  {0x1108, 0x116D, 0x11BF},
	0xBFC9:  {0x1108, 0x116D, 0x11C0},
	0xBFCA:  {0x1108, 0x116D, 0x11C1},
	0xBFCB:  {0x1108, 0x116D, 0x11C2},
	0xBFCC:  {0x1108, 0x116E},
	0xBFCD:  {0x1108, 0x116E, 0x11A8},
	0xBFCE:  {0x1108, 0x116E, 0x11A9},
	0xBFCF:  {0x1108, 0x116E, 0x11AA},
	0xBFD0:  {0x1108, 0x116E, 0x11AB},
	0xBFD1:  {0x1108, 0x116E, 0x11AC},
	0xBFD2:  {0x1108, 0x116E, 0x11AD},
	0xBFD3:  {0x1108, 0x116E, 0x11AE},
	0xBFD4:  {0x1108, 0x116E, 0x11AF},
	0xBFD5:  {0x1108, 0x116E, 0x11B0},
	0xBFD6:  {0x1108, 0x116E, 0x11B1},
	0xBFD7:  {0x1108, 0x116E, 0x11B2},
	0xBFD8:  {0x1108, 0x116E, 0x11B3},
	0xBFD9:  {0x1108, 0x116E, 0x11B4},
	0xBFDA:  {0x1108, 0x116E, 0x11B5},
	0xBFDB:  {0x1108, 0x116E, 0x11B6},
	0xBFDC:  {0x1108, 0x116E, 0x11B7},
	0xBFDD:  {0x1108, 0x116E, 0x11B8},
	0xBFDE:  {0x1108, 0x116E, 0x11B9},
	0xBFDF:  {0x1108, 0x116E, 0x11BA},
	0xBFE0:  {0x1108, 0x116E, 0x11BB},
	0xBFE1:  {0x1108, 0x116E, 0x11BC},
	0xBFE2:  {0x1108, 0x116E, 0x11BD},
	0xBFE3:  {0x1108, 0x116E, 0x11BE},
	0xBFE4:  {0x1108, 0x116E, 0x11BF},
	0xBFE5:  {0x1108, 0x116E, 0x11C0},
	0xBFE6:  {0x1108, 0x116E, 0x11C1},
	0xBFE7:  {0x1108, 0x116E, 0x11C2},
	0xBFE8:  {0x1108, 0x116F},
	0xBFE9:  {0x1108, 0x116F, 0x11A8},
	0xBFEA:  {0x1108, 0x116F, 0x11A9},
	0xBFEB:  {0x1108, 0x116F, 0x11AA},
	0xBFEC:  {0x1108, 0x116F, 0x11AB},
	0xBFED:  {0x1108, 0x116F, 0x11AC},
	0xBFEE:  {0x1108, 0x116F, 0x11AD},
	0xBFEF:  {0x1108, 0x116F, 0x11AE},
	0xBFF0:  {0x1108, 0x116F, 0x11AF},
	0xBFF1:  {0x1108, 0x116F, 0x11B0},
	0xBFF2:  {0x1108, 0x116F, 0x11B1},
	0xBFF3:  {0x1108, 0x116F, 0x11B2},
	0xBFF4:  {0x1108, 0x116F, 0x11B3},
	0xBFF5:  {0x1108, 0x116F, 0x11B4},
	0xBFF6:  {0x1108, 0x116F, 0x11B5},
	0xBFF7:  {0x1108, 0x116F, 0x11B6},
	0xBFF8:  {0x1108, 0x116F, 0x11B7},
	0xBFF9:  {0x1108, 0x116F, 0x11B8},
	0xBFFA:  {0x1108, 0x116F, 0x11B9},
	0xBFFB:  {0x1108, 0x116F, 0x11BA},
	0xBFFC:  {0x1108, 0x116F, 0x11BB},
	0xBFFD:  {0x1108, 0x116F, 0x11BC},
	0xBFFE:  {0x1108, 0x116F, 0x11BD},
	0xBFFF:  {0x1108, 0x116F, 0x11BE},
	0xC000:  {0x1108, 0x116F, 0x11BF},
	0xC001:  {0x1108, 0x116F, 0x11C0},
	0xC002:  {0x1108, 0x116F, 0x11C1},
	0xC003:  {0x1108, 0x116F, 0x11C2},
	0xC004:  {0x1108, 0x1170},
	0xC005:  {0x1108, 0x1170, 0x11A8},
	0xC006:  {0x1108, 0x1170, 0x11A9},
	0xC007:  {0x1108, 0x1170, 0x11AA},
	0xC008:  {0x1108, 0x1170, 0x11AB},
	0xC009:  {0x1108, 0x1170, 0x11AC},
	0xC00A:  {0x1108, 0x1170, 0x11AD},
	0xC00B:  {0x1108, 0x1170, 0x11AE},
	0xC00C:  {0x1108, 0x1170, 0x11AF},
	0xC00D:  {0x1108, 0x1170, 0x11B0},
	0xC00E:  {0x1108, 0x1170, 0x11B1},
	0xC00F:  {0x1108, 0x1170, 0x11B2},
	0xC010:  {0x1108, 0x1170, 0x11B3},
	0xC011:  {0x1108, 0x1170, 0x11B4},
	0xC012:  {0x1108, 0x1170, 0x11B5},
	0xC013:  {0x1108, 0x1170, 0x11B6},
	0xC014:  {0x1108, 0x1170, 0x11B7},
	0xC015:  {0x1108, 0x1170, 0x11B8},
	0xC016:  {0x1108, 0x1170, 0x11B9},
	0xC017:  {0x1108, 0x1170, 0x11BA},
	0xC018:  {0x1108, 0x1170, 0x11BB},
	0xC019:  {0x1108, 0x1170, 0x11BC},
	0xC01A:  {0x1108, 0x1170, 0x11BD},
	0xC01B:  {0x1108, 0x1170, 0x11BE},
	0xC01C:  {0x1108, 0x1170, 0x11BF},
	0xC01D:  {0x1108, 0x1170, 0x11C0},
	0xC01E:  {0x1108, 0x1170, 0x11C1},
	0xC01F:  {0x1108, 0x1170, 0x11C2},
	0xC020:  {0x1108, 0x1171},
	0xC021:  {0x1108, 0x1171, 0x11A8},
	0xC022:  {0x1108, 0x1171, 0x11A9},
	0xC023:  {0x1108, 0x1171, 0x11AA},
	0xC024:  {0x1108, 0x1171, 0x11AB},
	0xC025:  {0x1108, 0x1171, 0x11AC},
	0xC026:  {0x1108, 0x1171, 0x11AD},
	0xC027:  {0x1108, 0x1171, 0x11AE},
	0xC028:  {0x1108, 0x1171, 0x11AF},
	0xC029:  {0x1108, 0x1171, 0x11B0},
	0xC02A:  {0x1108, 0x1171, 0x11B1},
	0xC02B:  {0x1108, 0x1171, 0x11B2},
	0xC02C:  {0x1108, 0x1171, 0x11B3},
	0xC02D:  {0x1108, 0x1171, 0x11B4},
	0xC02E:  {0x1108, 0x1171, 0x11B5},
	0xC02F:  {0x1108, 0x1171, 0x11B6},
	0xC030:  {0x1108, 0x1171, 0x11B7},
	0xC031:  {0x1108, 0x1171, 0x11B8},
	0xC032:  {0x1108, 0x1171, 0x11B9},
	0xC033:  {0x1108, 0x1171, 0x11BA},
	0xC034:  {0x1108, 0x1171, 0x11BB},
	0xC035:  {0x1108, 0x1171, 0x11BC},
	0xC036:  {0x1108, 0x1171, 0x11BD},
	0xC037:  {0x1108, 0x1171, 0x11BE},
	0xC038:  {0x1108, 0x1171, 0x11BF},
	0xC039:  {0x1108, 0x1171, 0x11C0},
	0xC03A:  {0x1108, 0x1171, 0x11C1},
	0xC03B:  {0x1108, 0x1171, 0x11C2},
	0xC03C:  {0x1108, 0x1172},
	0xC03D:  {0x1108, 0x1172, 0x11A8},
	0xC03E:  {0x1108, 0x1172, 0x11A9},
	0xC03F:  {0x1108, 0x1172, 0x11AA},
	0xC040:  {0x1108, 0x1172, 0x11AB},
	0xC041:  {0x1108, 0x1172, 0x11AC},
	0xC042:  {0x1108, 0x1172, 0x11AD},
	0xC043:  {0x1108, 0x1172, 0x11AE},
	0xC044:  {0x1108, 0x1172, 0x11AF},
	0xC045:  {0x1108, 0x1172, 0x11B0},
	0xC046:  {0x1108, 0x1172, 0x11B1},
	0xC047:  {0x1108, 0x1172, 0x11B2},
	0xC048:  {0x1108, 0x1172, 0x11B3},
	0xC049:  {0x1108, 0x1172, 0x11B4},
	0xC04A:  {0x1108, 0x1172, 0x11B5},
	0xC04B:  {0x1108, 0x1172, 0x11B6},
	0xC04C:  {0x1108, 0x1172, 0x11B7},
	0xC04D:  {0x1108, 0x1172, 0x11B8},
	0xC04E:  {0x1108, 0x1172, 0x11B9},
	0xC04F:  {0x1108, 0x1172, 0x11BA},
	0xC050:  {0x1108, 0x1172, 0x11BB},
	0xC051:  {0x1108, 0x1172, 0x11BC},
	0xC052:  {0x1108, 0x1172, 0x11BD},
	0xC053:  {0x1108, 0x1172, 0x11BE},
	0xC054:  {0x1108, 0x1172, 0x11BF},
	0xC055:  {0x1108, 0x1172, 0x11C0},
	0xC056:  {0x1108, 0x1172, 0x11C1},
	0xC057:  {0x1108, 0x1172, 0x11C2},
	0xC058:  {0x1108, 0x1173},
	0xC059:  {0x1108, 0x1173, 0x11A8},
	0xC05A:  {0x1108, 0x1173, 0x11A9},
	0xC05B:  {0x1108, 0x1173, 0x11AA},
	0xC05C:  {0x1108, 0x1173, 0x11AB},
	0xC05D:  {0x1108, 0x1173, 0x11AC},
	0xC05E:  {0x1108, 0x1173, 0x11AD},
	0xC05F:  {0x1108, 0x1173, 0x11AE},
	0xC060:  {0x1108, 0x1173, 0x11AF},
	0xC061:  {0x1108, 0x1173, 0x11B0},
	0xC062:  {0x1108, 0x1173, 0x11B1},
	0xC063:  {0x1108, 0x1173, 0x11B2},
	0xC064:  {0x1108, 0x1173, 0x11B3},
	0xC065:  {0x1108, 0x1173, 0x11B4},
	0xC066:  {0x1108, 0x1173, 0x11B5},
	0xC067:  {0x1108, 0x1173, 0x11B6},
	0xC068:  {0x1108, 0x1173, 0x11B7},
	0xC069:  {0x1108, 0x1173, 0x11B8},
	0xC06A:  {0x1108, 0x1173, 0x11B9},
	0xC06B:  {0x1108, 0x1173, 0x11BA},
	0xC06C:  {0x1108, 0x1173, 0x11BB},
	0xC06D:  {0x1108, 0x1173, 0x11BC},
	0xC06E:  {0x1108, 0x1173, 0x11BD},
	0xC06F:  {0x1108, 0x1173, 0x11BE},
	0xC070:  {0x1108, 0x1173, 0x11BF},
	0xC071:  {0x1108, 0x1173, 0x11C0},
	0xC072:  {0x1108, 0x1173, 0x11C1},
	0xC073:  {0x1108, 0x1173, 0x11C2},
	0xC074:  {0x1108, 0x1174},
	0xC075:  {0x1108, 0x1174, 0x11A8},
	0xC076:  {0x1108, 0x1174, 0x11A9},
	0xC077:  {0x1108, 0x1174, 0x11AA},
	0xC078:  {0x1108, 0x1174, 0x11AB},
	0xC079:  {0x1108, 0x1174, 0x11AC},
	0xC07A:  {0x1108, 0x1174, 0x11AD},
	0xC07B:  {0x1108, 0x1174, 0x11AE},
	0xC07C:  {0x1108, 0x1174, 0x11AF},
	0xC07D:  {0x1108, 0x1174, 0x11B0},
	0xC07E:  {0x1108, 0x1174, 0x11B1},
	0xC07F:  {0x1108, 0x1174, 0x11B2},
	0xC080:  {0x1108, 0x1174, 0x11B3},
	0xC081:  {0x1108, 0x1174, 0x11B4},
	0xC082:  {0x1108, 0x1174, 0x11B5},
	0xC083:  {0x1108, 0x1174, 0x11B6},
	0xC084:  {0x1108, 0x1174, 0x11B7},
	0xC085:  {0x1108, 0x1174, 0x11B8},
	0xC086:  {0x1108, 0x1174, 0x11B9},
	0xC087:  {0x1108, 0x1174, 0x11BA},
	0xC088:  {0x1108, 0x1174, 0x11BB},
	0xC089:  {0x1108, 0x1174, 0x11BC},
	0xC08A:  {0x1108, 0x1174, 0x11BD},
	0xC08B:  {0x1108, 0x1174, 0x11BE},
	0xC08C:  {0x1108, 0x1174, 0x11BF},
	0xC08D:  {0x1108, 0x1174, 0x11C0},
	0xC08E:  {0x1108, 0x1174, 0x11C1},
	0xC08F:  {0x1108, 0x1174, 0x11C2},
	0xC090:  {0x1108, 0x1175},
	0xC091:  {0x1108, 0x1175, 0x11A8},
	0xC092:  {0x1108, 0x1175, 0x11A9},
	0xC093:  {0x1108, 0x1175, 0x11AA},
	0xC094:  {0x1108, 0x1175, 0x11AB},
	0xC095:  {0x1108, 0x1175, 0x11AC},
	0xC096:  {0x1108, 0x1175, 0x11AD},
	0xC097:  {0x1108, 0x1175, 0x11AE},
	0xC098:  {0x1108, 0x1175, 0x11AF},
	0xC099:  {0x1108, 0x1175, 0x11B0},
	0xC09A:  {0x1108, 0x1175, 0x11B1},
	0xC09B:  {0x1108, 0x1175, 0x11B2},
	0xC09C:  {0x1108, 0x1175, 0x11B3},
	0xC09D:  {0x1108, 0x1175, 0x11B4},
	0xC09E:  {0x1108, 0x1175, 0x11B5},
	0xC09F:  {0x1108, 0x1175, 0x11B6},
	0xC0A0:  {0x1108, 0x1175, 0x11B7},
	0xC0A1:  {0x1108, 0x1175, 0x11B8},
	0xC0A2:  {0x1108, 0x1175, 0x11B9},
	0xC0A3:  {0x1108, 0x1175, 0x11BA},
	0xC0A4:  {0x1108, 0x1175, 0x11BB},
	0xC0A5:  {0x1108, 0x1175, 0x11BC},
	0xC0A6:  {0x1108, 0x1175, 0x11BD},
	0xC0A7:  {0x1108, 0x1175, 0x11BE},
	0xC0A8:  {0x1108, 0x1175, 0x11BF},
	0xC0A9:  {0x1108, 0x1175, 0x11C0},
	0xC0AA:  {0x1108, 0x1175, 0x11C1},
	0xC0AB:  {0x1108, 0x1175, 0x11C2},
	0xC0AC:  {0x1109, 0x1161},
	0xC0AD:  {0x1109, 0x1161, 0x11A8},
	0xC0AE:  {0x1109, 0x1161, 0x11A9},
	0xC0AF:  {0x1109, 0x1161, 0x11AA},
	0xC0B0:  {0x1109, 0x1161, 0x11AB},
	0xC0B1:  {0x1109, 0x1161, 0x11AC},
	0xC0B2:  {0x1109, 0x1161, 0x11AD},
	0xC0B3:  {0x1109, 0x1161, 0x11AE},
	0xC0B4:  {0x1109, 0x1161, 0x11AF},
	0xC0B5:  {0x1109, 0x1161, 0x11B0},
	0xC0B6:  {0x1109, 0x1161, 0x11B1},
	0xC0B7:  {0x1109, 0x1161, 0x11B2},
	0xC0B8:  {0x1109, 0x1161, 0x11B3},
	0xC0B9:  {0x1109, 0x1161, 0x11B4},
	0xC0BA:  {0x1109, 0x1161, 0x11B5},
	0xC0BB:  {0x1109, 0x1161, 0x11B6},
	0xC0BC:  {0x1109, 0x1161, 0x11B7},
	0xC0BD:  {0x1109, 0x1161, 0x11B8},
	0xC0BE:  {0x1109, 0x1161, 0x11B9},
	0xC0BF:  {0x1109, 0x1161, 0x11BA},
	0xC0C0:  {0x1109, 0x1161, 0x11BB},
	0xC0C1:  {0x1109, 0x1161, 0x11BC},
	0xC0C2:  {0x1109, 0x1161, 0x11BD},
	0xC0C3:  {0x1109, 0x1161, 0x11BE},
	0xC0C4:  {0x1109, 0x1161, 0x11BF},
	0xC0C5:  {0x1109, 0x1161, 0x11C0},
	0xC0C6:  {0x1109, 0x1161, 0x11C1},
	0xC0C7:  {0x1109, 0x1161, 0x11C2},
	0xC0C8:  {0x1109, 0x1162},
	0xC0C9:  {0x1109, 0x1162, 0x11A8},
	0xC0CA:  {0x1109, 0x1162, 0x11A9},
	0xC0CB:  {0x1109, 0x1162, 0x11AA},
	0xC0CC:  {0x1109, 0x1162, 0x11AB},
	0xC0CD:  {0x1109, 0x1162, 0x11AC},
	0xC0CE:  {0x1109, 0x1162, 0x11AD},
	0xC0CF:  {0x1109, 0x1162, 0x11AE},
	0xC0D0:  {0x1109, 0x1162, 0x11AF},
	0xC0D1:  {0x1109, 0x1162, 0x11B0},
	0xC0D2:  {0x1109, 0x1162, 0x11B1},
	0xC0D3:  {0x1109, 0x1162, 0x11B2},
	0xC0D4:  {0x1109, 0x1162, 0x11B3},
	0xC0D5:  {0x1109, 0x1162, 0x11B4},
	0xC0D6:  {0x1109, 0x1162, 0x11B5},
	0xC0D7:  {0x1109, 0x1162, 0x11B6},
	0xC0D8:  {0x1109, 0x1162, 0x11B7},
	0xC0D9:  {0x1109, 0x1162, 0x11B8},
	0xC0DA:  {0x1109, 0x1162, 0x11B9},
	0xC0DB:  {0x1109, 0x1162, 0x11BA},
	0xC0DC:  {0x1109, 0x1162, 0x11BB},
	0xC0DD:  {0x1109, 0x1162, 0x11BC},
	0xC0DE:  {0x1109, 0x1162, 0x11BD},
	0xC0DF:  {0x1109, 0x1162, 0x11BE},
	0xC0E0:  {0x1109, 0x1162, 0x11BF},
	0xC0E1:  {0x1109, 0x1162, 0x11C0},
	0xC0E2:  {0x1109, 0x1162, 0x11C1},
	0xC0E3:  {0x1109, 0x1162, 0x11C2},
	0xC0E4:  {0x1109, 0x1163},
	0xC0E5:  {0x1109, 0x1163, 0x11A8},
	0xC0E6:  {0x1109, 0x1163, 0x11A9},
	0xC0E7:  {0x1109, 0x1163, 0x11AA},
	0xC0E8:  {0x1109, 0x1163, 0x11AB},
	0xC0E9:  {0x1109, 0x1163, 0x11AC},
	0xC0EA:  {0x1109, 0x1163, 0x11AD},
	0xC0EB:  {0x1109, 0x1163, 0x11AE},
	0xC0EC:  {0x1109, 0x1163, 0x11AF},
	0xC0ED:  {0x1109, 0x1163, 0x11B0},
	0xC0EE:  {0x1109, 0x1163, 0x11B1},
	0xC0EF:  {0x1109, 0x1163, 0x11B2},
	0xC0F0:  {0x1109, 0x1163, 0x11B3},
	0xC0F1:  {0x1109, 0x1163, 0x11B4},
	0xC0F2:  {0x1109, 0x1163, 0x11B5},
	0xC0F3:  {0x1109, 0x1163, 0x11B6},
	0xC0F4:  {0x1109, 0x1163, 0x11B7},
	0xC0F5:  {0x1109, 0x1163, 0x11B8},
	0xC0F6:  {0x1109, 0x1163, 0x11B9},
	0xC0F7:  {0x1109, 0x1163, 0x11BA},
	0xC0F8:  {0x1109, 0x1163, 0x11BB},
	0xC0F9:  {0x1109, 0x1163, 0x11BC},
	0xC0FA:  {0x1109, 0x1163, 0x11BD},
	0xC0FB:  {0x1109, 0x1163, 0x11BE},
	0xC0FC:  {0x1109, 0x1163, 0x11BF},
	0xC0FD:  {0x1109, 0x1163, 0x11C0},
	0xC0FE:  {0x1109, 0x1163, 0x11C1},
	0xC0FF:  {0x1109, 0x1163, 0x11C2},
	0xC100:  {0x1109, 0x1164},
	0xC101:  {0x1109, 0x1164, 0x11A8},
	0xC102:  {0x1109, 0x1164, 0x11A9},
	0xC103:  {0x1109, 0x1164, 0x11AA},
	0xC104:  {0x1109, 0x1164, 0x11AB},
	0xC105:  {0x1109, 0x1164, 0x11AC},
	0xC106:  {0x1109, 0x1164, 0x11AD},
	0xC107:  {0x1109, 0x1164, 0x11AE},
	0xC108:  {0x1109, 0x1164, 0x11AF},
	0xC109:  {0x1109, 0x1164, 0x11B0},
	0xC10A:  {0x1109, 0x1164, 0x11B1},
	0xC10B:  {0x1109, 0x1164, 0x11B2},
	0xC10C:  {0x1109, 0x1164, 0x11B3},
	0xC10D:  {0x1109, 0x1164, 0x11B4},
	0xC10E:  {0x1109, 0x1164, 0x11B5},
	0xC10F:  {0x1109, 0x1164, 0x11B6},
	0xC110:  {0x1109, 0x1164, 0x11B7},
	0xC111:  {0x1109, 0x1164, 0x11B8},
	0xC112:  {0x1109, 0x1164, 0x11B9},
	0xC113:  {0x1109, 0x1164, 0x11BA},
	0xC114:  {0x1109, 0x1164, 0x11BB},
	0xC115:  {0x1109, 0x1164, 0x11BC},
	0xC116:  {0x1109, 0x1164, 0x11BD},
	0xC117:  {0x1109, 0x1164, 0x11BE},
	0xC118:  {0x1109, 0x1164, 0x11BF},
	0xC119:  {0x1109, 0x1164, 0x11C0},
	0xC11A:  {0x1109, 0x1164, 0x11C1},
	0xC11B:  {0x1109, 0x1164, 0x11C2},
	0xC11C:  {0x1109, 0x1165},
	0xC11D:  {0x1109, 0x1165, 0x11A8},
	0xC11E:  {0x1109, 0x1165, 0x11A9},
	0xC11F:  {0x1109, 0x1165, 0x11AA},
	0xC120:  {0x1109, 0x1165, 0x11AB},
	0xC121:  {0x1109, 0x1165, 0x11AC},
	0xC122:  {0x1109, 0x1165, 0x11AD},
	0xC123:  {0x1109, 0x1165, 0x11AE},
	0xC124:  {0x1109, 0x1165, 0x11AF},
	0xC125:  {0x1109, 0x1165, 0x11B0},
	0xC126:  {0x1109, 0x1165, 0x11B1},
	0xC127:  {0x1109, 0x1165, 0x11B2},
	0xC128:  {0x1109, 0x1165, 0x11B3},
	0xC129:  {0x1109, 0x1165, 0x11B4},
	0xC12A:  {0x1109, 0x1165, 0x11B5},
	0xC12B:  {0x1109, 0x1165, 0x11B6},
	0xC12C:  {0x1109, 0x1165, 0x11B7},
	0xC12D:  {0x1109, 0x1165, 0x11B8},
	0xC12E:  {0x1109, 0x1165, 0x11B9},
	0xC12F:  {0x1109, 0x1165, 0x11BA},
	0xC130:  {0x1109, 0x1165, 0x11BB},
	0xC131:  {0x1109, 0x1165, 0x11BC},
	0xC132:  {0x1109, 0x1165, 0x11BD},
	0xC133:  {0x1109, 0x1165, 0x11BE},
	0xC134:  {0x1109, 0x1165, 0x11BF},
	0xC135:  {0x1109, 0x1165, 0x11C0},
	0xC136:  {0x1109, 0x1165, 0x11C1},
	0xC137:  {0x1109, 0x1165, 0x11C2},
	0xC138:  {0x1109, 0x1166},
	0xC139:  {0x1109, 0x1166, 0x11A8},
	0xC13A:  {0x1109, 0x1166, 0x11A9},
	0xC13B:  {0x1109, 0x1166, 0x11AA},
	0xC13C:  {0x1109, 0x1166, 0x11AB},
	0xC13D:  {0x1109, 0x1166, 0x11AC},
	0xC13E:  {0x1109, 0x1166, 0x11AD},
	0xC13F:  {0x1109, 0x1166, 0x11AE},
	0xC140:  {0x1109, 0x1166, 0x11AF},
	0xC141:  {0x1109, 0x1166, 0x11B0},
	0xC142:  {0x1109, 0x1166, 0x11B1},
	0xC143:  {0x1109, 0x1166, 0x11B2},
	0xC144:  {0x1109, 0x1166, 0x11B3},
	0xC145:  {0x1109, 0x1166, 0x11B4},
	0xC146:  {0x1109, 0x1166, 0x11B5},
	0xC147:  {0x1109, 0x1166, 0x11B6},
	0xC148:  {0x1109, 0x1166, 0x11B7},
	0xC149:  {0x1109, 0x1166, 0x11B8},
	0xC14A:  {0x1109, 0x1166, 0x11B9},
	0xC14B:  {0x1109, 0x1166, 0x11BA},
	0xC14C:  {0x1109, 0x1166, 0x11BB},
	0xC14D:  {0x1109, 0x1166, 0x11BC},
	0xC14E:  {0x1109, 0x1166, 0x11BD},
	0xC14F:  {0x1109, 0x1166, 0x11BE},
	0xC150:  {0x1109, 0x1166, 0x11BF},
	0xC151:  {0x1109, 0x1166, 0x11C0},
	0xC152:  {0x1109, 0x1166, 0x11C1},
	0xC153:  {0x1109, 0x1166, 0x11C2},
	0xC154:  {0x1109, 0x1167},
	0xC155:  {0x1109, 0x1167, 0x11A8},
	0xC156:  {0x1109, 0x1167, 0x11A9},
	0xC157:  {0x1109, 0x1167, 0x11AA},
	0xC158:  {0x1109, 0x1167, 0x11AB},
	0xC159:  {0x1109, 0x1167, 0x11AC},
	0xC15A:  {0x1109, 0x1167, 0x11AD},
	0xC15B:  {0x1109, 0x1167, 0x11AE},
	0xC15C:  {0x1109, 0x1167, 0x11AF},
	0xC15D:  {0x1109, 0x1167, 0x11B0},
	0xC15E:  {0x1109, 0x1167, 0x11B1},
	0xC15F:  {0x1109, 0x1167, 0x11B2},
	0xC160:  {0x1109, 0x1167, 0x11B3},
	0xC161:  {0x1109, 0x1167, 0x11B4},
	0xC162:  {0x1109, 0x1167, 0x11B5},
	0xC163:  {0x1109, 0x1167, 0x11B6},
	0xC164:  {0x1109, 0x1167, 0x11B7},
	0xC165:  {0x1109, 0x1167, 0x11B8},
	0xC166:  {0x1109, 0x1167, 0x11B9},
	0xC167:  {0x1109, 0x1167, 0x11BA},
	0xC168:  {0x1109, 0x1167, 0x11BB},
	0xC169:  {0x1109, 0x1167, 0x11BC},
	0xC16A:  {0x1109, 0x1167, 0x11BD},
	0xC16B:  {0x1109, 0x1167, 0x11BE},
	0xC16C:  {0x1109, 0x1167, 0x11BF},
	0xC16D:  {0x1109, 0x1167, 0x11C0},
	0xC16E:  {0x1109, 0x1167, 0x11C1},
	0xC16F:  {0x1109, 0x1167, 0x11C2},
	0xC170:  {0x1109, 0x1168},
	0xC171:  {0x1109, 0x1168, 0x11A8},
	0xC172:  {0x1109, 0x1168, 0x11A9},
	0xC173:  {0x1109, 0x1168, 0x11AA},
	0xC174:  {0x1109, 0x1168, 0x11AB},
	0xC175:  {0x1109, 0x1168, 0x11AC},
	0xC176:  {0x1109, 0x1168, 0x11AD},
	0xC177:  {0x1109, 0x1168, 0x11AE},
	0xC178:  {0x1109, 0x1168, 0x11AF},
	0xC179:  {0x1109, 0x1168, 0x11B0},
	0xC17A:  {0x1109, 0x1168, 0x11B1},
	0xC17B:  {0x1109, 0x1168, 0x11B2},
	0xC17C:  {0x1109, 0x1168, 0x11B3},
	0xC17D:  {0x1109, 0x1168, 0x11B4},
	0xC17E:  {0x1109, 0x1168, 0x11B5},
	0xC17F:  {0x1109, 0x1168, 0x11B6},
	0xC180:  {0x1109, 0x1168, 0x11B7},
	0xC181:  {0x1109, 0x1168, 0x11B8},
	0xC182:  {0x1109, 0x1168, 0x11B9},
	0xC183:  {0x1109, 0x1168, 0x11BA},
	0xC184:  {0x1109, 0x1168, 0x11BB},
	0xC185:  {0x1109, 0x1168, 0x11BC},
	0xC186:  {0x1109, 0x1168, 0x11BD},
	0xC187:  {0x1109, 0x1168, 0x11BE},
	0xC188:  {0x1109, 0x1168, 0x11BF},
	0xC189:  {0x1109, 0x1168, 0x11C0},
	0xC18A:  {0x1109, 0x1168, 0x11C1},
	0xC18B:  {0x1109, 0x1168, 0x11C2},
	0xC18C:  {0x1109, 0x1169},
	0xC18D:  {0x1109, 0x1169, 0x11A8},
	0xC18E:  {0x1109, 0x1169, 0x11A9},
	0xC18F:  {0x1109, 0x1169, 0x11AA},
	0xC190:  {0x1109, 0x1169, 0x11AB},
	0xC191:  {0x1109, 0x1169, 0x11AC},
	0xC192:  {0x1109, 0x1169, 0x11AD},
	0xC193:  {0x1109, 0x1169, 0x11AE},
	0xC194:  {0x1109, 0x1169, 0x11AF},
	0xC195:  {0x1109, 0x1169, 0x11B0},
	0xC196:  {0x1109, 0x1169, 0x11B1},
	0xC197:  {0x1109, 0x1169, 0x11B2},
	0xC198:  {0x1109, 0x1169, 0x11B3},
	0xC199:  {0x1109, 0x1169, 0x11B4},
	0xC19A:  {0x1109, 0x1169, 0x11B5},
	0xC19B:  {0x1109, 0x1169, 0x11B6},
	0xC19C:  {0x1109, 0x1169, 0x11B7},
	0xC19D:  {0x1109, 0x1169, 0x11B8},
	0xC19E:  {0x1109, 0x1169, 0x11B9},
	0xC19F:  {0x1109, 0x1169, 0x11BA},
	0xC1A0:  {0x1109, 0x1169, 0x11BB},
	0xC1A1:  {0x1109, 0x1169, 0x11BC},
	0xC1A2:  {0x1109, 0x1169, 0x11BD},
	0xC1A3:  {0x1109, 0x1169, 0x11BE},
	0xC1A4:  {0x1109, 0x1169, 0x11BF},
	0xC1A5:  {0x1109, 0x1169, 0x11C0},
	0xC1A6:  {0x1109, 0x1169, 0x11C1},
	0xC1A7:  {0x1109, 0x1169, 0x11C2},
	0xC1A8:  {0x1109, 0x116A},
	0xC1A9:  {0x1109, 0x116A, 0x11A8},
	0xC1AA:  {0x1109, 0x116A, 0x11A9},
	0xC1AB:  {0x1109, 0x116A, 0x11AA},
	0xC1AC:  {0x1109, 0x116A, 0x11AB},
	0xC1AD:  {0x1109, 0x116A, 0x11AC},
	0xC1AE:  {0x1109, 0x116A, 0x11AD},
	0xC1AF:  {0x1109, 0x116A, 0x11AE},
	0xC1B0:  {0x1109, 0x116A, 0x11AF},
	0xC1B1:  {0x1109, 0x116A, 0x11B0},
	0xC1B2:  {0x1109, 0x116A, 0x11B1},
	0xC1B3:  {0x1109, 0x116A, 0x11B2},
	0xC1B4:  {0x1109, 0x116A, 0x11B3},
	0xC1B5:  {0x1109, 0x116A, 0x11B4},
	0xC1B6:  {0x1109, 0x116A, 0x11B5},
	0xC1B7:  {0x1109, 0x116A, 0x11B6},
	0xC1B8:  {0x1109, 0x116A, 0x11B7},
	0xC1B9:  {0x1109, 0x116A, 0x11B8},
	0xC1BA:  {0x1109, 0x116A, 0x11B9},
	0xC1BB:  {0x1109, 0x116A, 0x11BA},
	0xC1BC:  {0x1109, 0x116A, 0x11BB},
	0xC1BD:  {0x1109, 0x116A, 0x11BC},
	0xC1BE:  {0x1109, 0x116A, 0x11BD},
	0xC1BF:  {0x1109, 0x116A, 0x11BE},
	0xC1C0:  {0x1109, 0x116A, 0x11BF},
	0xC1C1:  {0x1109, 0x116A, 0x11C0},
	0xC1C2:  {0x1109, 0x116A, 0x11C1},
	0xC1C3:  {0x1109, 0x116A, 0x11C2},
	0xC1C4:  {0x1109, 0x116B},
	0xC1C5:  {0x1109, 0x116B, 0x11A8},
	0xC1C6:  {0x1109, 0x116B, 0x11A9},
	0xC1C7:  {0x1109, 0x116B, 0x11AA},
	0xC1C8:  {0x1109, 0x116B, 0x11AB},
	0xC1C9:  {0x1109, 0x116B, 0x11AC},
	0xC1CA:  {0x1109, 0x116B, 0x11AD},
	0xC1CB:  {0x1109, 0x116B, 0x11AE},
	0xC1CC:  {0x1109, 0x116B, 0x11AF},
	0xC1CD:  {0x1109, 0x116B, 0x11B0},
	0xC1CE:  {0x1109, 0x116B, 0x11B1},
	0xC1CF:  {0x1109, 0x116B, 0x11B2},
	0xC1D0:  {0x1109, 0x116B, 0x11B3},
	0xC1D1:  {0x1109, 0x116B, 0x11B4},
	0xC1D2:  {0x1109, 0x116B, 0x11B5},
	0xC1D3:  {0x1109, 0x116B, 0x11B6},
	0xC1D4:  {0x1109, 0x116B, 0x11B7},
	0xC1D5:  {0x1109, 0x116B, 0x11B8},
	0xC1D6:  {0x1109, 0x116B, 0x11B9},
	0xC1D7:  {0x1109, 0x116B, 0x11BA},
	0xC1D8:  {0x1109, 0x116B, 0x11BB},
	0xC1D9:  {0x1109, 0x116B, 0x11BC},
	0xC1DA:  {0x1109, 0x116B, 0x11BD},
	0xC1DB:  {0x1109, 0x116B, 0x11BE},
	0xC1DC:  {0x1109, 0x116B, 0x11BF},
	0xC1DD:  {0x1109, 0x116B, 0x11C0},
	0xC1DE:  {0x1109, 0x116B, 0x11C1},
	0xC1DF:  {0x1109, 0x116B, 0x11C2},
	0xC1E0:  {0x1109, 0x116C},
	0xC1E1:  {0x1109, 0x116C, 0x11A8},
	0xC1E2:  {0x1109, 0x116C, 0x11A9},
	0xC1E3:  {0x1109, 0x116C, 0x11AA},
	0xC1E4:  {0x1109, 0x116C, 0x11AB},
	0xC1E5:  {0x1109, 0x116C, 0x11AC},
	0xC1E6:  {0x1109, 0x116C, 0x11AD},
	0xC1E7:  {0x1109, 0x116C, 0x11AE},
	0xC1E8:  {0x1109, 0x116C, 0x11AF},
	0xC1E9:  {0x1109, 0x116C, 0x11B0},
	0xC1EA:  {0x1109, 0x116C, 0x11B1},
	0xC1EB:  {0x1109, 0x116C, 0x11B2},
	0xC1EC:  {0x1109, 0x116C, 0x11B3},
	0xC1ED:  {0x1109, 0x116C, 0x11B4},
	0xC1EE:  {0x1109, 0x116C, 0x11B5},
	0xC1EF:  {0x1109, 0x116C, 0x11B6},
	0xC1F0:  {0x1109, 0x116C, 0x11B7},
	0xC1F1:  {0x1109, 0x116C, 0x11B8},
	0xC1F2:  {0x1109, 0x116C, 0x11B9},
	0xC1F3:  {0x1109, 0x116C, 0x11BA},
	0xC1F4:  {0x1109, 0x116C, 0x11BB},
	0xC1F5:  {0x1109, 0x116C, 0x11BC},
	0xC1F6:  {0x1109, 0x116C, 0x11BD},
	0xC1F7:  {0x1109, 0x116C, 0x11BE},
	0xC1F8:  {0x1109, 0x116C, 0x11BF},
	0xC1F9:  {0x1109, 0x116C, 0x11C0},
	0xC1FA:  {0x1109, 0x116C, 0x11C1},
	0xC1FB:  {0x1109, 0x116C, 0x11C2},
	0xC1FC:  {0x1109, 0x116D},
	0xC1FD:  {0x1109, 0x116D, 0x11A8},
	0xC1FE:  {0x1109, 0x116D, 0x11A9},
	0xC1FF:  {0x1109, 0x116D, 0x11AA},
	0xC200:  {0x1109, 0x116D, 0x11AB},
	0xC201:  {0x1109, 0x116D, 0x11AC},
	0xC202:  {0x1109, 0x116D, 0x11AD},
	0xC203:  {0x1109, 0x116D, 0x11AE},
	0xC204:  {0x1109, 0x116D, 0x11AF},
	0xC205:  {0x1109, 0x116D, 0x11B0},
	0xC206:  {0x1109, 0x116D, 0x11B1},
	0xC207:  {0x1109, 0x116D, 0x11B2},
	0xC208:  {0x1109, 0x116D, 0x11B3},
	0xC209:  {0x1109, 0x116D, 0x11B4},
	0xC20A:  {0x1109, 0x116D, 0x11B5},
	0xC20B:  {0x1109, 0x116D, 0x11B6},
	0xC20C:  {0x1109, 0x116D, 0x11B7},
	0xC20D:  {0x1109, 0x116D, 0x11B8},
	0xC20E:  {0x1109, 0x116D, 0x11B9},
	0xC20F:  {0x1109, 0x116D, 0x11BA},
	0xC210:  {0x1109, 0x116D, 0x11BB},
	0xC211:  {0x1109, 0x116D, 0x11BC},
	0xC212:  {0x1109, 0x116D, 0x11BD},
	0xC213:  {0x1109, 0x116D, 0x11BE},
	0xC214:  {0x1109, 0x116D, 0x11BF},
	0xC215:  {0x1109, 0x116D, 0x11C0},
	0xC216:  {0x1109, 0x116D, 0x11C1},
	0xC217:  {0x1109, 0x116D, 0x11C2},
	0xC218:  {0x1109, 0x116E},
	0xC219:  {0x1109, 0x116E, 0x11A8},
	0xC21A:  {0x1109, 0x116E, 0x11A9},
	0xC21B:  {0x1109, 0x116E, 0x11AA},
	0xC21C:  {0x1109, 0x116E, 0x11AB},
	0xC21D:  {0x1109, 0x116E, 0x11AC},
	0xC21E:  {0x1109, 0x116E, 0x11AD},
	0xC21F:  {0x1109, 0x116E, 0x11AE},
	0xC220:  {0x1109, 0x116E, 0x11AF},
	0xC221:  {0x1109, 0x116E, 0x11B0},
	0xC222:  {0x1109, 0x116E, 0x11B1},
	0xC223:  {0x1109, 0x116E, 0x11B2},
	0xC224:  {0x1109, 0x116E, 0x11B3},
	0xC225:  {0x1109, 0x116E, 0x11B4},
	0xC226:  {0x1109, 0x116E, 0x11B5},
	0xC227:  {0x1109, 0x116E, 0x11B6},
	0xC228:  {0x1109, 0x116E, 0x11B7},
	0xC229:  {0x1109, 0x116E, 0x11B8},
	0xC22A:  {0x1109, 0x116E, 0x11B9},
	0xC22B:  {0x1109, 0x116E, 0x11BA},
	0xC22C:  {0x1109, 0x116E, 0x11BB},
	0xC22D:  {0x1109, 0x116E, 0x11BC},
	0xC22E:  {0x1109, 0x116E, 0x11BD},
	0xC22F:  {0x1109, 0x116E, 0x11BE},
	0xC230:  {0x1109, 0x116E, 0x11BF},
	0xC231:  {0x1109, 0x116E, 0x11C0},
	0xC232:  {0x1109, 0x116E, 0x11C1},
	0xC233:  {0x1109, 0x116E, 0x11C2},
	0xC234:  {0x1109, 0x116F},
	0xC235:  {0x1109, 0x116F, 0x11A8},
	0xC236:  {0x1109, 0x116F, 0x11A9},
	0xC237:  {0x1109, 0x116F, 0x11AA},
	0xC238:  {0x1109, 0x116F, 0x11AB},
	0xC239:  {0x1109, 0x116F, 0x11AC},
	0xC23A:  {0x1109, 0x116F, 0x11AD},
	0xC23B:  {0x1109, 0x116F, 0x11AE},
	0xC23C:  {0x1109, 0x116F, 0x11AF},
	0xC23D:  {0x1109, 0x116F, 0x11B0},
	0xC23E:  {0x1109, 0x116F, 0x11B1},
	0xC23F:  {0x1109, 0x116F, 0x11B2},
	0xC240:  {0x1109, 0x116F, 0x11B3},
	0xC241:  {0x1109, 0x116F, 0x11B4},
	0xC242:  {0x1109, 0x116F, 0x11B5},
	0xC243:  {0x1109, 0x116F, 0x11B6},
	0xC244:  {0x1109, 0x116F, 0x11B7},
	0xC245:  {0x1109, 0x116F, 0x11B8},
	0xC246:  {0x1109, 0x116F, 0x11B9},
	0xC247:  {0x1109, 0x116F, 0x11BA},
	0xC248:  {0x1109, 0x116F, 0x11BB},
	0xC249:  {0x1109, 0x116F, 0x11BC},
	0xC24A:  {0x1109, 0x116F, 0x11BD},
	0xC24B:  {0x1109, 0x116F, 0x11BE},
	0xC24C:  {0x1109, 0x116F, 0x11BF},
	0xC24D:  {0x1109, 0x116F, 0x11C0},
	0xC24E:  {0x1109, 0x116F, 0x11C1},
	0xC24F:  {0x1109, 0x116F, 0x11C2},
	0xC250:  {0x1109, 0x1170},
	0xC251:  {0x1109, 0x1170, 0x11A8},
	0xC252:  {0x1109, 0x1170, 0x11A9},
	0xC253:  {0x1109, 0x1170, 0x11AA},
	0xC254:  {0x1109, 0x1170, 0x11AB},
	0xC255:  {0x1109, 0x1170, 0x11AC},
	0xC256:  {0x1109, 0x1170, 0x11AD},
	0xC257:  {0x1109, 0x1170, 0x11AE},
	0xC258:  {0x1109, 0x1170, 0x11AF},
	0xC259:  {0x1109, 0x1170, 0x11B0},
	0xC25A:  {0x1109, 0x1170, 0x11B1},
	0xC25B:  {0x1109, 0x1170, 0x11B2},
	0xC25C:  {0x1109, 0x1170, 0x11B3},
	0xC25D:  {0x1109, 0x1170, 0x11B4},
	0xC25E:  {0x1109, 0x1170, 0x11B5},
	0xC25F:  {0x1109, 0x1170, 0x11B6},
	0xC260:  {0x1109, 0x1170, 0x11B7},
	0xC261:  {0x1109, 0x1170, 0x11B8},
	0xC262:  {0x1109, 0x1170, 0x11B9},
	0xC263:  {0x1109, 0x1170, 0x11BA},
	0xC264:  {0x1109, 0x1170, 0x11BB},
	0xC265:  {0x1109, 0x1170, 0x11BC},
	0xC266:  {0x1109, 0x1170, 0x11BD},
	0xC267:  {0x1109, 0x1170, 0x11BE},
	0xC268:  {0x1109, 0x1170, 0x11BF},
	0xC269:  {0x1109, 0x1170, 0x11C0},
	0xC26A:  {0x1109, 0x1170, 0x11C1},
	0xC26B:  {0x1109, 0x1170, 0x11C2},
	0xC26C:  {0x1109, 0x1171},
	0xC26D:  {0x1109, 0x1171, 0x11A8},
	0xC26E:  {0x1109, 0x1171, 0x11A9},
	0xC26F:  {0x1109, 0x1171, 0x11AA},
	0xC270:  {0x1109, 0x1171, 0x11AB},
	0xC271:  {0x1109, 0x1171, 0x11AC},
	0xC272:  {0x1109, 0x1171, 0x11AD},
	0xC273:  {0x1109, 0x1171, 0x11AE},
	0xC274:  {0x1109, 0x1171, 0x11AF},
	0xC275:  {0x1109, 0x1171, 0x11B0},
	0xC276:  {0x1109, 0x1171, 0x11B1},
	0xC277:  {0x1109, 0x1171, 0x11B2},
	0xC278:  {0x1109, 0x1171, 0x11B3},
	0xC279:  {0x1109, 0x1171, 0x11B4},
	0xC27A:  {0x1109, 0x1171, 0x11B5},
	0xC27B:  {0x1109, 0x1171, 0x11B6},
	0xC27C:  {0x1109, 0x1171, 0x11B7},
	0xC27D:  {0x1109, 0x1171, 0x11B8},
	0xC27E:  {0x1109, 0x1171, 0x11B9},
	0xC27F:  {0x1109, 0x1171, 0x11BA},
	0xC280:  {0x1109, 0x1171, 0x11BB},
	0xC281:  {0x1109, 0x1171, 0x11BC},
	0xC282:  {0x1109, 0x1171, 0x11BD},
	0xC283:  {0x1109, 0x1171, 0x11BE},
	0xC284:  {0x1109, 0x1171, 0x11BF},
	0xC285:  {0x1109, 0x1171, 0x11C0},
	0xC286:  {0x1109, 0x1171, 0x11C1},
	0xC287:  {0x1109, 0x1171, 0x11C2},
	0xC288:  {0x1109, 0x1172},
	0xC289:  {0x1109, 0x1172, 0x11A8},
	0xC28A:  {0x1109, 0x1172, 0x11A9},
	0xC28B:  {0x1109, 0x1172, 0x11AA},
	0xC28C:  {0x1109, 0x1172, 0x11AB},
	0xC28D:  {0x1109, 0x1172, 0x11AC},
	0xC28E:  {0x1109, 0x1172, 0x11AD},
	0xC28F:  {0x1109, 0x1172, 0x11AE},
	0xC290:  {0x1109, 0x1172, 0x11AF},
	0xC291:  {0x1109, 0x1172, 0x11B0},
	0xC292:  {0x1109, 0x1172, 0x11B1},
	0xC293:  {0x1109, 0x1172, 0x11B2},
	0xC294:  {0x1109, 0x1172, 0x11B3},
	0xC295:  {0x1109, 0x1172, 0x11B4},
	0xC296:  {0x1109, 0x1172, 0x11B5},
	0xC297:  {0x1109, 0x1172, 0x11B6},
	0xC298:  {0x1109, 0x1172, 0x11B7},
	0xC299:  {0x1109, 0x1172, 0x11B8},
	0xC29A:  {0x1109, 0x1172, 0x11B9},
	0xC29B:  {0x1109, 0x1172, 0x11BA},
	0xC29C:  {0x1109, 0x1172, 0x11BB},
	0xC29D:  {0x1109, 0x1172, 0x11BC},
	0xC29E:  {0x1109, 0x1172, 0x11BD},
	0xC29F:  {0x1109, 0x1172, 0x11BE},
	0xC2A0:  {0x1109, 0x1172, 0x11BF},
	0xC2A1:  {0x1109, 0x1172, 0x11C0},
	0xC2A2:  {0x1109, 0x1172, 0x11C1},
	0xC2A3:  {0x1109, 0x1172, 0x11C2},
	0xC2A4:  {0x1109, 0x1173},
	0xC2A5:  {0x1109, 0x1173, 0x11A8},
	0xC2A6:  {0x1109, 0x1173, 0x11A9},
	0xC2A7:  {0x1109, 0x1173, 0x11AA},
	0xC2A8:  {0x1109, 0x1173, 0x11AB},
	0xC2A9:  {0x1109, 0x1173, 0x11AC},
	0xC2AA:  {0x1109, 0x1173, 0x11AD},
	0xC2AB:  {0x1109, 0x1173, 0x11AE},
	0xC2AC:  {0x1109, 0x1173, 0x11AF},
	0xC2AD:  {0x1109, 0x1173, 0x11B0},
	0xC2AE:  {0x1109, 0x1173, 0x11B1},
	0xC2AF:  {0x1109, 0x1173, 0x11B2},
	0xC2B0:  {0x1109, 0x1173, 0x11B3},
	0xC2B1:  {0x1109, 0x1173, 0x11B4},
	0xC2B2:  {0x1109, 0x1173, 0x11B5},
	0xC2B3:  {0x1109, 0x1173, 0x11B6},
	0xC2B4:  {0x1109, 0x1173, 0x11B7},
	0xC2B5:  {0x1109, 0x1173, 0x11B8},
	0xC2B6:  {0x1109, 0x1173, 0x11B9},
	0xC2B7:  {0x1109, 0x1173, 0x11BA},
	0xC2B8:  {0x1109, 0x1173, 0x11BB},
	0xC2B9:  {0x1109, 0x1173, 0x11BC},
	0xC2BA:  {0x1109, 0x1173, 0x11BD},
	0xC2BB:  {0x1109, 0x1173, 0x11BE},
	0xC2BC:  {0x1109, 0x1173, 0x11BF},
	0xC2BD:  {0x1109, 0x1173, 0x11C0},
	0xC2BE:  {0x1109, 0x1173, 0x11C1},
	0xC2BF:  {0x1109, 0x1173, 0x11C2},
	0xC2C0:  {0x1109, 0x1174},
	0xC2C1:  {0x1109, 0x1174, 0x11A8},
	0xC2C2:  {0x1109, 0x1174, 0x11A9},
	0xC2C3:  {0x1109, 0x1174, 0x11AA},
	0xC2C4:  {0x1109, 0x1174, 0x11AB},
	0xC2C5:  {0x1109, 0x1174, 0x11AC},
	0xC2C6:  {0x1109, 0x1174, 0x11AD},
	0xC2C7:  {0x1109, 0x1174, 0x11AE},
	0xC2C8:  {0x1109, 0x1174, 0x11AF},
	0xC2C9:  {0x1109, 0x1174, 0x11B0},
	0xC2CA:  {0x1109, 0x1174, 0x11B1},
	0xC2CB:  {0x1109, 0x1174, 0x11B2},
	0xC2CC:  {0x1109, 0x1174, 0x11B3},
	0xC2CD:  {0x1109, 0x1174, 0x11B4},
	0xC2CE:  {0x1109, 0x1174, 0x11B5},
	0xC2CF:  {0x1109, 0x1174, 0x11B6},
	0xC2D0:  {0x1109, 0x1174, 0x11B7},
	0xC2D1:  {0x1109, 0x1174, 0x11B8},
	0xC2D2:  {0x1109, 0x1174, 0x11B9},
	0xC2D3:  {0x1109, 0x1174, 0x11BA},
	0xC2D4:  {0x1109, 0x1174, 0x11BB},
	0xC2D5:  {0x1109, 0x1174, 0x11BC},
	0xC2D6:  {0x1109, 0x1174, 0x11BD},
	0xC2D7:  {0x1109, 0x1174, 0x11BE},
	0xC2D8:  {0x1109, 0x1174, 0x11BF},
	0xC2D9:  {0x1109, 0x1174, 0x11C0},
	0xC2DA:  {0x1109, 0x1174, 0x11C1},
	0xC2DB:  {0x1109, 0x1174, 0x11C2},
	0xC2DC:  {0x1109, 0x1175},
	0xC2DD:  {0x1109, 0x1175, 0x11A8},
	0xC2DE:  {0x1109, 0x1175, 0x11A9},
	0xC2DF:  {0x1109, 0x1175, 0x11AA},
	0xC2E0:  {0x1109, 0x1175, 0x11AB},
	0xC2E1:  {0x1109, 0x1175, 0x11AC},
	0xC2E2:  {0x1109, 0x1175, 0x11AD},
	0xC2E3:  {0x1109, 0x1175, 0x11AE},
	0xC2E4:  {0x1109, 0x1175, 0x11AF},
	0xC2E5:  {0x1109, 0x1175, 0x11B0},
	0xC2E6:  {0x1109, 0x1175, 0x11B1},
	0xC2E7:  {0x1109, 0x1175, 0x11B2},
	0xC2E8:  {0x1109, 0x1175, 0x11B3},
	0xC2E9:  {0x1109, 0x1175, 0x11B4},
	0xC2EA:  {0x1109, 0x1175, 0x11B5},
	0xC2EB:  {0x1109, 0x1175, 0x11B6},
	0xC2EC:  {0x1109, 0x1175, 0x11B7},
	0xC2ED:  {0x1109, 0x1175, 0x11B8},
	0xC2EE:  {0x1109, 0x1175, 0x11B9},
	0xC2EF:  {0x1109, 0x1175, 0x11BA},
	0xC2F0:  {0x1109, 0x1175, 0x11BB},
	0xC2F1:  {0x1109, 0x1175, 0x11BC},
	0xC2F2:  {0x1109, 0x1175, 0x11BD},
	0xC2F3:  {0x1109, 0x1175, 0x11BE},
	0xC2F4:  {0x1109, 0x1175, 0x11BF},
	0xC2F5:  {0x1109, 0x1175, 0x11C0},
	0xC2F6:  {0x1109, 0x1175, 0x11C1},
	0xC2F7:  {0x1109, 0x1175, 0x11C2},
	0xC2F8:  {0x110A, 0x1161},
	0xC2F9:  {0x110A, 0x1161, 0x11A8},
	0xC2FA:  {0x110A, 0x1161, 0x11A9},
	0xC2FB:  {0x110A, 0x1161, 0x11AA},
	0xC2FC:  {0x110A, 0x1161, 0x11AB},
	0xC2FD:  {0x110A, 0x1161, 0x11AC},
	0xC2FE:  {0x110A, 0x1161, 0x11AD},
	0xC2FF:  {0x110A, 0x1161, 0x11AE},
	0xC300:  {0x110A, 0x1161, 0x11AF},
	0xC301:  {0x110A, 0x1161, 0x11B0},
	0xC302:  {0x110A, 0x1161, 0x11B1},
	0xC303:  {0x110A, 0x1161, 0x11B2},
	0xC304:  {0x110A, 0x1161, 0x11B3},
	0xC305:  {0x110A, 0x1161, 0x11B4},
	0xC306:  {0x110A, 0x1161, 0x11B5},
	0xC307:  {0x110A, 0x1161, 0x11B6},
	0xC308:  {0x110A, 0x1161, 0x11B7},
	0xC309:  {0x110A, 0x1161, 0x11B8},
	0xC30A:  {0x110A, 0x1161, 0x11B9},
	0xC30B:  {0x110A, 0x1161, 0x11BA},
	0xC30C:  {0x110A, 0x1161, 0x11BB},
	0xC30D:  {0x110A, 0x1161, 0x11BC},
	0xC30E:  {0x110A, 0x1161, 0x11BD},
	0xC30F:  {0x110A, 0x1161, 0x11BE},
	0xC310:  {0x110A, 0x1161, 0x11BF},
	0xC311:  {0x110A, 0x1161, 0x11C0},
	0xC312:  {0x110A, 0x1161, 0x11C1},
	0xC313:  {0x110A, 0x1161, 0x11C2},
	0xC314:  {0x110A, 0x1162},
	0xC315:  {0x110A, 0x1162, 0x11A8},
	0xC316:  {0x110A, 0x1162, 0x11A9},
	0xC317:  {0x110A, 0x1162, 0x11AA},
	0xC318:  {0x110A, 0x1162, 0x11AB},
	0xC319:  {0x110A, 0x1162, 0x11AC},
	0xC31A:  {0x110A, 0x1162, 0x11AD},
	0xC31B:  {0x110A, 0x1162, 0x11AE},
	0xC31C:  {0x110A, 0x1162, 0x11AF},
	0xC31D:  {0x110A, 0x1162, 0x11B0},
	0xC31E:  {0x110A, 0x1162, 0x11B1},
	0xC31F:  {0x110A, 0x1162, 0x11B2},
	0xC320:  {0x110A, 0x1162, 0x11B3},
	0xC321:  {0x110A, 0x1162, 0x11B4},
	0xC322:  {0x110A, 0x1162, 0x11B5},
	0xC323:  {0x110A, 0x1162, 0x11B6},
	0xC324:  {0x110A, 0x1162, 0x11B7},
	0xC325:  {0x110A, 0x1162, 0x11B8},
	0xC326:  {0x110A, 0x1162, 0x11B9},
	0xC327:  {0x110A, 0x1162, 0x11BA},
	0xC328:  {0x110A, 0x1162, 0x11BB},
	0xC329:  {0x110A, 0x1162, 0x11BC},
	0xC32A:  {0x110A, 0x1162, 0x11BD},
	0xC32B:  {0x110A, 0x1162, 0x11BE},
	0xC32C:  {0x110A, 0x1162, 0x11BF},
	0xC32D:  {0x110A, 0x1162, 0x11C0},
	0xC32E:  {0x110A, 0x1162, 0x11C1},
	0xC32F:  {0x110A, 0x1162, 0x11C2},
	0xC330:  {0x110A, 0x1163},
	0xC331:  {0x110A, 0x1163, 0x11A8},
	0xC332:  {0x110A, 0x1163, 0x11A9},
	0xC333:  {0x110A, 0x1163, 0x11AA},
	0xC334:  {0x110A, 0x1163, 0x11AB},
	0xC335:  {0x110A, 0x1163, 0x11AC},
	0xC336:  {0x110A, 0x1163, 0x11AD},
	0xC337:  {0x110A, 0x1163, 0x11AE},
	0xC338:  {0x110A, 0x1163, 0x11AF},
	0xC339:  {0x110A, 0x1163, 0x11B0},
	0xC33A:  {0x110A, 0x1163, 0x11B1},
	0xC33B:  {0x110A, 0x1163, 0x11B2},
	0xC33C:  {0x110A, 0x1163, 0x11B3},
	0xC33D:  {0x110A, 0x1163, 0x11B4},
	0xC33E:  {0x110A, 0x1163, 0x11B5},
	0xC33F:  {0x110A, 0x1163, 0x11B6},
	0xC340:  {0x110A, 0x1163, 0x11B7},
	0xC341:  {0x110A, 0x1163, 0x11B8},
	0xC342:  {0x110A, 0x1163, 0x11B9},
	0xC343:  {0x110A, 0x1163, 0x11BA},
	0xC344:  {0x110A, 0x1163, 0x11BB},
	0xC345:  {0x110A, 0x1163, 0x11BC},
	0xC346:  {0x110A, 0x1163, 0x11BD},
	0xC347:  {0x110A, 0x1163, 0x11BE},
	0xC348:  {0x110A, 0x1163, 0x11BF},
	0xC349:  {0x110A, 0x1163, 0x11C0},
	0xC34A:  {0x110A, 0x1163, 0x11C1},
	0xC34B:  {0x110A, 0x1163, 0x11C2},
	0xC34C:  {0x110A, 0x1164},
	0xC34D:  {0x110A, 0x1164, 0x11A8},
	0xC34E:  {0x110A, 0x1164, 0x11A9},
	0xC34F:  {0x110A, 0x1164, 0x11AA},
	0xC350:  {0x110A, 0x1164, 0x11AB},
	0xC351:  {0x110A, 0x1164, 0x11AC},
	0xC352:  {0x110A, 0x1164, 0x11AD},
	0xC353:  {0x110A, 0x1164, 0x11AE},
	0xC354:  {0x110A, 0x1164, 0x11AF},
	0xC355:  {0x110A, 0x1164, 0x11B0},
	0xC356:  {0x110A, 0x1164, 0x11B1},
	0xC357:  {0x110A, 0x1164, 0x11B2},
	0xC358:  {0x110A, 0x1164, 0x11B3},
	0xC359:  {0x110A, 0x1164, 0x11B4},
	0xC35A:  {0x110A, 0x1164, 0x11B5},
	0xC35B:  {0x110A, 0x1164, 0x11B6},
	0xC35C:  {0x110A, 0x1164, 0x11B7},
	0xC35D:  {0x110A, 0x1164, 0x11B8},
	0xC35E:  {0x110A, 0x1164, 0x11B9},
	0xC35F:  {0x110A, 0x1164, 0x11BA},
	0xC360:  {0x110A, 0x1164, 0x11BB},
	0xC361:  {0x110A, 0x1164, 0x11BC},
	0xC362:  {0x110A, 0x1164, 0x11BD},
	0xC363:  {0x110A, 0x1164, 0x11BE},
	0xC364:  {0x110A, 0x1164, 0x11BF},
	0xC365:  {0x110A, 0x1164, 0x11C0},
	0xC366:  {0x110A, 0x1164, 0x11C1},
	0xC367:  {0x110A, 0x1164, 0x11C2},
	0xC368:  {0x110A, 0x1165},
	0xC369:  {0x110A, 0x1165, 0x11A8},
	0xC36A:  {0x110A, 0x1165, 0x11A9},
	0xC36B:  {0x110A, 0x1165, 0x11AA},
	0xC36C:  {0x110A, 0x1165, 0x11AB},
	0xC36D:  {0x110A, 0x1165, 0x11AC},
	0xC36E:  {0x110A, 0x1165, 0x11AD},
	0xC36F:  {0x110A, 0x1165, 0x11AE},
	0xC370:  {0x110A, 0x1165, 0x11AF},
	0xC371:  {0x110A, 0x1165, 0x11B0},
	0xC372:  {0x110A, 0x1165, 0x11B1},
	0xC373:  {0x110A, 0x1165, 0x11B2},
	0xC374:  {0x110A, 0x1165, 0x11B3},
	0xC375:  {0x110A, 0x1165, 0x11B4},
	0xC376:  {0x110A, 0x1165, 0x11B5},
	0xC377:  {0x110A, 0x1165, 0x11B6},
	0xC378:  {0x110A, 0x1165, 0x11B7},
	0xC379:  {0x110A, 0x1165, 0x11B8},
	0xC37A:  {0x110A, 0x1165, 0x11B9},
	0xC37B:  {0x110A, 0x1165, 0x11BA},
	0xC37C:  {0x110A, 0x1165, 0x11BB},
	0xC37D:  {0x110A, 0x1165, 0x11BC},
	0xC37E:  {0x110A, 0x1165, 0x11BD},
	0xC37F:  {0x110A, 0x1165, 0x11BE},
	0xC380:  {0x110A, 0x1165, 0x11BF},
	0xC381:  {0x110A, 0x1165, 0x11C0},
	0xC382:  {0x110A, 0x1165, 0x11C1},
	0xC383:  {0x110A, 0x1165, 0x11C2},
	0xC384:  {0x110A, 0x1166},
	0xC385:  {0x110A, 0x1166, 0x11A8},
	0xC386:  {0x110A, 0x1166, 0x11A9},
	0xC387:  {0x110A, 0x1166, 0x11AA},
	0xC388:  {0x110A, 0x1166, 0x11AB},
	0xC389:  {0x110A, 0x1166, 0x11AC},
	0xC38A:  {0x110A, 0x1166, 0x11AD},
	0xC38B:  {0x110A, 0x1166, 0x11AE},
	0xC38C:  {0x110A, 0x1166, 0x11AF},
	0xC38D:  {0x110A, 0x1166, 0x11B0},
	0xC38E:  {0x110A, 0x1166, 0x11B1},
	0xC38F:  {0x110A, 0x1166, 0x11B2},
	0xC390:  {0x110A, 0x1166, 0x11B3},
	0xC391:  {0x110A, 0x1166, 0x11B4},
	0xC392:  {0x110A, 0x1166, 0x11B5},
	0xC393:  {0x110A, 0x1166, 0x11B6},
	0xC394:  {0x110A, 0x1166, 0x11B7},
	0xC395:  {0x110A, 0x1166, 0x11B8},
	0xC396:  {0x110A, 0x1166, 0x11B9},
	0xC397:  {0x110A, 0x1166, 0x11BA},
	0xC398:  {0x110A, 0x1166, 0x11BB},
	0xC399:  {0x110A, 0x1166, 0x11BC},
	0xC39A:  {0x110A, 0x1166, 0x11BD},
	0xC39B:  {0x110A, 0x1166, 0x11BE},
	0xC39C:  {0x110A, 0x1166, 0x11BF},
	0xC39D:  {0x110A, 0x1166, 0x11C0},
	0xC39E:  {0x110A, 0x1166, 0x11C1},
	0xC39F:  {0x110A, 0x1166, 0x11C2},
	0xC3A0:  {0x110A, 0x1167},
	0xC3A1:  {0x110A, 0x1167, 0x11A8},
	0xC3A2:  {0x110A, 0x1167, 0x11A9},
	0xC3A3:  {0x110A, 0x1167, 0x11AA},
	0xC3A4:  {0x110A, 0x1167, 0x11AB},
	0xC3A5:  {0x110A, 0x1167, 0x11AC},
	0xC3A6:  {0x110A, 0x1167, 0x11AD},
	0xC3A7:  {0x110A, 0x1167, 0x11AE},
	0xC3A8:  {0x110A, 0x1167, 0x11AF},
	0xC3A9:  {0x110A, 0x1167, 0x11B0},
	0xC3AA:  {0x110A, 0x1167, 0x11B1},
	0xC3AB:  {0x110A, 0x1167, 0x11B2},
	0xC3AC:  {0x110A, 0x1167, 0x11B3},
	0xC3AD:  {0x110A, 0x1167, 0x11B4},
	0xC3AE:  {0x110A, 0x1167, 0x11B5},
	0xC3AF:  {0x110A, 0x1167, 0x11B6},
	0xC3B0:  {0x110A, 0x1167, 0x11B7},
	0xC3B1:  {0x110A, 0x1167, 0x11B8},
	0xC3B2:  {0x110A, 0x1167, 0x11B9},
	0xC3B3:  {0x110A, 0x1167, 0x11BA},
	0xC3B4:  {0x110A, 0x1167, 0x11BB},
	0xC3B5:  {0x110A, 0x1167, 0x11BC},
	0xC3B6:  {0x110A, 0x1167, 0x11BD},
	0xC3B7:  {0x110A, 0x1167, 0x11BE},
	0xC3B8:  {0x110A, 0x1167, 0x11BF},
	0xC3B9:  {0x110A, 0x1167, 0x11C0},
	0xC3BA:  {0x110A, 0x1167, 0x11C1},
	0xC3BB:  {0x110A, 0x1167, 0x11C2},
	0xC3BC:  {0x110A, 0x1168},
	0xC3BD:  {0x110A, 0x1168, 0x11A8},
	0xC3BE:  {0x110A, 0x1168, 0x11A9},
	0xC3BF:  {0x110A, 0x1168, 0x11AA},
	0xC3C0:  {0x110A, 0x1168, 0x11AB},
	0xC3C1:  {0x110A, 0x1168, 0x11AC},
	0xC3C2:  {0x110A, 0x1168, 0x11AD},
	0xC3C3:  {0x110A, 0x1168, 0x11AE},
	0xC3C4:  {0x110A, 0x1168, 0x11AF},
	0xC3C5:  {0x110A, 0x1168, 0x11B0},
	0xC3C6:  {0x110A, 0x1168, 0x11B1},
	0xC3C7:  {0x110A, 0x1168, 0x11B2},
	0xC3C8:  {0x110A, 0x1168, 0x11B3},
	0xC3C9:  {0x110A, 0x1168, 0x11B4},
	0xC3CA:  {0x110A, 0x1168, 0x11B5},
	0xC3CB:  {0x110A, 0x1168, 0x11B6},
	0xC3CC:  {0x110A, 0x1168, 0x11B7},
	0xC3CD:  {0x110A, 0x1168, 0x11B8},
	0xC3CE:  {0x110A, 0x1168, 0x11B9},
	0xC3CF:  {0x110A, 0x1168, 0x11BA},
	0xC3D0:  {0x110A, 0x1168, 0x11BB},
	0xC3D1:  {0x110A, 0x1168, 0x11BC},
	0xC3D2:  {0x110A, 0x1168, 0x11BD},
	0xC3D3:  {0x110A, 0x1168, 0x11BE},
	0xC3D4:  {0x110A, 0x1168, 0x11BF},
	0xC3D5:  {0x110A, 0x1168, 0x11C0},
	0xC3D6:  {0x110A, 0x1168, 0x11C1},
	0xC3D7:  {0x110A, 0x1168, 0x11C2},
	0xC3D8:  {0x110A, 0x1169},
	0xC3D9:  {0x110A, 0x1169, 0x11A8},
	0xC3DA:  {0x110A, 0x1169, 0x11A9},
	0xC3DB:  {0x110A, 0x1169, 0x11AA},
	0xC3DC:  {0x110A, 0x1169, 0x11AB},
	0xC3DD:  {0x110A, 0x1169, 0x11AC},
	0xC3DE:  {0x110A, 0x1169, 0x11AD},
	0xC3DF:  {0x110A, 0x1169, 0x11AE},
	0xC3E0:  {0x110A, 0x1169, 0x11AF},
	0xC3E1:  {0x110A, 0x1169, 0x11B0},
	0xC3E2:  {0x110A, 0x1169, 0x11B1},
	0xC3E3:  {0x110A, 0x1169, 0x11B2},
	0xC3E4:  {0x110A, 0x1169, 0x11B3},
	0xC3E5:  {0x110A, 0x1169, 0x11B4},
	0xC3E6:  {0x110A, 0x1169, 0x11B5},
	0xC3E7:  {0x110A, 0x1169, 0x11B6},
	0xC3E8:  {0x110A, 0x1169, 0x11B7},
	0xC3E9:  {0x110A, 0x1169, 0x11B8},
	0xC3EA:  {0x110A, 0x1169, 0x11B9},
	0xC3EB:  {0x110A, 0x1169, 0x11BA},
	0xC3EC:  {0x110A, 0x1169, 0x11BB},
	0xC3ED:  {0x110A, 0x1169, 0x11BC},
	0xC3EE:  {0x110A, 0x1169, 0x11BD},
	0xC3EF:  {0x110A, 0x1169, 0x11BE},
	0xC3F0:  {0x110A, 0x1169, 0x11BF},
	0xC3F1:  {0x110A, 0x1169, 0x11C0},
	0xC3F2:  {0x110A, 0x1169, 0x11C1},
	0xC3F3:  {0x110A, 0x1169, 0x11C2},
	0xC3F4:  {0x110A, 0x116A},
	0xC3F5:  {0x110A, 0x116A, 0x11A8},
	0xC3F6:  {0x110A, 0x116A, 0x11A9},
	0xC3F7:  {0x110A, 0x116A, 0x11AA},
	0xC3F8:  {0x110A, 0x116A, 0x11AB},
	0xC3F9:  {0x110A, 0x116A, 0x11AC},
	0xC3FA:  {0x110A, 0x116A, 0x11AD},
	0xC3FB:  {0x110A, 0x116A, 0x11AE},
	0xC3FC:  {0x110A, 0x116A, 0x11AF},
	0xC3FD:  {0x110A, 0x116A, 0x11B0},
	0xC3FE:  {0x110A, 0x116A, 0x11B1},
	0xC3FF:  {0x110A, 0x116A, 0x11B2},
	0xC400:  {0x110A, 0x116A, 0x11B3},
	0xC401:  {0x110A, 0x116A, 0x11B4},
	0xC402:  {0x110A, 0x116A, 0x11B5},
	0xC403:  {0x110A, 0x116A, 0x11B6},
	0xC404:  {0x110A, 0x116A, 0x11B7},
	0xC405:  {0x110A, 0x116A, 0x11B8},
	0xC406:  {0x110A, 0x116A, 0x11B9},
	0xC407:  {0x110A, 0x116A, 0x11BA},
	0xC408:  {0x110A, 0x116A, 0x11BB},
	0xC409:  {0x110A, 0x116A, 0x11BC},
	0xC40A:  {0x110A, 0x116A, 0x11BD},
	0xC40B:  {0x110A, 0x116A, 0x11BE},
	0xC40C:  {0x110A, 0x116A, 0x11BF},
	0xC40D:  {0x110A, 0x116A, 0x11C0},
	0xC40E:  {0x110A, 0x116A, 0x11C1},
	0xC40F:  {0x110A, 0x116A, 0x11C2},
	0xC410:  {0x110A, 0x116B},
	0xC411:  {0x110A, 0x116B, 0x11A8},
	0xC412:  {0x110A, 0x116B, 0x11A9},
	0xC413:  {0x110A, 0x116B, 0x11AA},
	0xC414:  {0x110A, 0x116B, 0x11AB},
	0xC415:  {0x110A, 0x116B, 0x11AC},
	0xC416:  {0x110A, 0x116B, 0x11AD},
	0xC417:  {0x110A, 0x116B, 0x11AE},
	0xC418:  {0x110A, 0x116B, 0x11AF},
	0xC419:  {0x110A, 0x116B, 0x11B0},
	0xC41A:  {0x110A, 0x116B, 0x11B1},
	0xC41B:  {0x110A, 0x116B, 0x11B2},
	0xC41C:  {0x110A, 0x116B, 0x11B3},
	0xC41D:  {0x110A, 0x116B, 0x11B4},
	0xC41E:  {0x110A, 0x116B, 0x11B5},
	0xC41F:  {0x110A, 0x116B, 0x11B6},
	0xC420:  {0x110A, 0x116B, 0x11B7},
	0xC421:  {0x110A, 0x116B, 0x11B8},
	0xC422:  {0x110A, 0x116B, 0x11B9},
	0xC423:  {0x110A, 0x116B, 0x11BA},
	0xC424:  {0x110A, 0x116B, 0x11BB},
	0xC425:  {0x110A, 0x116B, 0x11BC},
	0xC426:  {0x110A, 0x116B, 0x11BD},
	0xC427:  {0x110A, 0x116B, 0x11BE},
	0xC428:  {0x110A, 0x116B, 0x11BF},
	0xC429:  {0x110A, 0x116B, 0x11C0},
	0xC42A:  {0x110A, 0x116B, 0x11C1},
	0xC42B:  {0x110A, 0x116B, 0x11C2},
	0xC42C:  {0x110A, 0x116C},
	0xC42D:  {0x110A, 0x116C, 0x11A8},
	0xC42E:  {0x110A, 0x116C, 0x11A9},
	0xC42F:  {0x110A, 0x116C, 0x11AA},
	0xC430:  {0x110A, 0x116C, 0x11AB},
	0xC431:  {0x110A, 0x116C, 0x11AC},
	0xC432:  {0x110A, 0x116C, 0x11AD},
	0xC433:  {0x110A, 0x116C, 0x11AE},
	0xC434:  {0x110A, 0x116C, 0x11AF},
	0xC435:  {0x110A, 0x116C, 0x11B0},
	0xC436:  {0x110A, 0x116C, 0x11B1},
	0xC437:  {0x110A, 0x116C, 0x11B2},
	0xC438:  {0x110A, 0x116C, 0x11B3},
	0xC439:  {0x110A, 0x116C, 0x11B4},
	0xC43A:  {0x110A, 0x116C, 0x11B5},
	0xC43B:  {0x110A, 0x116C, 0x11B6},
	0xC43C:  {0x110A, 0x116C, 0x11B7},
	0xC43D:  {0x110A, 0x116C, 0x11B8},
	0xC43E:  {0x110A, 0x116C, 0x11B9},
	0xC43F:  {0x110A, 0x116C, 0x11BA},
	0xC440:  {0x110A, 0x116C, 0x11BB},
	0xC441:  {0x110A, 0x116C, 0x11BC},
	0xC442:  {0x110A, 0x116C, 0x11BD},
	0xC443:  {0x110A, 0x116C, 0x11BE},
	0xC444:  {0x110A, 0x116C, 0x11BF},
	0xC445:  {0x110A, 0x116C, 0x11C0},
	0xC446:  {0x110A, 0x116C, 0x11C1},
	0xC447:  {0x110A, 0x116C, 0x11C2},
	0xC448:  {0x110A, 0x116D},
	0xC449:  {0x110A, 0x116D, 0x11A8},
	0xC44A:  {0x110A, 0x116D, 0x11A9},
	0xC44B:  {0x110A, 0x116D, 0x11AA},
	0xC44C:  {0x110A, 0x116D, 0x11AB},
	0xC44D:  {0x110A, 0x116D, 0x11AC},
	0xC44E:  {0x110A, 0x116D, 0x11AD},
	0xC44F:  {0x110A, 0x116D, 0x11AE},
	0xC450:  {0x110A, 0x116D, 0x11AF},
	0xC451:  {0x110A, 0x116D, 0x11B0},
	0xC452:  {0x110A, 0x116D, 0x11B1},
	0xC453:  {0x110A, 0x116D, 0x11B2},
	0xC454:  {0x110A, 0x116D, 0x11B3},
	0xC455:  {0x110A, 0x116D, 0x11B4},
	0xC456:  {0x110A, 0x116D, 0x11B5},
	0xC457:  {0x110A, 0x116D, 0x11B6},
	0xC458:  {0x110A, 0x116D, 0x11B7},
	0xC459:  {0x110A, 0x116D, 0x11B8},
	0xC45A:  {0x110A, 0x116D, 0x11B9},
	0xC45B:  {0x110A, 0x116D, 0x11BA},
	0xC45C:  {0x110A, 0x116D, 0x11BB},
	0xC45D:  {0x110A, 0x116D, 0x11BC},
	0xC45E:  {0x110A, 0x116D, 0x11BD},
	0xC45F:  {0x110A, 0x116D, 0x11BE},
	0xC460:  {0x110A, 0x116D, 0x11BF},
	0xC461:  {0x110A, 0x116D, 0x11C0},
	0xC462:  {0x110A, 0x116D, 0x11C1},
	0xC463:  {0x110A, 0x116D, 0x11C2},
	0xC464:  {0x110A, 0x116E},
	0xC465:  {0x110A, 0x116E, 0x11A8},
	0xC466:  {0x110A, 0x116E, 0x11A9},
	0xC467:  {0x110A, 0x116E, 0x11AA},
	0xC468:  {0x110A, 0x116E, 0x11AB},
	0xC469:  {0x110A, 0x116E, 0x11AC},
	0xC46A:  {0x110A, 0x116E, 0x11AD},
	0xC46B:  {0x110A, 0x116E, 0x11AE},
	0xC46C:  {0x110A, 0x116E, 0x11AF},
	0xC46D:  {0x110A, 0x116E, 0x11B0},
	0xC46E:  {0x110A, 0x116E, 0x11B1},
	0xC46F:  {0x110A, 0x116E, 0x11B2},
	0xC470:  {0x110A, 0x116E, 0x11B3},
	0xC471:  {0x110A, 0x116E, 0x11B4},
	0xC472:  {0x110A, 0x116E, 0x11B5},
	0xC473:  {0x110A, 0x116E, 0x11B6},
	0xC474:  {0x110A, 0x116E, 0x11B7},
	0xC475:  {0x110A, 0x116E, 0x11B8},
	0xC476:  {0x110A, 0x116E, 0x11B9},
	0xC477:  {0x110A, 0x116E, 0x11BA},
	0xC478:  {0x110A, 0x116E, 0x11BB},
	0xC479:  {0x110A, 0x116E, 0x11BC},
	0xC47A:  {0x110A, 0x116E, 0x11BD},
	0xC47B:  {0x110A, 0x116E, 0x11BE},
	0xC47C:  {0x110A, 0x116E, 0x11BF},
	0xC47D:  {0x110A, 0x116E, 0x11C0},
	0xC47E:  {0x110A, 0x116E, 0x11C1},
	0xC47F:  {0x110A, 0x116E, 0x11C2},
	0xC480:  {0x110A, 0x116F},
	0xC481:  {0x110A, 0x116F, 0x11A8},
	0xC482:  {0x110A, 0x116F, 0x11A9},
	0xC483:  {0x110A, 0x116F, 0x11AA},
	0xC484:  {0x110A, 0x116F, 0x11AB},
	0xC485:  {0x110A, 0x116F, 0x11AC},
	0xC486:  {0x110A, 0x116F, 0x11AD},
	0xC487:  {0x110A, 0x116F, 0x11AE},
	0xC488:  {0x110A, 0x116F, 0x11AF},
	0xC489:  {0x110A, 0x116F, 0x11B0},
	0xC48A:  {0x110A, 0x116F, 0x11B1},
	0xC48B:  {0x110A, 0x116F, 0x11B2},
	0xC48C:  {0x110A, 0x116F, 0x11B3},
	0xC48D:  {0x110A, 0x116F, 0x11B4},
	0xC48E:  {0x110A, 0x116F, 0x11B5},
	0xC48F:  {0x110A, 0x116F, 0x11B6},
	0xC490:  {0x110A, 0x116F, 0x11B7},
	0xC491:  {0x110A, 0x116F, 0x11B8},
	0xC492:  {0x110A, 0x116F, 0x11B9},
	0xC493:  {0x110A, 0x116F, 0x11BA},
	0xC494:  {0x110A, 0x116F, 0x11BB},
	0xC495:  {0x110A, 0x116F, 0x11BC},
	0xC496:  {0x110A, 0x116F, 0x11BD},
	0xC497:  {0x110A, 0x116F, 0x11BE},
	0xC498:  {0x110A, 0x116F, 0x11BF},
	0xC499:  {0x110A, 0x116F, 0x11C0},
	0xC49A:  {0x110A, 0x116F, 0x11C1},
	0xC49B:  {0x110A, 0x116F, 0x11C2},
	0xC49C:  {0x110A, 0x1170},
	0xC49D:  {0x110A, 0x1170, 0x11A8},
	0xC49E:  {0x110A, 0x1170, 0x11A9},
	0xC49F:  {0x110A, 0x1170, 0x11AA},
	0xC4A0:  {0x110A, 0x1170, 0x11AB},
	0xC4A1:  {0x110A, 0x1170, 0x11AC},
	0xC4A2:  {0x110A, 0x1170, 0x11AD},
	0xC4A3:  {0x110A, 0x1170, 0x11AE},
	0xC4A4:  {0x110A, 0x1170, 0x11AF},
	0xC4A5:  {0x110A, 0x1170, 0x11B0},
	0xC4A6:  {0x110A, 0x1170, 0x11B1},
	0xC4A7:  {0x110A, 0x1170, 0x11B2},
	0xC4A8:  {0x110A, 0x1170, 0x11B3},
	0xC4A9:  {0x110A, 0x1170, 0x11B4},
	0xC4AA:  {0x110A, 0x1170, 0x11B5},
	0xC4AB:  {0x110A, 0x1170, 0x11B6},
	0xC4AC:  {0x110A, 0x1170, 0x11B7},
	0xC4AD:  {0x110A, 0x1170, 0x11B8},
	0xC4AE:  {0x110A, 0x1170, 0x11B9},
	0xC4AF:  {0x110A, 0x1170, 0x11BA},
	0xC4B0:  {0x110A, 0x1170, 0x11BB},
	0xC4B1:  {0x110A, 0x1170, 0x11BC},
	0xC4B2:  {0x110A, 0x1170, 0x11BD},
	0xC4B3:  {0x110A, 0x1170, 0x11BE},
	0xC4B4:  {0x110A, 0x1170, 0x11BF},
	0xC4B5:  {0x110A, 0x1170, 0x11C0},
	0xC4B6:  {0x110A, 0x1170, 0x11C1},
	0xC4B7:  {0x110A, 0x1170, 0x11C2},
	0xC4B8:  {0x110A, 0x1171},
	0xC4B9:  {0x110A, 0x1171, 0x11A8},
	0xC4BA:  {0x110A, 0x1171, 0x11A9},
	0xC4BB:  {0x110A, 0x1171, 0x11AA},
	0xC4BC:  {0x110A, 0x1171, 0x11AB},
	0xC4BD:  {0x110A, 0x1171, 0x11AC},
	0xC4BE:  {0x110A, 0x1171, 0x11AD},
	0xC4BF:  {0x110A, 0x1171, 0x11AE},
	0xC4C0:  {0x110A, 0x1171, 0x11AF},
	0xC4C1:  {0x110A, 0x1171, 0x11B0},
	0xC4C2:  {0x110A, 0x1171, 0x11B1},
	0xC4C3:  {0x110A, 0x1171, 0x11B2},
	0xC4C4:  {0x110A, 0x1171, 0x11B3},
	0xC4C5:  {0x110A, 0x1171, 0x11B4},
	0xC4C6:  {0x110A, 0x1171, 0x11B5},
	0xC4C7:  {0x110A, 0x1171, 0x11B6},
	0xC4C8:  {0x110A, 0x1171, 0x11B7},
	0xC4C9:  {0x110A, 0x1171, 0x11B8},
	0xC4CA:  {0x110A, 0x1171, 0x11B9},
	0xC4CB:  {0x110A, 0x1171, 0x11BA},
	0xC4CC:  {0x110A, 0x1171, 0x11BB},
	0xC4CD:  {0x110A, 0x1171, 0x11BC},
	0xC4CE:  {0x110A, 0x1171, 0x11BD},
	0xC4CF:  {0x110A, 0x1171, 0x11BE},
	0xC4D0:  {0x110A, 0x1171, 0x11BF},
	0xC4D1:  {0x110A, 0x1171, 0x11C0},
	0xC4D2:  {0x110A, 0x1171, 0x11C1},
	0xC4D3:  {0x110A, 0x1171, 0x11C2},
	0xC4D4:  {0x110A, 0x1172},
	0xC4D5:  {0x110A, 0x1172, 0x11A8},
	0xC4D6:  {0x110A, 0x1172, 0x11A9},
	0xC4D7:  {0x110A, 0x1172, 0x11AA},
	0xC4D8:  {0x110A, 0x1172, 0x11AB},
	0xC4D9:  {0x110A, 0x1172, 0x11AC},
	0xC4DA:  {0x110A, 0x1172, 0x11AD},
	0xC4DB:  {0x110A, 0x1172, 0x11AE},
	0xC4DC:  {0x110A, 0x1172, 0x11AF},
	0xC4DD:  {0x110A, 0x1172, 0x11B0},
	0xC4DE:  {0x110A, 0x1172, 0x11B1},
	0xC4DF:  {0x110A, 0x1172, 0x11B2},
	0xC4E0:  {0x110A, 0x1172, 0x11B3},
	0xC4E1:  {0x110A, 0x1172, 0x11B4},
	0xC4E2:  {0x110A, 0x1172, 0x11B5},
	0xC4E3:  {0x110A, 0x1172, 0x11B6},
	0xC4E4:  {0x110A, 0x1172, 0x11B7},
	0xC4E5:  {0x110A, 0x1172, 0x11B8},
	0xC4E6:  {0x110A, 0x1172, 0x11B9},
	0xC4E7:  {0x110A, 0x1172, 0x11BA},
	0xC4E8:  {0x110A, 0x1172, 0x11BB},
	0xC4E9:  {0x110A, 0x1172, 0x11BC},
	0xC4EA:  {0x110A, 0x1172, 0x11BD},
	0xC4EB:  {0x110A, 0x1172, 0x11BE},
	0xC4EC:  {0x110A, 0x1172, 0x11BF},
	0xC4ED:  {0x110A, 0x1172, 0x11C0},
	0xC4EE:  {0x110A, 0x1172, 0x11C1},
	0xC4EF:  {0x110A, 0x1172, 0x11C2},
	0xC4F0:  {0x110A, 0x1173},
	0xC4F1:  {0x110A, 0x1173, 0x11A8},
	0xC4F2:  {0x110A, 0x1173, 0x11A9},
	0xC4F3:  {0x110A, 0x1173, 0x11AA},
	0xC4F4:  {0x110A, 0x1173, 0x11AB},
	0xC4F5:  {0x110A, 0x1173, 0x11AC},
	0xC4F6:  {0x110A, 0x1173, 0x11AD},
	0xC4F7:  {0x110A, 0x1173, 0x11AE},
	0xC4F8:  {0x110A, 0x1173, 0x11AF},
	0xC4F9:  {0x110A, 0x1173, 0x11B0},
	0xC4FA:  {0x110A, 0x1173, 0x11B1},
	0xC4FB:  {0x110A, 0x1173, 0x11B2},
	0xC4FC:  {0x110A, 0x1173, 0x11B3},
	0xC4FD:  {0x110A, 0x1173, 0x11B4},
	0xC4FE:  {0x110A, 0x1173, 0x11B5},
	0xC4FF:  {0x110A, 0x1173, 0x11B6},
	0xC500:  {0x110A, 0x1173, 0x11B7},
	0xC501:  {0x110A, 0x1173, 0x11B8},
	0xC502:  {0x110A, 0x1173, 0x11B9},
	0xC503:  {0x110A, 0x1173, 0x11BA},
	0xC504:  {0x110A, 0x1173, 0x11BB},
	0xC505:  {0x110A, 0x1173, 0x11BC},
	0xC506:  {0x110A, 0x1173, 0x11BD},
	0xC507:  {0x110A, 0x1173, 0x11BE},
	0xC508:  {0x110A, 0x1173, 0x11BF},
	0xC509:  {0x110A, 0x1173, 0x11C0},
	0xC50A:  {0x110A, 0x1173, 0x11C1},
	0xC50B:  {0x110A, 0x1173, 0x11C2},
	0xC50C:  {0x110A, 0x1174},
	0xC50D:  {0x110A, 0x1174, 0x11A8},
	0xC50E:  {0x110A, 0x1174, 0x11A9},
	0xC50F:  {0x110A, 0x1174, 0x11AA},
	0xC510:  {0x110A, 0x1174, 0x11AB},
	0xC511:  {0x110A, 0x1174, 0x11AC},
	0xC512:  {0x110A, 0x1174, 0x11AD},
	0xC513:  {0x110A, 0x1174, 0x11AE},
	0xC514:  {0x110A, 0x1174, 0x11AF},
	0xC515:  {0x110A, 0x1174, 0x11B0},
	0xC516:  {0x110A, 0x1174, 0x11B1},
	0xC517:  {0x110A, 0x1174, 0x11B2},
	0xC518:  {0x110A, 0x1174, 0x11B3},
	0xC519:  {0x110A, 0x1174, 0x11B4},
	0xC51A:  {0x110A, 0x1174, 0x11B5},
	0xC51B:  {0x110A, 0x1174, 0x11B6},
	0xC51C:  {0x110A, 0x1174, 0x11B7},
	0xC51D:  {0x110A, 0x1174, 0x11B8},
	0xC51E:  {0x110A, 0x1174, 0x11B9},
	0xC51F:  {0x110A, 0x1174, 0x11BA},
	0xC520:  {0x110A, 0x1174, 0x11BB},
	0xC521:  {0x110A, 0x1174, 0x11BC},
	0xC522:  {0x110A, 0x1174, 0x11BD},
	0xC523:  {0x110A, 0x1174, 0x11BE},
	0xC524:  {0x110A, 0x1174, 0x11BF},
	0xC525:  {0x110A, 0x1174, 0x11C0},
	0xC526:  {0x110A, 0x1174, 0x11C1},
	0xC527:  {0x110A, 0x1174, 0x11C2},
	0xC528:  {0x110A, 0x1175},
	0xC529:  {0x110A, 0x1175, 0x11A8},
	0xC52A:  {0x110A, 0x1175, 0x11A9},
	0xC52B:  {0x110A, 0x1175, 0x11AA},
	0xC52C:  {0x110A, 0x1175, 0x11AB},
	0xC52D:  {0x110A, 0x1175, 0x11AC},
	0xC52E:  {0x110A, 0x1175, 0x11AD},
	0xC52F:  {0x110A, 0x1175, 0x11AE},
	0xC530:  {0x110A, 0x1175, 0x11AF},
	0xC531:  {0x110A, 0x1175, 0x11B0},
	0xC532:  {0x110A, 0x1175, 0x11B1},
	0xC533:  {0x110A, 0x1175, 0x11B2},
	0xC534:  {0x110A, 0x1175, 0x11B3},
	0xC535:  {0x110A, 0x1175, 0x11B4},
	0xC536:  {0x110A, 0x1175, 0x11B5},
	0xC537:  {0x110A, 0x1175, 0x11B6},
	0xC538:  {0x110A, 0x1175, 0x11B7},
	0xC539:  {0x110A, 0x1175, 0x11B8},
	0xC53A:  {0x110A, 0x1175, 0x11B9},
	0xC53B:  {0x110A, 0x1175, 0x11BA},
	0xC53C:  {0x110A, 0x1175, 0x11BB},
	0xC53D:  {0x110A, 0x1175, 0x11BC},
	0xC53E:  {0x110A, 0x1175, 0x11BD},
	0xC53F:  {0x110A, 0x1175, 0x11BE},
	0xC540:  {0x110A, 0x1175, 0x11BF},
	0xC541:  {0x110A, 0x1175, 0x11C0},
	0xC542:  {0x110A, 0x1175, 0x11C1},
	0xC543:  {0x110A, 0x1175, 0x11C2},
	0xC544:  {0x110B, 0x1161},
	0xC545:  {0x110B, 0x1161, 0x11A8},
	0xC546:  {0x110B, 0x1161, 0x11A9},
	0xC547:  {0x110B, 0x1161, 0x11AA},
	0xC548:  {0x110B, 0x1161, 0x11AB},
	0xC549:  {0x110B, 0x1161, 0x11AC},
	0xC54A:  {0x110B, 0x1161, 0x11AD},
	0xC54B:  {0x110B, 0x1161, 0x11AE},
	0xC54C:  {0x110B, 0x1161, 0x11AF},
	0xC54D:  {0x110B, 0x1161, 0x11B0},
	0xC54E:  {0x110B, 0x1161, 0x11B1},
	0xC54F:  {0x110B, 0x1161, 0x11B2},
	0xC550:  {0x110B, 0x1161, 0x11B3},
	0xC551:  {0x110B, 0x1161, 0x11B4},
	0xC552:  {0x110B, 0x1161, 0x11B5},
	0xC553:  {0x110B, 0x1161, 0x11B6},
	0xC554:  {0x110B, 0x1161, 0x11B7},
	0xC555:  {0x110B, 0x1161, 0x11B8},
	0xC556:  {0x110B, 0x1161, 0x11B9},
	0xC557:  {0x110B, 0x1161, 0x11BA},
	0xC558:  {0x110B, 0x1161, 0x11BB},
	0xC559:  {0x110B, 0x1161, 0x11BC},
	0xC55A:  {0x110B, 0x1161, 0x11BD},
	0xC55B:  {0x110B, 0x1161, 0x11BE},
	0xC55C:  {0x110B, 0x1161, 0x11BF},
	0xC55D:  {0x110B, 0x1161, 0x11C0},
	0xC55E:  {0x110B, 0x1161, 0x11C1},
	0xC55F:  {0x110B, 0x1161, 0x11C2},
	0xC560:  {0x110B, 0x1162},
	0xC561:  {0x110B, 0x1162, 0x11A8},
	0xC562:  {0x110B, 0x1162, 0x11A9},
	0xC563:  {0x110B, 0x1162, 0x11AA},
	0xC564:  {0x110B, 0x1162, 0x11AB},
	0xC565:  {0x110B, 0x1162, 0x11AC},
	0xC566:  {0x110B, 0x1162, 0x11AD},
	0xC567:  {0x110B, 0x1162, 0x11AE},
	0xC568:  {0x110B, 0x1162, 0x11AF},
	0xC569:  {0x110B, 0x1162, 0x11B0},
	0xC56A:  {0x110B, 0x1162, 0x11B1},
	0xC56B:  {0x110B, 0x1162, 0x11B2},
	0xC56C:  {0x110B, 0x1162, 0x11B3},
	0xC56D:  {0x110B, 0x1162, 0x11B4},
	0xC56E:  {0x110B, 0x1162, 0x11B5},
	0xC56F:  {0x110B, 0x1162, 0x11B6},
	0xC570:  {0x110B, 0x1162, 0x11B7},
	0xC571:  {0x110B, 0x1162, 0x11B8},
	0xC572:  {0x110B, 0x1162, 0x11B9},
	0xC573:  {0x110B, 0x1162, 0x11BA},
	0xC574:  {0x110B, 0x1162, 0x11BB},
	0xC575:  {0x110B, 0x1162, 0x11BC},
	0xC576:  {0x110B, 0x1162, 0x11BD},
	0xC577:  {0x110B, 0x1162, 0x11BE},
	0xC578:  {0x110B, 0x1162, 0x11BF},
	0xC579:  {0x110B, 0x1162, 0x11C0},
	0xC57A:  {0x110B, 0x1162, 0x11C1},
	0xC57B:  {0x110B, 0x1162, 0x11C2},
	0xC57C:  {0x110B, 0x1163},
	0xC57D:  {0x110B, 0x1163, 0x11A8},
	0xC57E:  {0x110B, 0x1163, 0x11A9},
	0xC57F:  {0x110B, 0x1163, 0x11AA},
	0xC580:  {0x110B, 0x1163, 0x11AB},
	0xC581:  {0x110B, 0x1163, 0x11AC},
	0xC582:  {0x110B, 0x1163, 0x11AD},
	0xC583:  {0x110B, 0x1163, 0x11AE},
	0xC584:  {0x110B, 0x1163, 0x11AF},
	0xC585:  {0x110B, 0x1163, 0x11B0},
	0xC586:  {0x110B, 0x1163, 0x11B1},
	0xC587:  {0x110B, 0x1163, 0x11B2},
	0xC588:  {0x110B, 0x1163, 0x11B3},
	0xC589:  {0x110B, 0x1163, 0x11B4},
	0xC58A:  {0x110B, 0x1163, 0x11B5},
	0xC58B:  {0x110B, 0x1163, 0x11B6},
	0xC58C:  {0x110B, 0x1163, 0x11B7},
	0xC58D:  {0x110B, 0x1163, 0x11B8},
	0xC58E:  {0x110B, 0x1163, 0x11B9},
	0xC58F:  {0x110B, 0x1163, 0x11BA},
	0xC590:  {0x110B, 0x1163, 0x11BB},
	0xC591:  {0x110B, 0x1163, 0x11BC},
	0xC592:  {0x110B, 0x1163, 0x11BD},
	0xC593:  {0x110B, 0x1163, 0x11BE},
	0xC594:  {0x110B, 0x1163, 0x11BF},
	0xC595:  {0x110B, 0x1163, 0x11C0},
	0xC596:  {0x110B, 0x1163, 0x11C1},
	0xC597:  {0x110B, 0x1163, 0x11C2},
	0xC598:  {0x110B, 0x1164},
	0xC599:  {0x110B, 0x1164, 0x11A8},
	0xC59A:  {0x110B, 0x1164, 0x11A9},
	0xC59B:  {0x110B, 0x1164, 0x11AA},
	0xC59C:  {0x110B, 0x1164, 0x11AB},
	0xC59D:  {0x110B, 0x1164, 0x11AC},
	0xC59E:  {0x110B, 0x1164, 0x11AD},
	0xC59F:  {0x110B, 0x1164, 0x11AE},
	0xC5A0:  {0x110B, 0x1164, 0x11AF},
	0xC5A1:  {0x110B, 0x1164, 0x11B0},
	0xC5A2:  {0x110B, 0x1164, 0x11B1},
	0xC5A3:  {0x110B, 0x1164, 0x11B2},
	0xC5A4:  {0x110B, 0x1164, 0x11B3},
	0xC5A5:  {0x110B, 0x1164, 0x11B4},
	0xC5A6:  {0x110B, 0x1164, 0x11B5},
	0xC5A7:  {0x110B, 0x1164, 0x11B6},
	0xC5A8:  {0x110B, 0x1164, 0x11B7},
	0xC5A9:  {0x110B, 0x1164, 0x11B8},
	0xC5AA:  {0x110B, 0x1164, 0x11B9},
	0xC5AB:  {0x110B, 0x1164, 0x11BA},
	0xC5AC:  {0x110B, 0x1164, 0x11BB},
	0xC5AD:  {0x110B, 0x1164, 0x11BC},
	0xC5AE:  {0x110B, 0x1164, 0x11BD},
	0xC5AF:  {0x110B, 0x1164, 0x11BE},
	0xC5B0:  {0x110B, 0x1164, 0x11BF},
	0xC5B1:  {0x110B, 0x1164, 0x11C0},
	0xC5B2:  {0x110B, 0x1164, 0x11C1},
	0xC5B3:  {0x110B, 0x1164, 0x11C2},
	0xC5B4:  {0x110B, 0x1165},
	0xC5B5:  {0x110B, 0x1165, 0x11A8},
	0xC5B6:  {0x110B, 0x1165, 0x11A9},
	0xC5B7:  {0x110B, 0x1165, 0x11AA},
	0xC5B8:  {0x110B, 0x1165, 0x11AB},
	0xC5B9:  {0x110B, 0x1165, 0x11AC},
	0xC5BA:  {0x110B, 0x1165, 0x11AD},
	0xC5BB:  {0x110B, 0x1165, 0x11AE},
	0xC5BC:  {0x110B, 0x1165, 0x11AF},
	0xC5BD:  {0x110B, 0x1165, 0x11B0},
	0xC5BE:  {0x110B, 0x1165, 0x11B1},
	0xC5BF:  {0x110B, 0x1165, 0x11B2},
	0xC5C0:  {0x110B, 0x1165, 0x11B3},
	0xC5C1:  {0x110B, 0x1165, 0x11B4},
	0xC5C2:  {0x110B, 0x1165, 0x11B5},
	0xC5C3:  {0x110B, 0x1165, 0x11B6},
	0xC5C4:  {0x110B, 0x1165, 0x11B7},
	0xC5C5:  {0x110B, 0x1165, 0x11B8},
	0xC5C6:  {0x110B, 0x1165, 0x11B9},
	0xC5C7:  {0x110B, 0x1165, 0x11BA},
	0xC5C8:  {0x110B, 0x1165, 0x11BB},
	0xC5C9:  {0x110B, 0x1165, 0x11BC},
	0xC5CA:  {0x110B, 0x1165, 0x11BD},
	0xC5CB:  {0x110B, 0x1165, 0x11BE},
	0xC5CC:  {0x110B, 0x1165, 0x11BF},
	0xC5CD:  {0x110B, 0x1165, 0x11C0},
	0xC5CE:  {0x110B, 0x1165, 0x11C1},
	0xC5CF:  {0x110B, 0x1165, 0x11C2},
	0xC5D0:  {0x110B, 0x1166},
	0xC5D1:  {0x110B, 0x1166, 0x11A8},
	0xC5D2:  {0x110B, 0x1166, 0x11A9},
	0xC5D3:  {0x110B, 0x1166, 0x11AA},
	0xC5D4:  {0x110B, 0x1166, 0x11AB},
	0xC5D5:  {0x110B, 0x1166, 0x11AC},
	0xC5D6:  {0x110B, 0x1166, 0x11AD},
	0xC5D7:  {0x110B, 0x1166, 0x11AE},
	0xC5D8:  {0x110B, 0x1166, 0x11AF},
	0xC5D9:  {0x110B, 0x1166, 0x11B0},
	0xC5DA:  {0x110B, 0x1166, 0x11B1},
	0xC5DB:  {0x110B, 0x1166, 0x11B2},
	0xC5DC:  {0x110B, 0x1166, 0x11B3},
	0xC5DD:  {0x110B, 0x1166, 0x11B4},
	0xC5DE:  {0x110B, 0x1166, 0x11B5},
	0xC5DF:  {0x110B, 0x1166, 0x11B6},
	0xC5E0:  {0x110B, 0x1166, 0x11B7},
	0xC5E1:  {0x110B, 0x1166, 0x11B8},
	0xC5E2:  {0x110B, 0x1166, 0x11B9},
	0xC5E3:  {0x110B, 0x1166, 0x11BA},
	0xC5E4:  {0x110B, 0x1166, 0x11BB},
	0xC5E5:  {0x110B, 0x1166, 0x11BC},
	0xC5E6:  {0x110B, 0x1166, 0x11BD},
	0xC5E7:  {0x110B, 0x1166, 0x11BE},
	0xC5E8:  {0x110B, 0x1166, 0x11BF},
	0xC5E9:  {0x110B, 0x1166, 0x11C0},
	0xC5EA:  {0x110B, 0x1166, 0x11C1},
	0xC5EB:  {0x110B, 0x1166, 0x11C2},
	0xC5EC:  {0x110B, 0x1167},
	0xC5ED:  {0x110B, 0x1167, 0x11A8},
	0xC5EE:  {0x110B, 0x1167, 0x11A9},
	0xC5EF:  {0x110B, 0x1167, 0x11AA},
	0xC5F0:  {0x110B, 0x1167, 0x11AB},
	0xC5F1:  {0x110B, 0x1167, 0x11AC},
	0xC5F2:  {0x110B, 0x1167, 0x11AD},
	0xC5F3:  {0x110B, 0x1167, 0x11AE},
	0xC5F4:  {0x110B, 0x1167, 0x11AF},
	0xC5F5:  {0x110B, 0x1167, 0x11B0},
	0xC5F6:  {0x110B, 0x1167, 0x11B1},
	0xC5F7:  {0x110B, 0x1167, 0x11B2},
	0xC5F8:  {0x110B, 0x1167, 0x11B3},
	0xC5F9:  {0x110B, 0x1167, 0x11B4},
	0xC5FA:  {0x110B, 0x1167, 0x11B5},
	0xC5FB:  {0x110B, 0x1167, 0x11B6},
	0xC5FC:  {0x110B, 0x1167, 0x11B7},
	0xC5FD:  {0x110B, 0x1167, 0x11B8},
	0xC5FE:  {0x110B, 0x1167, 0x11B9},
	0xC5FF:  {0x110B, 0x1167, 0x11BA},
	0xC600:  {0x110B, 0x1167, 0x11BB},
	0xC601:  {0x110B, 0x1167, 0x11BC},
	0xC602:  {0x110B, 0x1167, 0x11BD},
	0xC603:  {0x110B, 0x1167, 0x11BE},
	0xC604:  {0x110B, 0x1167, 0x11BF},
	0xC605:  {0x110B, 0x1167, 0x11C0},
	0xC606:  {0x110B, 0x1167, 0x11C1},
	0xC607:  {0x110B, 0x1167, 0x11C2},
	0xC608:  {0x110B, 0x1168},
	0xC609:  {0x110B, 0x1168, 0x11A8},
	0xC60A:  {0x110B, 0x1168, 0x11A9},
	0xC60B:  {0x110B, 0x1168, 0x11AA},
	0xC60C:  {0x110B, 0x1168, 0x11AB},
	0xC60D:  {0x110B, 0x1168, 0x11AC},
	0xC60E:  {0x110B, 0x1168, 0x11AD},
	0xC60F:  {0x110B, 0x1168, 0x11AE},
	0xC610:  {0x110B, 0x1168, 0x11AF},
	0xC611:  {0x110B, 0x1168, 0x11B0},
	0xC612:  {0x110B, 0x1168, 0x11B1},
	0xC613:  {0x110B, 0x1168, 0x11B2},
	0xC614:  {0x110B, 0x1168, 0x11B3},
	0xC615:  {0x110B, 0x1168, 0x11B4},
	0xC616:  {0x110B, 0x1168, 0x11B5},
	0xC617:  {0x110B, 0x1168, 0x11B6},
	0xC618:  {0x110B, 0x1168, 0x11B7},
	0xC619:  {0x110B, 0x1168, 0x11B8},
	0xC61A:  {0x110B, 0x1168, 0x11B9},
	0xC61B:  {0x110B, 0x1168, 0x11BA},
	0xC61C:  {0x110B, 0x1168, 0x11BB},
	0xC61D:  {0x110B, 0x1168, 0x11BC},
	0xC61E:  {0x110B, 0x1168, 0x11BD},
	0xC61F:  {0x110B, 0x1168, 0x11BE},
	0xC620:  {0x110B, 0x1168, 0x11BF},
	0xC621:  {0x110B, 0x1168, 0x11C0},
	0xC622:  {0x110B, 0x1168, 0x11C1},
	0xC623:  {0x110B, 0x1168, 0x11C2},
	0xC624:  {0x110B, 0x1169},
	0xC625:  {0x110B, 0x1169, 0x11A8},
	0xC626:  {0x110B, 0x1169, 0x11A9},
	0xC627:  {0x110B, 0x1169, 0x11AA},
	0xC628:  {0x110B, 0x1169, 0x11AB},
	0xC629:  {0x110B, 0x1169, 0x11AC},
	0xC62A:  {0x110B, 0x1169, 0x11AD},
	0xC62B:  {0x110B, 0x1169, 0x11AE},
	0xC62C:  {0x110B, 0x1169, 0x11AF},
	0xC62D:  {0x110B, 0x1169, 0x11B0},
	0xC62E:  {0x110B, 0x1169, 0x11B1},
	0xC62F:  {0x110B, 0x1169, 0x11B2},
	0xC630:  {0x110B, 0x1169, 0x11B3},
	0xC631:  {0x110B, 0x1169, 0x11B4},
	0xC632:  {0x110B, 0x1169, 0x11B5},
	0xC633:  {0x110B, 0x1169, 0x11B6},
	0xC634:  {0x110B, 0x1169, 0x11B7},
	0xC635:  {0x110B, 0x1169, 0x11B8},
	0xC636:  {0x110B, 0x1169, 0x11B9},
	0xC637:  {0x110B, 0x1169, 0x11BA},
	0xC638:  {0x110B, 0x1169, 0x11BB},
	0xC639:  {0x110B, 0x1169, 0x11BC},
	0xC63A:  {0x110B, 0x1169, 0x11BD},
	0xC63B:  {0x110B, 0x1169, 0x11BE},
	0xC63C:  {0x110B, 0x1169, 0x11BF},
	0xC63D:  {0x110B, 0x1169, 0x11C0},
	0xC63E:  {0x110B, 0x1169, 0x11C1},
	0xC63F:  {0x110B, 0x1169, 0x11C2},
	0xC640:  {0x110B, 0x116A},
	0xC641:  {0x110B, 0x116A, 0x11A8},
	0xC642:  {0x110B, 0x116A, 0x11A9},
	0xC643:  {0x110B, 0x116A, 0x11AA},
	0xC644:  {0x110B, 0x116A, 0x11AB},
	0xC645:  {0x110B, 0x116A, 0x11AC},
	0xC646:  {0x110B, 0x116A, 0x11AD},
	0xC647:  {0x110B, 0x116A, 0x11AE},
	0xC648:  {0x110B, 0x116A, 0x11AF},
	0xC649:  {0x110B, 0x116A, 0x11B0},
	0xC64A:  {0x110B, 0x116A, 0x11B1},
	0xC64B:  {0x110B, 0x116A, 0x11B2},
	0xC64C:  {0x110B, 0x116A, 0x11B3},
	0xC64D:  {0x110B, 0x116A, 0x11B4},
	0xC64E:  {0x110B, 0x116A, 0x11B5},
	0xC64F:  {0x110B, 0x116A, 0x11B6},
	0xC650:  {0x110B, 0x116A, 0x11B7},
	0xC651:  {0x110B, 0x116A, 0x11B8},
	0xC652:  {0x110B, 0x116A, 0x11B9},
	0xC653:  {0x110B, 0x116A, 0x11BA},
	0xC654:  {0x110B, 0x116A, 0x11BB},
	0xC655:  {0x110B, 0x116A, 0x11BC},
	0xC656:  {0x110B, 0x116A, 0x11BD},
	0xC657:  {0x110B, 0x116A, 0x11BE},
	0xC658:  {0x110B, 0x116A, 0x11BF},
	0xC659:  {0x110B, 0x116A, 0x11C0},
	0xC65A:  {0x110B, 0x116A, 0x11C1},
	0xC65B:  {0x110B, 0x116A, 0x11C2},
	0xC65C:  {0x110B, 0x116B},
	0xC65D:  {0x110B, 0x116B, 0x11A8},
	0xC65E:  {0x110B, 0x116B, 0x11A9},
	0xC65F:  {0x110B, 0x116B, 0x11AA},
	0xC660:  {0x110B, 0x116B, 0x11AB},
	0xC661:  {0x110B, 0x116B, 0x11AC},
	0xC662:  {0x110B, 0x116B, 0x11AD},
	0xC663:  {0x110B, 0x116B, 0x11AE},
	0xC664:  {0x110B, 0x116B, 0x11AF},
	0xC665:  {0x110B, 0x116B, 0x11B0},
	0xC666:  {0x110B, 0x116B, 0x11B1},
	0xC667:  {0x110B, 0x116B, 0x11B2},
	0xC668:  {0x110B, 0x116B, 0x11B3},
	0xC669:  {0x110B, 0x116B, 0x11B4},
	0xC66A:  {0x110B, 0x116B, 0x11B5},
	0xC66B:  {0x110B, 0x116B, 0x11B6},
	0xC66C:  {0x110B, 0x116B, 0x11B7},
	0xC66D:  {0x110B, 0x116B, 0x11B8},
	0xC66E:  {0x110B, 0x116B, 0x11B9},
	0xC66F:  {0x110B, 0x116B, 0x11BA},
	0xC670:  {0x110B, 0x116B, 0x11BB},
	0xC671:  {0x110B, 0x116B, 0x11BC},
	0xC672:  {0x110B, 0x116B, 0x11BD},
	0xC673:  {0x110B, 0x116B, 0x11BE},
	0xC674:  {0x110B, 0x116B, 0x11BF},
	0xC675:  {0x110B, 0x116B, 0x11C0},
	0xC676:  {0x110B, 0x116B, 0x11C1},
	0xC677:  {0x110B, 0x116B, 0x11C2},
	0xC678:  {0x110B, 0x116C},
	0xC679:  {0x110B, 0x116C, 0x11A8},
	0xC67A:  {0x110B, 0x116C, 0x11A9},
	0xC67B:  {0x110B, 0x116C, 0x11AA},
	0xC67C:  {0x110B, 0x116C, 0x11AB},
	0xC67D:  {0x110B, 0x116C, 0x11AC},
	0xC67E:  {0x110B, 0x116C, 0x11AD},
	0xC67F:  {0x110B, 0x116C, 0x11AE},
	0xC680:  {0x110B, 0x116C, 0x11AF},
	0xC681:  {0x110B, 0x116C, 0x11B0},
	0xC682:  {0x110B, 0x116C, 0x11B1},
	0xC683:  {0x110B, 0x116C, 0x11B2},
	0xC684:  {0x110B, 0x116C, 0x11B3},
	0xC685:  {0x110B, 0x116C, 0x11B4},
	0xC686:  {0x110B, 0x116C, 0x11B5},
	0xC687:  {0x110B, 0x116C, 0x11B6},
	0xC688:  {0x110B, 0x116C, 0x11B7},
	0xC689:  {0x110B, 0x116C, 0x11B8},
	0xC68A:  {0x110B, 0x116C, 0x11B9},
	0xC68B:  {0x110B, 0x116C, 0x11BA},
	0xC68C:  {0x110B, 0x116C, 0x11BB},
	0xC68D:  {0x110B, 0x116C, 0x11BC},
	0xC68E:  {0x110B, 0x116C, 0x11BD},
	0xC68F:  {0x110B, 0x116C, 0x11BE},
	0xC690:  {0x110B, 0x116C, 0x11BF},
	0xC691:  {0x110B, 0x116C, 0x11C0},
	0xC692:  {0x110B, 0x116C, 0x11C1},
	0xC693:  {0x110B, 0x116C, 0x11C2},
	0xC694:  {0x110B, 0x116D},
	0xC695:  {0x110B, 0x116D, 0x11A8},
	0xC696:  {0x110B, 0x116D, 0x11A9},
	0xC697:  {0x110B, 0x116D, 0x11AA},
	0xC698:  {0x110B, 0x116D, 0x11AB},
	0xC699:  {0x110B, 0x116D, 0x11AC},
	0xC69A:  {0x110B, 0x116D, 0x11AD},
	0xC69B:  {0x110B, 0x116D, 0x11AE},
	0xC69C:  {0x110B, 0x116D, 0x11AF},
	0xC69D:  {0x110B, 0x116D, 0x11B0},
	0xC69E:  {0x110B, 0x116D, 0x11B1},
	0xC69F:  {0x110B, 0x116D, 0x11B2},
	0xC6A0:  {0x110B, 0x116D, 0x11B3},
	0xC6A1:  {0x110B, 0x116D, 0x11B4},
	0xC6A2:  {0x110B, 0x116D, 0x11B5},
	0xC6A3:  {0x110B, 0x116D, 0x11B6},
	0xC6A4:  {0x110B, 0x116D, 0x11B7},
	0xC6A5:  {0x110B, 0x116D, 0x11B8},
	0xC6A6:  {0x110B, 0x116D, 0x11B9},
	0xC6A7:  {0x110B, 0x116D, 0x11BA},
	0xC6A8:  {0x110B, 0x116D, 0x11BB},
	0xC6A9:  {0x110B, 0x116D, 0x11BC},
	0xC6AA:  {0x110B, 0x116D, 0x11BD},
	0xC6AB:  {0x110B, 0x116D, 0x11BE},
	0xC6AC:  {0x110B, 0x116D, 0x11BF},
	0xC6AD:  {0x110B, 0x116D, 0x11C0},
	0xC6AE:  {0x110B, 0x116D, 0x11C1},
	0xC6AF:  {0x110B, 0x116D, 0x11C2},
	0xC6B0:  {0x110B, 0x116E},
	0xC6B1:  {0x110B, 0x116E, 0x11A8},
	0xC6B2:  {0x110B, 0x116E, 0x11A9},
	0xC6B3:  {0x110B, 0x116E, 0x11AA},
	0xC6B4:  {0x110B, 0x116E, 0x11AB},
	0xC6B5:  {0x110B, 0x116E, 0x11AC},
	0xC6B6:  {0x110B, 0x116E, 0x11AD},
	0xC6B7:  {0x110B, 0x116E, 0x11AE},
	0xC6B8:  {0x110B, 0x116E, 0x11AF},
	0xC6B9:  {0x110B, 0x116E, 0x11B0},
	0xC6BA:  {0x110B, 0x116E, 0x11B1},
	0xC6BB:  {0x110B, 0x116E, 0x11B2},
	0xC6BC:  {0x110B, 0x116E, 0x11B3},
	0xC6BD:  {0x110B, 0x116E, 0x11B4},
	0xC6BE:  {0x110B, 0x116E, 0x11B5},
	0xC6BF:  {0x110B, 0x116E, 0x11B6},
	0xC6C0:  {0x110B, 0x116E, 0x11B7},
	0xC6C1:  {0x110B, 0x116E, 0x11B8},
	0xC6C2:  {0x110B, 0x116E, 0x11B9},
	0xC6C3:  {0x110B, 0x116E, 0x11BA},
	0xC6C4:  {0x110B, 0x116E, 0x11BB},
	0xC6C5:  {0x110B, 0x116E, 0x11BC},
	0xC6C6:  {0x110B, 0x116E, 0x11BD},
	0xC6C7:  {0x110B, 0x116E, 0x11BE},
	0xC6C8:  {0x110B, 0x116E, 0x11BF},
	0xC6C9:  {0x110B, 0x116E, 0x11C0},
	0xC6CA:  {0x110B, 0x116E, 0x11C1},
	0xC6CB:  {0x110B, 0x116E, 0x11C2},
	0xC6CC:  {0x110B, 0x116F},
	0xC6CD:  {0x110B, 0x116F, 0x11A8},
	0xC6CE:  {0x110B, 0x116F, 0x11A9},
	0xC6CF:  {0x110B, 0x116F, 0x11AA},
	0xC6D0:  {0x110B, 0x116F, 0x11AB},
	0xC6D1:  {0x110B, 0x116F, 0x11AC},
	0xC6D2:  {0x110B, 0x116F, 0x11AD},
	0xC6D3:  {0x110B, 0x116F, 0x11AE},
	0xC6D4:  {0x110B, 0x116F, 0x11AF},
	0xC6D5:  {0x110B, 0x116F, 0x11B0},
	0xC6D6:  {0x110B, 0x116F, 0x11B1},
	0xC6D7:  {0x110B, 0x116F, 0x11B2},
	0xC6D8:  {0x110B, 0x116F, 0x11B3},
	0xC6D9:  {0x110B, 0x116F, 0x11B4},
	0xC6DA:  {0x110B, 0x116F, 0x11B5},
	0xC6DB:  {0x110B, 0x116F, 0x11B6},
	0xC6DC:  {0x110B, 0x116F, 0x11B7},
	0xC6DD:  {0x110B, 0x116F, 0x11B8},
	0xC6DE:  {0x110B, 0x116F, 0x11B9},
	0xC6DF:  {0x110B, 0x116F, 0x11BA},
	0xC6E0:  {0x110B, 0x116F, 0x11BB},
	0xC6E1:  {0x110B, 0x116F, 0x11BC},
	0xC6E2:  {0x110B, 0x116F, 0x11BD},
	0xC6E3:  {0x110B, 0x116F, 0x11BE},
	0xC6E4:  {0x110B, 0x116F, 0x11BF},
	0xC6E5:  {0x110B, 0x116F, 0x11C0},
	0xC6E6:  {0x110B, 0x116F, 0x11C1},
	0xC6E7:  {0x110B, 0x116F, 0x11C2},
	0xC6E8:  {0x110B, 0x1170},
	0xC6E9:  {0x110B, 0x1170, 0x11A8},
	0xC6EA:  {0x110B, 0x1170, 0x11A9},
	0xC6EB:  {0x110B, 0x1170, 0x11AA},
	0xC6EC:  {0x110B, 0x1170, 0x11AB},
	0xC6ED:  {0x110B, 0x1170, 0x11AC},
	0xC6EE:  {0x110B, 0x1170, 0x11AD},
	0xC6EF:  {0x110B, 0x1170, 0x11AE},
	0xC6F0:  {0x110B, 0x1170, 0x11AF},
	0xC6F1:  {0x110B, 0x1170, 0x11B0},
	0xC6F2:  {0x110B, 0x1170, 0x11B1},
	0xC6F3:  {0x110B, 0x1170, 0x11B2},
	0xC6F4:  {0x110B, 0x1170, 0x11B3},
	0xC6F5:  {0x110B, 0x1170, 0x11B4},
	0xC6F6:  {0x110B, 0x1170, 0x11B5},
	0xC6F7:  {0x110B, 0x1170, 0x11B6},
	0xC6F8:  {0x110B, 0x1170, 0x11B7},
	0xC6F9:  {0x110B, 0x1170, 0x11B8},
	0xC6FA:  {0x110B, 0x1170, 0x11B9},
	0xC6FB:  {0x110B, 0x1170, 0x11BA},
	0xC6FC:  {0x110B, 0x1170, 0x11BB},
	0xC6FD:  {0x110B, 0x1170, 0x11BC},
	0xC6FE:  {0x110B, 0x1170, 0x11BD},
	0xC6FF:  {0x110B, 0x1170, 0x11BE},
	0xC700:  {0x110B, 0x1170, 0x11BF},
	0xC701:  {0x110B, 0x1170, 0x11C0},
	0xC702:  {0x110B, 0x1170, 0x11C1},
	0xC703:  {0x110B, 0x1170, 0x11C2},
	0xC704:  {0x110B, 0x1171},
	0xC705:  {0x110B, 0x1171, 0x11A8},
	0xC706:  {0x110B, 0x1171, 0x11A9},
	0xC707:  {0x110B, 0x1171, 0x11AA},
	0xC708:  {0x110B, 0x1171, 0x11AB},
	0xC709:  {0x110B, 0x1171, 0x11AC},
	0xC70A:  {0x110B, 0x1171, 0x11AD},
	0xC70B:  {0x110B, 0x1171, 0x11AE},
	0xC70C:  {0x110B, 0x1171, 0x11AF},
	0xC70D:  {0x110B, 0x1171, 0x11B0},
	0xC70E:  {0x110B, 0x1171, 0x11B1},
	0xC70F:  {0x110B, 0x1171, 0x11B2},
	0xC710:  {0x110B, 0x1171, 0x11B3},
	0xC711:  {0x110B, 0x1171, 0x11B4},
	0xC712:  {0x110B, 0x1171, 0x11B5},
	0xC713:  {0x110B, 0x1171, 0x11B6},
	0xC714:  {0x110B, 0x1171, 0x11B7},
	0xC715:  {0x110B, 0x1171, 0x11B8},
	0xC716:  {0x110B, 0x1171, 0x11B9},
	0xC717:  {0x110B, 0x1171, 0x11BA},
	0xC718:  {0x110B, 0x1171, 0x11BB},
	0xC719:  {0x110B, 0x1171, 0x11BC},
	0xC71A:  {0x110B, 0x1171, 0x11BD},
	0xC71B:  {0x110B, 0x1171, 0x11BE},
	0xC71C:  {0x110B, 0x1171, 0x11BF},
	0xC71D:  {0x110B, 0x1171, 0x11C0},
	0xC71E:  {0x110B, 0x1171, 0x11C1},
	0xC71F:  {0x110B, 0x1171, 0x11C2},
	0xC720:  {0x110B, 0x1172},
	0xC721:  {0x110B, 0x1172, 0x11A8},
	0xC722:  {0x110B, 0x1172, 0x11A9},
	0xC723:  {0x110B, 0x1172, 0x11AA},
	0xC724:  {0x110B, 0x1172, 0x11AB},
	0xC725:  {0x110B, 0x1172, 0x11AC},
	0xC726:  {0x110B, 0x1172, 0x11AD},
	0xC727:  {0x110B, 0x1172, 0x11AE},
	0xC728:  {0x110B, 0x1172, 0x11AF},
	0xC729:  {0x110B, 0x1172, 0x11B0},
	0xC72A:  {0x110B, 0x1172, 0x11B1},
	0xC72B:  {0x110B, 0x1172, 0x11B2},
	0xC72C:  {0x110B, 0x1172, 0x11B3},
	0xC72D:  {0x110B, 0x1172, 0x11B4},
	0xC72E:  {0x110B, 0x1172, 0x11B5},
	0xC72F:  {0x110B, 0x1172, 0x11B6},
	0xC730:  {0x110B, 0x1172, 0x11B7},
	0xC731:  {0x110B, 0x1172, 0x11B8},
	0xC732:  {0x110B, 0x1172, 0x11B9},
	0xC733:  {0x110B, 0x1172, 0x11BA},
	0xC734:  {0x110B, 0x1172, 0x11BB},
	0xC735:  {0x110B, 0x1172, 0x11BC},
	0xC736:  {0x110B, 0x1172, 0x11BD},
	0xC737:  {0x110B, 0x1172, 0x11BE},
	0xC738:  {0x110B, 0x1172, 0x11BF},
	0xC739:  {0x110B, 0x1172, 0x11C0},
	0xC73A:  {0x110B, 0x1172, 0x11C1},
	0xC73B:  {0x110B, 0x1172, 0x11C2},
	0xC73C:  {0x110B, 0x1173},
	0xC73D:  {0x110B, 0x1173, 0x11A8},
	0xC73E:  {0x110B, 0x1173, 0x11A9},
	0xC73F:  {0x110B, 0x1173, 0x11AA},
	0xC740:  {0x110B, 0x1173, 0x11AB},
	0xC741:  {0x110B, 0x1173, 0x11AC},
	0xC742:  {0x110B, 0x1173, 0x11AD},
	0xC743:  {0x110B, 0x1173, 0x11AE},
	0xC744:  {0x110B, 0x1173, 0x11AF},
	0xC745:  {0x110B, 0x1173, 0x11B0},
	0xC746:  {0x110B, 0x1173, 0x11B1},
	0xC747:  {0x110B, 0x1173, 0x11B2},
	0xC748:  {0x110B, 0x1173, 0x11B3},
	0xC749:  {0x110B, 0x1173, 0x11B4},
	0xC74A:  {0x110B, 0x1173, 0x11B5},
	0xC74B:  {0x110B, 0x1173, 0x11B6},
	0xC74C:  {0x110B, 0x1173, 0x11B7},
	0xC74D:  {0x110B, 0x1173, 0x11B8},
	0xC74E:  {0x110B, 0x1173, 0x11B9},
	0xC74F:  {0x110B, 0x1173, 0x11BA},
	0xC750:  {0x110B, 0x1173, 0x11BB},
	0xC751:  {0x110B, 0x1173, 0x11BC},
	0xC752:  {0x110B, 0x1173, 0x11BD},
	0xC753:  {0x110B, 0x1173, 0x11BE},
	0xC754:  {0x110B, 0x1173, 0x11BF},
	0xC755:  {0x110B, 0x1173, 0x11C0},
	0xC756:  {0x110B, 0x1173, 0x11C1},
	0xC757:  {0x110B, 0x1173, 0x11C2},
	0xC758:  {0x110B, 0x1174},
	0xC759:  {0x110B, 0x1174, 0x11A8},
	0xC75A:  {0x110B, 0x1174, 0x11A9},
	0xC75B:  {0x110B, 0x1174, 0x11AA},
	0xC75C:  {0x110B, 0x1174, 0x11AB},
	0xC75D:  {0x110B, 0x1174, 0x11AC},
	0xC75E:  {0x110B, 0x1174, 0x11AD},
	0xC75F:  {0x110B, 0x1174, 0x11AE},
	0xC760:  {0x110B, 0x1174, 0x11AF},
	0xC761:  {0x110B, 0x1174, 0x11B0},
	0xC762:  {0x110B, 0x1174, 0x11B1},
	0xC763:  {0x110B, 0x1174, 0x11B2},
	0xC764:  {0x110B, 0x1174, 0x11B3},
	0xC765:  {0x110B, 0x1174, 0x11B4},
	0xC766:  {0x110B, 0x1174, 0x11B5},
	0xC767:  {0x110B, 0x1174, 0x11B6},
	0xC768:  {0x110B, 0x1174, 0x11B7},
	0xC769:  {0x110B, 0x1174, 0x11B8},
	0xC76A:  {0x110B, 0x1174, 0x11B9},
	0xC76B:  {0x110B, 0x1174, 0x11BA},
	0xC76C:  {0x110B, 0x1174, 0x11BB},
	0xC76D:  {0x110B, 0x1174, 0x11BC},
	0xC76E:  {0x110B, 0x1174, 0x11BD},
	0xC76F:  {0x110B, 0x1174, 0x11BE},
	0xC770:  {0x110B, 0x1174, 0x11BF},
	0xC771:  {0x110B, 0x1174, 0x11C0},
	0xC772:  {0x110B, 0x1174, 0x11C1},
	0xC773:  {0x110B, 0x1174, 0x11C2},
	0xC774:  {0x110B, 0x1175},
	0xC775:  {0x110B, 0x1175, 0x11A8},
	0xC776:  {0x110B, 0x1175, 0x11A9},
	0xC777:  {0x110B, 0x1175, 0x11AA},
	0xC778:  {0x110B, 0x1175, 0x11AB},
	0xC779:  {0x110B, 0x1175, 0x11AC},
	0xC77A:  {0x110B, 0x1175, 0x11AD},
	0xC77B:  {0x110B, 0x1175, 0x11AE},
	0xC77C:  {0x110B, 0x1175, 0x11AF},
	0xC77D:  {0x110B, 0x1175, 0x11B0},
	0xC77E:  {0x110B, 0x1175, 0x11B1},
	0xC77F:  {0x110B, 0x1175, 0x11B2},
	0xC780:  {0x110B, 0x1175, 0x11B3},
	0xC781:  {0x110B, 0x1175, 0x11B4},
	0xC782:  {0x110B, 0x1175, 0x11B5},
	0xC783:  {0x110B, 0x1175, 0x11B6},
	0xC784:  {0x110B, 0x1175, 0x11B7},
	0xC785:  {0x110B, 0x1175, 0x11B8},
	0xC786:  {0x110B, 0x1175, 0x11B9},
	0xC787:  {0x110B, 0x1175, 0x11BA},
	0xC788:  {0x110B, 0x1175, 0x11BB},
	0xC789:  {0x110B, 0x1175, 0x11BC},
	0xC78A:  {0x110B, 0x1175, 0x11BD},
	0xC78B:  {0x110B, 0x1175, 0x11BE},
	0xC78C:  {0x110B, 0x1175, 0x11BF},
	0xC78D:  {0x110B, 0x1175, 0x11C0},
	0xC78E:  {0x110B, 0x1175, 0x11C1},
	0xC78F:  {0x110B, 0x1175, 0x11C2},
	0xC790:  {0x110C, 0x1161},
	0xC791:  {0x110C, 0x1161, 0x11A8},
	0xC792:  {0x110C, 0x1161, 0x11A9},
	0xC793:  {0x110C, 0x1161, 0x11AA},
	0xC794:  {0x110C, 0x1161, 0x11AB},
	0xC795:  {0x110C, 0x1161, 0x11AC},
	0xC796:  {0x110C, 0x1161, 0x11AD},
	0xC797:  {0x110C, 0x1161, 0x11AE},
	0xC798:  {0x110C, 0x1161, 0x11AF},
	0xC799:  {0x110C, 0x1161, 0x11B0},
	0xC79A:  {0x110C, 0x1161, 0x11B1},
	0xC79B:  {0x110C, 0x1161, 0x11B2},
	0xC79C:  {0x110C, 0x1161, 0x11B3},
	0xC79D:  {0x110C, 0x1161, 0x11B4},
	0xC79E:  {0x110C, 0x1161, 0x11B5},
	0xC79F:  {0x110C, 0x1161, 0x11B6},
	0xC7A0:  {0x110C, 0x1161, 0x11B7},
	0xC7A1:  {0x110C, 0x1161, 0x11B8},
	0xC7A2:  {0x110C, 0x1161, 0x11B9},
	0xC7A3:  {0x110C, 0x1161, 0x11BA},
	0xC7A4:  {0x110C, 0x1161, 0x11BB},
	0xC7A5:  {0x110C, 0x1161, 0x11BC},
	0xC7A6:  {0x110C, 0x1161, 0x11BD},
	0xC7A7:  {0x110C, 0x1161, 0x11BE},
	0xC7A8:  {0x110C, 0x1161, 0x11BF},
	0xC7A9:  {0x110C, 0x1161, 0x11C0},
	0xC7AA:  {0x110C, 0x1161, 0x11C1},
	0xC7AB:  {0x110C, 0x1161, 0x11C2},
	0xC7AC:  {0x110C, 0x1162},
	0xC7AD:  {0x110C, 0x1162, 0x11A8},
	0xC7AE:  {0x110C, 0x1162, 0x11A9},
	0xC7AF:  {0x110C, 0x1162, 0x11AA},
	0xC7B0:  {0x110C, 0x1162, 0x11AB},
	0xC7B1:  {0x110C, 0x1162, 0x11AC},
	0xC7B2:  {0x110C, 0x1162, 0x11AD},
	0xC7B3:  {0x110C, 0x1162, 0x11AE},
	0xC7B4:  {0x110C, 0x1162, 0x11AF},
	0xC7B5:  {0x110C, 0x1162, 0x11B0},
	0xC7B6:  {0x110C, 0x1162, 0x11B1},
	0xC7B7:  {0x110C, 0x1162, 0x11B2},
	0xC7B8:  {0x110C, 0x1162, 0x11B3},
	0xC7B9:  {0x110C, 0x1162, 0x11B4},
	0xC7BA:  {0x110C, 0x1162, 0x11B5},
	0xC7BB:  {0x110C, 0x1162, 0x11B6},
	0xC7BC:  {0x110C, 0x1162, 0x11B7},
	0xC7BD:  {0x110C, 0x1162, 0x11B8},
	0xC7BE:  {0x110C, 0x1162, 0x11B9},
	0xC7BF:  {0x110C, 0x1162, 0x11BA},
	0xC7C0:  {0x110C, 0x1162, 0x11BB},
	0xC7C1:  {0x110C, 0x1162, 0x11BC},
	0xC7C2:  {0x110C, 0x1162, 0x11BD},
	0xC7C3:  {0x110C, 0x1162, 0x11BE},
	0xC7C4:  {0x110C, 0x1162, 0x11BF},
	0xC7C5:  {0x110C, 0x1162, 0x11C0},
	0xC7C6:  {0x110C, 0x1162, 0x11C1},
	0xC7C7:  {0x110C, 0x1162, 0x11C2},
	0xC7C8:  {0x110C, 0x1163},
	0xC7C9:  {0x110C, 0x1163, 0x11A8},
	0xC7CA:  {0x110C, 0x1163, 0x11A9},
	0xC7CB:  {0x110C, 0x1163, 0x11AA},
	0xC7CC:  {0x110C, 0x1163, 0x11AB},
	0xC7CD:  {0x110C, 0x1163, 0x11AC},
	0xC7CE:  {0x110C, 0x1163, 0x11AD},
	0xC7CF:  {0x110C, 0x1163, 0x11AE},
	0xC7D0:  {0x110C, 0x1163, 0x11AF},
	0xC7D1:  {0x110C, 0x1163, 0x11B0},
	0xC7D2:  {0x110C, 0x1163, 0x11B1},
	0xC7D3:  {0x110C, 0x1163, 0x11B2},
	0xC7D4:  {0x110C, 0x1163, 0x11B3},
	0xC7D5:  {0x110C, 0x1163, 0x11B4},
	0xC7D6:  {0x110C, 0x1163, 0x11B5},
	0xC7D7:  {0x110C, 0x1163, 0x11B6},
	0xC7D8:  {0x110C, 0x1163, 0x11B7},
	0xC7D9:  {0x110C, 0x1163, 0x11B8},
	0xC7DA:  {0x110C, 0x1163, 0x11B9},
	0xC7DB:  {0x110C, 0x1163, 0x11BA},
	0xC7DC:  {0x110C, 0x1163, 0x11BB},
	0xC7DD:  {0x110C, 0x1163, 0x11BC},
	0xC7DE:  {0x110C, 0x1163, 0x11BD},
	0xC7DF:  {0x110C, 0x1163, 0x11BE},
	0xC7E0:  {0x110C, 0x1163, 0x11BF},
	0xC7E1:  {0x110C, 0x1163, 0x11C0},
	0xC7E2:  {0x110C, 0x1163, 0x11C1},
	0xC7E3:  {0x110C, 0x1163, 0x11C2},
	0xC7E4:  {0x110C, 0x1164},
	0xC7E5:  {0x110C, 0x1164, 0x11A8},
	0xC7E6:  {0x110C, 0x1164, 0x11A9},
	0xC7E7:  {0x110C, 0x1164, 0x11AA},
	0xC7E8:  {0x110C, 0x1164, 0x11AB},
	0xC7E9:  {0x110C, 0x1164, 0x11AC},
	0xC7EA:  {0x110C, 0x1164, 0x11AD},
	0xC7EB:  {0x110C, 0x1164, 0x11AE},
	0xC7EC:  {0x110C, 0x1164, 0x11AF},
	0xC7ED:  {0x110C, 0x1164, 0x11B0},
	0xC7EE:  {0x110C, 0x1164, 0x11B1},
	0xC7EF:  {0x110C, 0x1164, 0x11B2},
	0xC7F0:  {0x110C, 0x1164, 0x11B3},
	0xC7F1:  {0x110C, 0x1164, 0x11B4},
	0xC7F2:  {0x110C, 0x1164, 0x11B5},
	0xC7F3:  {0x110C, 0x1164, 0x11B6},
	0xC7F4:  {0x110C, 0x1164, 0x11B7},
	0xC7F5:  {0x110C, 0x1164, 0x11B8},
	0xC7F6:  {0x110C, 0x1164, 0x11B9},
	0xC7F7:  {0x110C, 0x1164, 0x11BA},
	0xC7F8:  {0x110C, 0x1164, 0x11BB},
	0xC7F9:  {0x110C, 0x1164, 0x11BC},
	0xC7FA:  {0x110C, 0x1164, 0x11BD},
	0xC7FB:  {0x110C, 0x1164, 0x11BE},
	0xC7FC:  {0x110C, 0x1164, 0x11BF},
	0xC7FD:  {0x110C, 0x1164, 0x11C0},
	0xC7FE:  {0x110C, 0x1164, 0x11C1},
	0xC7FF:  {0x110C, 0x1164, 0x11C2},
	0xC800:  {0x110C, 0x1165},
	0xC801:  {0x110C, 0x1165, 0x11A8},
	0xC802:  {0x110C, 0x1165, 0x11A9},
	0xC803:  {0x110C, 0x1165, 0x11AA},
	0xC804:  {0x110C, 0x1165, 0x11AB},
	0xC805:  {0x110C, 0x1165, 0x11AC},
	0xC806:  {0x110C, 0x1165, 0x11AD},
	0xC807:  {0x110C, 0x1165, 0x11AE},
	0xC808:  {0x110C, 0x1165, 0x11AF},
	0xC809:  {0x110C, 0x1165, 0x11B0},
	0xC80A:  {0x110C, 0x1165, 0x11B1},
	0xC80B:  {0x110C, 0x1165, 0x11B2},
	0xC80C:  {0x110C, 0x1165, 0x11B3},
	0xC80D:  {0x110C, 0x1165, 0x11B4},
	0xC80E:  {0x110C, 0x1165, 0x11B5},
	0xC80F:  {0x110C, 0x1165, 0x11B6},
	0xC810:  {0x110C, 0x1165, 0x11B7},
	0xC811:  {0x110C, 0x1165, 0x11B8},
	0xC812:  {0x110C, 0x1165, 0x11B9},
	0xC813:  {0x110C, 0x1165, 0x11BA},
	0xC814:  {0x110C, 0x1165, 0x11BB},
	0xC815:  {0x110C, 0x1165, 0x11BC},
	0xC816:  {0x110C, 0x1165, 0x11BD},
	0xC817:  {0x110C, 0x1165, 0x11BE},
	0xC818:  {0x110C, 0x1165, 0x11BF},
	0xC819:  {0x110C, 0x1165, 0x11C0},
	0xC81A:  {0x110C, 0x1165, 0x11C1},
	0xC81B:  {0x110C, 0x1165, 0x11C2},
	0xC81C:  {0x110C, 0x1166},
	0xC81D:  {0x110C, 0x1166, 0x11A8},
	0xC81E:  {0x110C, 0x1166, 0x11A9},
	0xC81F:  {0x110C, 0x1166, 0x11AA},
	0xC820:  {0x110C, 0x1166, 0x11AB},
	0xC821:  {0x110C, 0x1166, 0x11AC},
	0xC822:  {0x110C, 0x1166, 0x11AD},
	0xC823:  {0x110C, 0x1166, 0x11AE},
	0xC824:  {0x110C, 0x1166, 0x11AF},
	0xC825:  {0x110C, 0x1166, 0x11B0},
	0xC826:  {0x110C, 0x1166, 0x11B1},
	0xC827:  {0x110C, 0x1166, 0x11B2},
	0xC828:  {0x110C, 0x1166, 0x11B3},
	0xC829:  {0x110C, 0x1166, 0x11B4},
	0xC82A:  {0x110C, 0x1166, 0x11B5},
	0xC82B:  {0x110C, 0x1166, 0x11B6},
	0xC82C:  {0x110C, 0x1166, 0x11B7},
	0xC82D:  {0x110C, 0x1166, 0x11B8},
	0xC82E:  {0x110C, 0x1166, 0x11B9},
	0xC82F:  {0x110C, 0x1166, 0x11BA},
	0xC830:  {0x110C, 0x1166, 0x11BB},
	0xC831:  {0x110C, 0x1166, 0x11BC},
	0xC832:  {0x110C, 0x1166, 0x11BD},
	0xC833:  {0x110C, 0x1166, 0x11BE},
	0xC834:  {0x110C, 0x1166, 0x11BF},
	0xC835:  {0x110C, 0x1166, 0x11C0},
	0xC836:  {0x110C, 0x1166, 0x11C1},
	0xC837:  {0x110C, 0x1166, 0x11C2},
	0xC838:  {0x110C, 0x1167},
	0xC839:  {0x110C, 0x1167, 0x11A8},
	0xC83A:  {0x110C, 0x1167, 0x11A9},
	0xC83B:  {0x110C, 0x1167, 0x11AA},
	0xC83C:  {0x110C, 0x1167, 0x11AB},
	0xC83D:  {0x110C, 0x1167, 0x11AC},
	0xC83E:  {0x110C, 0x1167, 0x11AD},
	0xC83F:  {0x110C, 0x1167, 0x11AE},
	0xC840:  {0x110C, 0x1167, 0x11AF},
	0xC841:  {0x110C, 0x1167, 0x11B0},
	0xC842:  {0x110C, 0x1167, 0x11B1},
	0xC843:  {0x110C, 0x1167, 0x11B2},
	0xC844:  {0x110C, 0x1167, 0x11B3},
	0xC845:  {0x110C, 0x1167, 0x11B4},
	0xC846:  {0x110C, 0x1167, 0x11B5},
	0xC847:  {0x110C, 0x1167, 0x11B6},
	0xC848:  {0x110C, 0x1167, 0x11B7},
	0xC849:  {0x110C, 0x1167, 0x11B8},
	0xC84A:  {0x110C, 0x1167, 0x11B9},
	0xC84B:  {0x110C, 0x1167, 0x11BA},
	0xC84C:  {0x110C, 0x1167, 0x11BB},
	0xC84D:  {0x110C, 0x1167, 0x11BC},
	0xC84E:  {0x110C, 0x1167, 0x11BD},
	0xC84F:  {0x110C, 0x1167, 0x11BE},
	0xC850:  {0x110C, 0x1167, 0x11BF},
	0xC851:  {0x110C, 0x1167, 0x11C0},
	0xC852:  {0x110C, 0x1167, 0x11C1},
	0xC853:  {0x110C, 0x1167, 0x11C2},
	0xC854:  {0x110C, 0x1168},
	0xC855:  {0x110C, 0x1168, 0x11A8},
	0xC856:  {0x110C, 0x1168, 0x11A9},
	0xC857:  {0x110C, 0x1168, 0x11AA},
	0xC858:  {0x110C, 0x1168, 0x11AB},
	0xC859:  {0x110C, 0x1168, 0x11AC},
	0xC85A:  {0x110C, 0x1168, 0x11AD},
	0xC85B:  {0x110C, 0x1168, 0x11AE},
	0xC85C:  {0x110C, 0x1168, 0x11AF},
	0xC85D:  {0x110C, 0x1168, 0x11B0},
	0xC85E:  {0x110C, 0x1168, 0x11B1},
	0xC85F:  {0x110C, 0x1168, 0x11B2},
	0xC860:  {0x110C, 0x1168, 0x11B3},
	0xC861:  {0x110C, 0x1168, 0x11B4},
	0xC862:  {0x110C, 0x1168, 0x11B5},
	0xC863:  {0x110C, 0x1168, 0x11B6},
	0xC864:  {0x110C, 0x1168, 0x11B7},
	0xC865:  {0x110C, 0x1168, 0x11B8},
	0xC866:  {0x110C, 0x1168, 0x11B9},
	0xC867:  {0x110C, 0x1168, 0x11BA},
	0xC868:  {0x110C, 0x1168, 0x11BB},
	0xC869:  {0x110C, 0x1168, 0x11BC},
	0xC86A:  {0x110C, 0x1168, 0x11BD},
	0xC86B:  {0x110C, 0x1168, 0x11BE},
	0xC86C:  {0x110C, 0x1168, 0x11BF},
	0xC86D:  {0x110C, 0x1168, 0x11C0},
	0xC86E:  {0x110C, 0x1168, 0x11C1},
	0xC86F:  {0x110C, 0x1168, 0x11C2},
	0xC870:  {0x110C, 0x1169},
	0xC871:  {0x110C, 0x1169, 0x11A8},
	0xC872:  {0x110C, 0x1169, 0x11A9},
	0xC873:  {0x110C, 0x1169, 0x11AA},
	0xC874:  {0x110C, 0x1169, 0x11AB},
	0xC875:  {0x110C, 0x1169, 0x11AC},
	0xC876:  {0x110C, 0x1169, 0x11AD},
	0xC877:  {0x110C, 0x1169, 0x11AE},
	0xC878:  {0x110C, 0x1169, 0x11AF},
	0xC879:  {0x110C, 0x1169, 0x11B0},
	0xC87A:  {0x110C, 0x1169, 0x11B1},
	0xC87B:  {0x110C, 0x1169, 0x11B2},
	0xC87C:  {0x110C, 0x1169, 0x11B3},
	0xC87D:  {0x110C, 0x1169, 0x11B4},
	0xC87E:  {0x110C, 0x1169, 0x11B5},
	0xC87F:  {0x110C, 0x1169, 0x11B6},
	0xC880:  {0x110C, 0x1169, 0x11B7},
	0xC881:  {0x110C, 0x1169, 0x11B8},
	0xC882:  {0x110C, 0x1169, 0x11B9},
	0xC883:  {0x110C, 0x1169, 0x11BA},
	0xC884:  {0x110C, 0x1169, 0x11BB},
	0xC885:  {0x110C, 0x1169, 0x11BC},
	0xC886:  {0x110C, 0x1169, 0x11BD},
	0xC887:  {0x110C, 0x1169, 0x11BE},
	0xC888:  {0x110C, 0x1169, 0x11BF},
	0xC889:  {0x110C, 0x1169, 0x11C0},
	0xC88A:  {0x110C, 0x1169, 0x11C1},
	0xC88B:  {0x110C, 0x1169, 0x11C2},
	0xC88C:  {0x110C, 0x116A},
	0xC88D:  {0x110C, 0x116A, 0x11A8},
	0xC88E:  {0x110C, 0x116A, 0x11A9},
	0xC88F:  {0x110C, 0x116A, 0x11AA},
	0xC890:  {0x110C, 0x116A, 0x11AB},
	0xC891:  {0x110C, 0x116A, 0x11AC},
	0xC892:  {0x110C, 0x116A, 0x11AD},
	0xC893:  {0x110C, 0x116A, 0x11AE},
	0xC894:  {0x110C, 0x116A, 0x11AF},
	0xC895:  {0x110C, 0x116A, 0x11B0},
	0xC896:  {0x110C, 0x116A, 0x11B1},
	0xC897:  {0x110C, 0x116A, 0x11B2},
	0xC898:  {0x110C, 0x116A, 0x11B3},
	0xC899:  {0x110C, 0x116A, 0x11B4},
	0xC89A:  {0x110C, 0x116A, 0x11B5},
	0xC89B:  {0x110C, 0x116A, 0x11B6},
	0xC89C:  {0x110C, 0x116A, 0x11B7},
	0xC89D:  {0x110C, 0x116A, 0x11B8},
	0xC89E:  {0x110C, 0x116A, 0x11B9},
	0xC89F:  {0x110C, 0x116A, 0x11BA},
	0xC8A0:  {0x110C, 0x116A, 0x11BB},
	0xC8A1:  {0x110C, 0x116A, 0x11BC},
	0xC8A2:  {0x110C, 0x116A, 0x11BD},
	0xC8A3:  {0x110C, 0x116A, 0x11BE},
	0xC8A4:  {0x110C, 0x116A, 0x11BF},
	0xC8A5:  {0x110C, 0x116A, 0x11C0},
	0xC8A6:  {0x110C, 0x116A, 0x11C1},
	0xC8A7:  {0x110C, 0x116A, 0x11C2},
	0xC8A8:  {0x110C, 0x116B},
	0xC8A9:  {0x110C, 0x116B, 0x11A8},
	0xC8AA:  {0x110C, 0x116B, 0x11A9},
	0xC8AB:  {0x110C, 0x116B, 0x11AA},
	0xC8AC:  {0x110C, 0x116B, 0x11AB},
	0xC8AD:  {0x110C, 0x116B, 0x11AC},
	0xC8AE:  {0x110C, 0x116B, 0x11AD},
	0xC8AF:  {0x110C, 0x116B, 0x11AE},
	0xC8B0:  {0x110C, 0x116B, 0x11AF},
	0xC8B1:  {0x110C, 0x116B, 0x11B0},
	0xC8B2:  {0x110C, 0x116B, 0x11B1},
	0xC8B3:  {0x110C, 0x116B, 0x11B2},
	0xC8B4:  {0x110C, 0x116B, 0x11B3},
	0xC8B5:  {0x110C, 0x116B, 0x11B4},
	0xC8B6:  {0x110C, 0x116B, 0x11B5},
	0xC8B7:  {0x110C, 0x116B, 0x11B6},
	0xC8B8:  {0x110C, 0x116B, 0x11B7},
	0xC8B9:  {0x110C, 0x116B, 0x11B8},
	0xC8BA:  {0x110C, 0x116B, 0x11B9},
	0xC8BB:  {0x110C, 0x116B, 0x11BA},
	0xC8BC:  {0x110C, 0x116B, 0x11BB},
	0xC8BD:  {0x110C, 0x116B, 0x11BC},
	0xC8BE:  {0x110C, 0x116B, 0x11BD},
	0xC8BF:  {0x110C, 0x116B, 0x11BE},
	0xC8C0:  {0x110C, 0x116B, 0x11BF},
	0xC8C1:  {0x110C, 0x116B, 0x11C0},
	0xC8C2:  {0x110C, 0x116B, 0x11C1},
	0xC8C3:  {0x110C, 0x116B, 0x11C2},
	0xC8C4:  {0x110C, 0x116C},
	0xC8C5:  {0x110C, 0x116C, 0x11A8},
	0xC8C6:  {0x110C, 0x116C, 0x11A9},
	0xC8C7:  {0x110C, 0x116C, 0x11AA},
	0xC8C8:  {0x110C, 0x116C, 0x11AB},
	0xC8C9:  {0x110C, 0x116C, 0x11AC},
	0xC8CA:  {0x110C, 0x116C, 0x11AD},
	0xC8CB:  {0x110C, 0x116C, 0x11AE},
	0xC8CC:  {0x110C, 0x116C, 0x11AF},
	0xC8CD:  {0x110C, 0x116C, 0x11B0},
	0xC8CE:  {0x110C, 0x116C, 0x11B1},
	0xC8CF:  {0x110C, 0x116C, 0x11B2},
	0xC8D0:  {0x110C, 0x116C, 0x11B3},
	0xC8D1:  {0x110C, 0x116C, 0x11B4},
	0xC8D2:  {0x110C, 0x116C, 0x11B5},
	0xC8D3:  {0x110C, 0x116C, 0x11B6},
	0xC8D4:  {0x110C, 0x116C, 0x11B7},
	0xC8D5:  {0x110C, 0x116C, 0x11B8},
	0xC8D6:  {0x110C, 0x116C, 0x11B9},
	0xC8D7:  {0x110C, 0x116C, 0x11BA},
	0xC8D8:  {0x110C, 0x116C, 0x11BB},
	0xC8D9:  {0x110C, 0x116C, 0x11BC},
	0xC8DA:  {0x110C, 0x116C, 0x11BD},
	0xC8DB:  {0x110C, 0x116C, 0x11BE},
	0xC8DC:  {0x110C, 0x116C, 0x11BF},
	0xC8DD:  {0x110C, 0x116C, 0x11C0},
	0xC8DE:  {0x110C, 0x116C, 0x11C1},
	0xC8DF:  {0x110C, 0x116C, 0x11C2},
	0xC8E0:  {0x110C, 0x116D},
	0xC8E1:  {0x110C, 0x116D, 0x11A8},
	0xC8E2:  {0x110C, 0x116D, 0x11A9},
	0xC8E3:  {0x110C, 0x116D, 0x11AA},
	0xC8E4:  {0x110C, 0x116D, 0x11AB},
	0xC8E5:  {0x110C, 0x116D, 0x11AC},
	0xC8E6:  {0x110C, 0x116D, 0x11AD},
	0xC8E7:  {0x110C, 0x116D, 0x11AE},
	0xC8E8:  {0x110C, 0x116D, 0x11AF},
	0xC8E9:  {0x110C, 0x116D, 0x11B0},
	0xC8EA:  {0x110C, 0x116D, 0x11B1},
	0xC8EB:  {0x110C, 0x116D, 0x11B2},
	0xC8EC:  {0x110C, 0x116D, 0x11B3},
	0xC8ED:  {0x110C, 0x116D, 0x11B4},
	0xC8EE:  {0x110C, 0x116D, 0x11B5},
	0xC8EF:  {0x110C, 0x116D, 0x11B6},
	0xC8F0:  {0x110C, 0x116D, 0x11B7},
	0xC8F1:  {0x110C, 0x116D, 0x11B8},
	0xC8F2:  {0x110C, 0x116D, 0x11B9},
	0xC8F3:  {0x110C, 0x116D, 0x11BA},
	0xC8F4:  {0x110C, 0x116D, 0x11BB},
	0xC8F5:  {0x110C, 0x116D, 0x11BC},
	0xC8F6:  {0x110C, 0x116D, 0x11BD},
	0xC8F7:  {0x110C, 0x116D, 0x11BE},
	0xC8F8:  {0x110C, 0x116D, 0x11BF},
	0xC8F9:  {0x110C, 0x116D, 0x11C0},
	0xC8FA:  {0x110C, 0x116D, 0x11C1},
	0xC8FB:  {0x110C, 0x116D, 0x11C2},
	0xC8FC:  {0x110C, 0x116E},
	0xC8FD:  {0x110C, 0x116E, 0x11A8},
	0xC8FE:  {0x110C, 0x116E, 0x11A9},
	0xC8FF:  {0x110C, 0x116E, 0x11AA},
	0xC900:  {0x110C, 0x116E, 0x11AB},
	0xC901:  {0x110C, 0x116E, 0x11AC},
	0xC902:  {0x110C, 0x116E, 0x11AD},
	0xC903:  {0x110C, 0x116E, 0x11AE},
	0xC904:  {0x110C, 0x116E, 0x11AF},
	0xC905:  {0x110C, 0x116E, 0x11B0},
	0xC906:  {0x110C, 0x116E, 0x11B1},
	0xC907:  {0x110C, 0x116E, 0x11B2},
	0xC908:  {0x110C, 0x116E, 0x11B3},
	0xC909:  {0x110C, 0x116E, 0x11B4},
	0xC90A:  {0x110C, 0x116E, 0x11B5},
	0xC90B:  {0x110C, 0x116E, 0x11B6},
	0xC90C:  {0x110C, 0x116E, 0x11B7},
	0xC90D:  {0x110C, 0x116E, 0x11B8},
	0xC90E:  {0x110C, 0x116E, 0x11B9},
	0xC90F:  {0x110C, 0x116E, 0x11BA},
	0xC910:  {0x110C, 0x116E, 0x11BB},
	0xC911:  {0x110C, 0x116E, 0x11BC},
	0xC912:  {0x110C, 0x116E, 0x11BD},
	0xC913:  {0x110C, 0x116E, 0x11BE},
	0xC914:  {0x110C, 0x116E, 0x11BF},
	0xC915:  {0x110C, 0x116E, 0x11C0},
	0xC916:  {0x110C, 0x116E, 0x11C1},
	0xC917:  {0x110C, 0x116E, 0x11C2},
	0xC918:  {0x110C, 0x116F},
	0xC919:  {0x110C, 0x116F, 0x11A8},
	0xC91A:  {0x110C, 0x116F, 0x11A9},
	0xC91B:  {0x110C, 0x116F, 0x11AA},
	0xC91C:  {0x110C, 0x116F, 0x11AB},
	0xC91D:  {0x110C, 0x116F, 0x11AC},
	0xC91E:  {0x110C, 0x116F, 0x11AD},
	0xC91F:  {0x110C, 0x116F, 0x11AE},
	0xC920:  {0x110C, 0x116F, 0x11AF},
	0xC921:  {0x110C, 0x116F, 0x11B0},
	0xC922:  {0x110C, 0x116F, 0x11B1},
	0xC923:  {0x110C, 0x116F, 0x11B2},
	0xC924:  {0x110C, 0x116F, 0x11B3},
	0xC925:  {0x110C, 0x116F, 0x11B4},
	0xC926:  {0x110C, 0x116F, 0x11B5},
	0xC927:  {0x110C, 0x116F, 0x11B6},
	0xC928:  {0x110C, 0x116F, 0x11B7},
	0xC929:  {0x110C, 0x116F, 0x11B8},
	0xC92A:  {0x110C, 0x116F, 0x11B9},
	0xC92B:  {0x110C, 0x116F, 0x11BA},
	0xC92C:  {0x110C, 0x116F, 0x11BB},
	0xC92D:  {0x110C, 0x116F, 0x11BC},
	0xC92E:  {0x110C, 0x116F, 0x11BD},
	0xC92F:  {0x110C, 0x116F, 0x11BE},
	0xC930:  {0x110C, 0x116F, 0x11BF},
	0xC931:  {0x110C, 0x116F, 0x11C0},
	0xC932:  {0x110C, 0x116F, 0x11C1},
	0xC933:  {0x110C, 0x116F, 0x11C2},
	0xC934:  {0x110C, 0x1170},
	0xC935:  {0x110C, 0x1170, 0x11A8},
	0xC936:  {0x110C, 0x1170, 0x11A9},
	0xC937:  {0x110C, 0x1170, 0x11AA},
	0xC938:  {0x110C, 0x1170, 0x11AB},
	0xC939:  {0x110C, 0x1170, 0x11AC},
	0xC93A:  {0x110C, 0x1170, 0x11AD},
	0xC93B:  {0x110C, 0x1170, 0x11AE},
	0xC93C:  {0x110C, 0x1170, 0x11AF},
	0xC93D:  {0x110C, 0x1170, 0x11B0},
	0xC93E:  {0x110C, 0x1170, 0x11B1},
	0xC93F:  {0x110C, 0x1170, 0x11B2},
	0xC940:  {0x110C, 0x1170, 0x11B3},
	0xC941:  {0x110C, 0x1170, 0x11B4},
	0xC942:  {0x110C, 0x1170, 0x11B5},
	0xC943:  {0x110C, 0x1170, 0x11B6},
	0xC944:  {0x110C, 0x1170, 0x11B7},
	0xC945:  {0x110C, 0x1170, 0x11B8},
	0xC946:  {0x110C, 0x1170, 0x11B9},
	0xC947:  {0x110C, 0x1170, 0x11BA},
	0xC948:  {0x110C, 0x1170, 0x11BB},
	0xC949:  {0x110C, 0x1170, 0x11BC},
	0xC94A:  {0x110C, 0x1170, 0x11BD},
	0xC94B:  {0x110C, 0x1170, 0x11BE},
	0xC94C:  {0x110C, 0x1170, 0x11BF},
	0xC94D:  {0x110C, 0x1170, 0x11C0},
	0xC94E:  {0x110C, 0x1170, 0x11C1},
	0xC94F:  {0x110C, 0x1170, 0x11C2},
	0xC950:  {0x110C, 0x1171},
	0xC951:  {0x110C, 0x1171, 0x11A8},
	0xC952:  {0x110C, 0x1171, 0x11A9},
	0xC953:  {0x110C, 0x1171, 0x11AA},
	0xC954:  {0x110C, 0x1171, 0x11AB},
	0xC955:  {0x110C, 0x1171, 0x11AC},
	0xC956:  {0x110C, 0x1171, 0x11AD},
	0xC957:  {0x110C, 0x1171, 0x11AE},
	0xC958:  {0x110C, 0x1171, 0x11AF},
	0xC959:  {0x110C, 0x1171, 0x11B0},
	0xC95A:  {0x110C, 0x1171, 0x11B1},
	0xC95B:  {0x110C, 0x1171, 0x11B2},
	0xC95C:  {0x110C, 0x1171, 0x11B3},
	0xC95D:  {0x110C, 0x1171, 0x11B4},
	0xC95E:  {0x110C, 0x1171, 0x11B5},
	0xC95F:  {0x110C, 0x1171, 0x11B6},
	0xC960:  {0x110C, 0x1171, 0x11B7},
	0xC961:  {0x110C, 0x1171, 0x11B8},
	0xC962:  {0x110C, 0x1171, 0x11B9},
	0xC963:  {0x110C, 0x1171, 0x11BA},
	0xC964:  {0x110C, 0x1171, 0x11BB},
	0xC965:  {0x110C, 0x1171, 0x11BC},
	0xC966:  {0x110C, 0x1171, 0x11BD},
	0xC967:  {0x110C, 0x1171, 0x11BE},
	0xC968:  {0x110C, 0x1171, 0x11BF},
	0xC969:  {0x110C, 0x1171, 0x11C0},
	0xC96A:  {0x110C, 0x1171, 0x11C1},
	0xC96B:  {0x110C, 0x1171, 0x11C2},
	0xC96C:  {0x110C, 0x1172},
	0xC96D:  {0x110C, 0x1172, 0x11A8},
	0xC96E:  {0x110C, 0x1172, 0x11A9},
	0xC96F:  {0x110C, 0x1172, 0x11AA},
	0xC970:  {0x110C, 0x1172, 0x11AB},
	0xC971:  {0x110C, 0x1172, 0x11AC},
	0xC972:  {0x110C, 0x1172, 0x11AD},
	0xC973:  {0x110C, 0x1172, 0x11AE},
	0xC974:  {0x110C, 0x1172, 0x11AF},
	0xC975:  {0x110C, 0x1172, 0x11B0},
	0xC976:  {0x110C, 0x1172, 0x11B1},
	0xC977:  {0x110C, 0x1172, 0x11B2},
	0xC978:  {0x110C, 0x1172, 0x11B3},
	0xC979:  {0x110C, 0x1172, 0x11B4},
	0xC97A:  {0x110C, 0x1172, 0x11B5},
	0xC97B:  {0x110C, 0x1172, 0x11B6},
	0xC97C:  {0x110C, 0x1172, 0x11B7},
	0xC97D:  {0x110C, 0x1172, 0x11B8},
	0xC97E:  {0x110C, 0x1172, 0x11B9},
	0xC97F:  {0x110C, 0x1172, 0x11BA},
	0xC980:  {0x110C, 0x1172, 0x11BB},
	0xC981:  {0x110C, 0x1172, 0x11BC},
	0xC982:  {0x110C, 0x1172, 0x11BD},
	0xC983:  {0x110C, 0x1172, 0x11BE},
	0xC984:  {0x110C, 0x1172, 0x11BF},
	0xC985:  {0x110C, 0x1172, 0x11C0},
	0xC986:  {0x110C, 0x1172, 0x11C1},
	0xC987:  {0x110C, 0x1172, 0x11C2},
	0xC988:  {0x110C, 0x1173},
	0xC989:  {0x110C, 0x1173, 0x11A8},
	0xC98A:  {0x110C, 0x1173, 0x11A9},
	0xC98B:  {0x110C, 0x1173, 0x11AA},
	0xC98C:  {0x110C, 0x1173, 0x11AB},
	0xC98D:  {0x110C, 0x1173, 0x11AC},
	0xC98E:  {0x110C, 0x1173, 0x11AD},
	0xC98F:  {0x110C, 0x1173, 0x11AE},
	0xC990:  {0x110C, 0x1173, 0x11AF},
	0xC991:  {0x110C, 0x1173, 0x11B0},
	0xC992:  {0x110C, 0x1173, 0x11B1},
	0xC993:  {0x110C, 0x1173, 0x11B2},
	0xC994:  {0x110C, 0x1173, 0x11B3},
	0xC995:  {0x110C, 0x1173, 0x11B4},
	0xC996:  {0x110C, 0x1173, 0x11B5},
	0xC997:  {0x110C, 0x1173, 0x11B6},
	0xC998:  {0x110C, 0x1173, 0x11B7},
	0xC999:  {0x110C, 0x1173, 0x11B8},
	0xC99A:  {0x110C, 0x1173, 0x11B9},
	0xC99B:  {0x110C, 0x1173, 0x11BA},
	0xC99C:  {0x110C, 0x1173, 0x11BB},
	0xC99D:  {0x110C, 0x1173, 0x11BC},
	0xC99E:  {0x110C, 0x1173, 0x11BD},
	0xC99F:  {0x110C, 0x1173, 0x11BE},
	0xC9A0:  {0x110C, 0x1173, 0x11BF},
	0xC9A1:  {0x110C, 0x1173, 0x11C0},
	0xC9A2:  {0x110C, 0x1173, 0x11C1},
	0xC9A3:  {0x110C, 0x1173, 0x11C2},
	0xC9A4:  {0x110C, 0x1174},
	0xC9A5:  {0x110C, 0x1174, 0x11A8},
	0xC9A6:  {0x110C, 0x1174, 0x11A9},
	0xC9A7:  {0x110C, 0x1174, 0x11AA},
	0xC9A8:  {0x110C, 0x1174, 0x11AB},
	0xC9A9:  {0x110C, 0x1174, 0x11AC},
	0xC9AA:  {0x110C, 0x1174, 0x11AD},
	0xC9AB:  {0x110C, 0x1174, 0x11AE},
	0xC9AC:  {0x110C, 0x1174, 0x11AF},
	0xC9AD:  {0x110C, 0x1174, 0x11B0},
	0xC9AE:  {0x110C, 0x1174, 0x11B1},
	0xC9AF:  {0x110C, 0x1174, 0x11B2},
	0xC9B0:  {0x110C, 0x1174, 0x11B3},
	0xC9B1:  {0x110C, 0x1174, 0x11B4},
	0xC9B2:  {0x110C, 0x1174, 0x11B5},
	0xC9B3:  {0x110C, 0x1174, 0x11B6},
	0xC9B4:  {0x110C, 0x1174, 0x11B7},
	0xC9B5:  {0x110C, 0x1174, 0x11B8},
	0xC9B6:  {0x110C, 0x1174, 0x11B9},
	0xC9B7:  {0x110C, 0x1174, 0x11BA},
	0xC9B8:  {0x110C, 0x1174, 0x11BB},
	0xC9B9:  {0x110C, 0x1174, 0x11BC},
	0xC9BA:  {0x110C, 0x1174, 0x11BD},
	0xC9BB:  {0x110C, 0x1174, 0x11BE},
	0xC9BC:  {0x110C, 0x1174, 0x11BF},
	0xC9BD:  {0x110C, 0x1174, 0x11C0},
	0xC9BE:  {0x110C, 0x1174, 0x11C1},
	0xC9BF:  {0x110C, 0x1174, 0x11C2},
	0xC9C0:  {0x110C, 0x1175},
	0xC9C1:  {0x110C, 0x1175, 0x11A8},
	0xC9C2:  {0x110C, 0x1175, 0x11A9},
	0xC9C3:  {0x110C, 0x1175, 0x11AA},
	0xC9C4:  {0x110C, 0x1175, 0x11AB},
	0xC9C5:  {0x110C, 0x1175, 0x11AC},
	0xC9C6:  {0x110C, 0x1175, 0x11AD},
	0xC9C7:  {0x110C, 0x1175, 0x11AE},
	0xC9C8:  {0x110C, 0x1175, 0x11AF},
	0xC9C9:  {0x110C, 0x1175, 0x11B0},
	0xC9CA:  {0x110C, 0x1175, 0x11B1},
	0xC9CB:  {0x110C, 0x1175, 0x11B2},
	0xC9CC:  {0x110C, 0x1175, 0x11B3},
	0xC9CD:  {0x110C, 0x1175, 0x11B4},
	0xC9CE:  {0x110C, 0x1175, 0x11B5},
	0xC9CF:  {0x110C, 0x1175, 0x11B6},
	0xC9D0:  {0x110C, 0x1175, 0x11B7},
	0xC9D1:  {0x110C, 0x1175, 0x11B8},
	0xC9D2:  {0x110C, 0x1175, 0x11B9},
	0xC9D3:  {0x110C, 0x1175, 0x11BA},
	0xC9D4:  {0x110C, 0x1175, 0x11BB},
	0xC9D5:  {0x110C, 0x1175, 0x11BC},
	0xC9D6:  {0x110C, 0x1175, 0x11BD},
	0xC9D7:  {0x110C, 0x1175, 0x11BE},
	0xC9D8:  {0x110C, 0x1175, 0x11BF},
	0xC9D9:  {0x110C, 0x1175, 0x11C0},
	0xC9DA:  {0x110C, 0x1175, 0x11C1},
	0xC9DB:  {0x110C, 0x1175, 0x11C2},
	0xC9DC:  {0x110D, 0x1161},
	0xC9DD:  {0x110D, 0x1161, 0x11A8},
	0xC9DE:  {0x110D, 0x1161, 0x11A9},
	0xC9DF:  {0x110D, 0x1161, 0x11AA},
	0xC9E0:  {0x110D, 0x1161, 0x11AB},
	0xC9E1:  {0x110D, 0x1161, 0x11AC},
	0xC9E2:  {0x110D, 0x1161, 0x11AD},
	0xC9E3:  {0x110D, 0x1161, 0x11AE},
	0xC9E4:  {0x110D, 0x1161, 0x11AF},
	0xC9E5:  {0x110D, 0x1161, 0x11B0},
	0xC9E6:  {0x110D, 0x1161, 0x11B1},
	0xC9E7:  {0x110D, 0x1161, 0x11B2},
	0xC9E8:  {0x110D, 0x1161, 0x11B3},
	0xC9E9:  {0x110D, 0x1161, 0x11B4},
	0xC9EA:  {0x110D, 0x1161, 0x11B5},
	0xC9EB:  {0x110D, 0x1161, 0x11B6},
	0xC9EC:  {0x110D, 0x1161, 0x11B7},
	0xC9ED:  {0x110D, 0x1161, 0x11B8},
	0xC9EE:  {0x110D, 0x1161, 0x11B9},
	0xC9EF:  {0x110D, 0x1161, 0x11BA},
	0xC9F0:  {0x110D, 0x1161, 0x11BB},
	0xC9F1:  {0x110D, 0x1161, 0x11BC},
	0xC9F2:  {0x110D, 0x1161, 0x11BD},
	0xC9F3:  {0x110D, 0x1161, 0x11BE},
	0xC9F4:  {0x110D, 0x1161, 0x11BF},
	0xC9F5:  {0x110D, 0x1161, 0x11C0},
	0xC9F6:  {0x110D, 0x1161, 0x11C1},
	0xC9F7:  {0x110D, 0x1161, 0x11C2},
	0xC9F8:  {0x110D, 0x1162},
	0xC9F9:  {0x110D, 0x1162, 0x11A8},
	0xC9FA:  {0x110D, 0x1162, 0x11A9},
	0xC9FB:  {0x110D, 0x1162, 0x11AA},
	0xC9FC:  {0x110D, 0x1162, 0x11AB},
	0xC9FD:  {0x110D, 0x1162, 0x11AC},
	0xC9FE:  {0x110D, 0x1162, 0x11AD},
	0xC9FF:  {0x110D, 0x1162, 0x11AE},
	0xCA00:  {0x110D, 0x1162, 0x11AF},
	0xCA01:  {0x110D, 0x1162, 0x11B0},
	0xCA02:  {0x110D, 0x1162, 0x11B1},
	0xCA03:  {0x110D, 0x1162, 0x11B2},
	0xCA04:  {0x110D, 0x1162, 0x11B3},
	0xCA05:  {0x110D, 0x1162, 0x11B4},
	0xCA06:  {0x110D, 0x1162, 0x11B5},
	0xCA07:  {0x110D, 0x1162, 0x11B6},
	0xCA08:  {0x110D, 0x1162, 0x11B7},
	0xCA09:  {0x110D, 0x1162, 0x11B8},
	0xCA0A:  {0x110D, 0x1162, 0x11B9},
	0xCA0B:  {0x110D, 0x1162, 0x11BA},
	0xCA0C:  {0x110D, 0x1162, 0x11BB},
	0xCA0D:  {0x110D, 0x1162, 0x11BC},
	0xCA0E:  {0x110D, 0x1162, 0x11BD},
	0xCA0F:  {0x110D, 0x1162, 0x11BE},
	0xCA10:  {0x110D, 0x1162, 0x11BF},
	0xCA11:  {0x110D, 0x1162, 0x11C0},
	0xCA12:  {0x110D, 0x1162, 0x11C1},
	0xCA13:  {0x110D, 0x1162, 0x11C2},
	0xCA14:  {0x110D, 0x1163},
	0xCA15:  {0x110D, 0x1163, 0x11A8},
	0xCA16:  {0x110D, 0x1163, 0x11A9},
	0xCA17:  {0x110D, 0x1163, 0x11AA},
	0xCA18:  {0x110D, 0x1163, 0x11AB},
	0xCA19:  {0x110D, 0x1163, 0x11AC},
	0xCA1A:  {0x110D, 0x1163, 0x11AD},
	0xCA1B:  {0x110D, 0x1163, 0x11AE},
	0xCA1C:  {0x110D, 0x1163, 0x11AF},
	0xCA1D:  {0x110D, 0x1163, 0x11B0},
	0xCA1E:  {0x110D, 0x1163, 0x11B1},
	0xCA1F:  {0x110D, 0x1163, 0x11B2},
	0xCA20:  {0x110D, 0x1163, 0x11B3},
	0xCA21:  {0x110D, 0x1163, 0x11B4},
	0xCA22:  {0x110D, 0x1163, 0x11B5},
	0xCA23:  {0x110D, 0x1163, 0x11B6},
	0xCA24:  {0x110D, 0x1163, 0x11B7},
	0xCA25:  {0x110D, 0x1163, 0x11B8},
	0xCA26:  {0x110D, 0x1163, 0x11B9},
	0xCA27:  {0x110D, 0x1163, 0x11BA},
	0xCA28:  {0x110D, 0x1163, 0x11BB},
	0xCA29:  {0x110D, 0x1163, 0x11BC},
	0xCA2A:  {0x110D, 0x1163, 0x11BD},
	0xCA2B:  {0x110D, 0x1163, 0x11BE},
	0xCA2C:  {0x110D, 0x1163, 0x11BF},
	0xCA2D:  {0x110D, 0x1163, 0x11C0},
	0xCA2E:  {0x110D, 0x1163, 0x11C1},
	0xCA2F:  {0x110D, 0x1163, 0x11C2},
	0xCA30:  {0x110D, 0x1164},
	0xCA31:  {0x110D, 0x1164, 0x11A8},
	0xCA32:  {0x110D, 0x1164, 0x11A9},
	0xCA33:  {0x110D, 0x1164, 0x11AA},
	0xCA34:  {0x110D, 0x1164, 0x11AB},
	0xCA35:  {0x110D, 0x1164, 0x11AC},
	0xCA36:  {0x110D, 0x1164, 0x11AD},
	0xCA37:  {0x110D, 0x1164, 0x11AE},
	0xCA38:  {0x110D, 0x1164, 0x11AF},
	0xCA39:  {0x110D, 0x1164, 0x11B0},
	0xCA3A:  {0x110D, 0x1164, 0x11B1},
	0xCA3B:  {0x110D, 0x1164, 0x11B2},
	0xCA3C:  {0x110D, 0x1164, 0x11B3},
	0xCA3D:  {0x110D, 0x1164, 0x11B4},
	0xCA3E:  {0x110D, 0x1164, 0x11B5},
	0xCA3F:  {0x110D, 0x1164, 0x11B6},
	0xCA40:  {0x110D, 0x1164, 0x11B7},
	0xCA41:  {0x110D, 0x1164, 0x11B8},
	0xCA42:  {0x110D, 0x1164, 0x11B9},
	0xCA43:  {0x110D, 0x1164, 0x11BA},
	0xCA44:  {0x110D, 0x1164, 0x11BB},
	0xCA45:  {0x110D, 0x1164, 0x11BC},
	0xCA46:  {0x110D, 0x1164, 0x11BD},
	0xCA47:  {0x110D, 0x1164, 0x11BE},
	0xCA48:  {0x110D, 0x1164, 0x11BF},
	0xCA49:  {0x110D, 0x1164, 0x11C0},
	0xCA4A:  {0x110D, 0x1164, 0x11C1},
	0xCA4B:  {0x110D, 0x1164, 0x11C2},
	0xCA4C:  {0x110D, 0x1165},
	0xCA4D:  {0x110D, 0x1165, 0x11A8},
	0xCA4E:  {0x110D, 0x1165, 0x11A9},
	0xCA4F:  {0x110D, 0x1165, 0x11AA},
	0xCA50:  {0x110D, 0x1165, 0x11AB},
	0xCA51:  {0x110D, 0x1165, 0x11AC},
	0xCA52:  {0x110D, 0x1165, 0x11AD},
	0xCA53:  {0x110D, 0x1165, 0x11AE},
	0xCA54:  {0x110D, 0x1165, 0x11AF},
	0xCA55:  {0x110D, 0x1165, 0x11B0},
	0xCA56:  {0x110D, 0x1165, 0x11B1},
	0xCA57:  {0x110D, 0x1165, 0x11B2},
	0xCA58:  {0x110D, 0x1165, 0x11B3},
	0xCA59:  {0x110D, 0x1165, 0x11B4},
	0xCA5A:  {0x110D, 0x1165, 0x11B5},
	0xCA5B:  {0x110D, 0x1165, 0x11B6},
	0xCA5C:  {0x110D, 0x1165, 0x11B7},
	0xCA5D:  {0x110D, 0x1165, 0x11B8},
	0xCA5E:  {0x110D, 0x1165, 0x11B9},
	0xCA5F:  {0x110D, 0x1165, 0x11BA},
	0xCA60:  {0x110D, 0x1165, 0x11BB},
	0xCA61:  {0x110D, 0x1165, 0x11BC},
	0xCA62:  {0x110D, 0x1165, 0x11BD},
	0xCA63:  {0x110D, 0x1165, 0x11BE},
	0xCA64:  {0x110D, 0x1165, 0x11BF},
	0xCA65:  {0x110D, 0x1165, 0x11C0},
	0xCA66:  {0x110D, 0x1165, 0x11C1},
	0xCA67:  {0x110D, 0x1165, 0x11C2},
	0xCA68:  {0x110D, 0x1166},
	0xCA69:  {0x110D, 0x1166, 0x11A8},
	0xCA6A:  {0x110D, 0x1166, 0x11A9},
	0xCA6B:  {0x110D, 0x1166, 0x11AA},
	0xCA6C:  {0x110D, 0x1166, 0x11AB},
	0xCA6D:  {0x110D, 0x1166, 0x11AC},
	0xCA6E:  {0x110D, 0x1166, 0x11AD},
	0xCA6F:  {0x110D, 0x1166, 0x11AE},
	0xCA70:  {0x110D, 0x1166, 0x11AF},
	0xCA71:  {0x110D, 0x1166, 0x11B0},
	0xCA72:  {0x110D, 0x1166, 0x11B1},
	0xCA73:  {0x110D, 0x1166, 0x11B2},
	0xCA74:  {0x110D, 0x1166, 0x11B3},
	0xCA75:  {0x110D, 0x1166, 0x11B4},
	0xCA76:  {0x110D, 0x1166, 0x11B5},
	0xCA77:  {0x110D, 0x1166, 0x11B6},
	0xCA78:  {0x110D, 0x1166, 0x11B7},
	0xCA79:  {0x110D, 0x1166, 0x11B8},
	0xCA7A:  {0x110D, 0x1166, 0x11B9},
	0xCA7B:  {0x110D, 0x1166, 0x11BA},
	0xCA7C:  {0x110D, 0x1166, 0x11BB},
	0xCA7D:  {0x110D, 0x1166, 0x11BC},
	0xCA7E:  {0x110D, 0x1166, 0x11BD},
	0xCA7F:  {0x110D, 0x1166, 0x11BE},
	0xCA80:  {0x110D, 0x1166, 0x11BF},
	0xCA81:  {0x110D, 0x1166, 0x11C0},
	0xCA82:  {0x110D, 0x1166, 0x11C1},
	0xCA83:  {0x110D, 0x1166, 0x11C2},
	0xCA84:  {0x110D, 0x1167},
	0xCA85:  {0x110D, 0x1167, 0x11A8},
	0xCA86:  {0x110D, 0x1167, 0x11A9},
	0xCA87:  {0x110D, 0x1167, 0x11AA},
	0xCA88:  {0x110D, 0x1167, 0x11AB},
	0xCA89:  {0x110D, 0x1167, 0x11AC},
	0xCA8A:  {0x110D, 0x1167, 0x11AD},
	0xCA8B:  {0x110D, 0x1167, 0x11AE},
	0xCA8C:  {0x110D, 0x1167, 0x11AF},
	0xCA8D:  {0x110D, 0x1167, 0x11B0},
	0xCA8E:  {0x110D, 0x1167, 0x11B1},
	0xCA8F:  {0x110D, 0x1167, 0x11B2},
	0xCA90:  {0x110D, 0x1167, 0x11B3},
	0xCA91:  {0x110D, 0x1167, 0x11B4},
	0xCA92:  {0x110D, 0x1167, 0x11B5},
	0xCA93:  {0x110D, 0x1167, 0x11B6},
	0xCA94:  {0x110D, 0x1167, 0x11B7},
	0xCA95:  {0x110D, 0x1167, 0x11B8},
	0xCA96:  {0x110D, 0x1167, 0x11B9},
	0xCA97:  {0x110D, 0x1167, 0x11BA},
	0xCA98:  {0x110D, 0x1167, 0x11BB},
	0xCA99:  {0x110D, 0x1167, 0x11BC},
	0xCA9A:  {0x110D, 0x1167, 0x11BD},
	0xCA9B:  {0x110D, 0x1167, 0x11BE},
	0xCA9C:  {0x110D, 0x1167, 0x11BF},
	0xCA9D:  {0x110D, 0x1167, 0x11C0},
	0xCA9E:  {0x110D, 0x1167, 0x11C1},
	0xCA9F:  {0x110D, 0x1167, 0x11C2},
	0xCAA0:  {0x110D, 0x1168},
	0xCAA1:  {0x110D, 0x1168, 0x11A8},
	0xCAA2:  {0x110D, 0x1168, 0x11A9},
	0xCAA3:  {0x110D, 0x1168, 0x11AA},
	0xCAA4:  {0x110D, 0x1168, 0x11AB},
	0xCAA5:  {0x110D, 0x1168, 0x11AC},
	0xCAA6:  {0x110D, 0x1168, 0x11AD},
	0xCAA7:  {0x110D, 0x1168, 0x11AE},
	0xCAA8:  {0x110D, 0x1168, 0x11AF},
	0xCAA9:  {0x110D, 0x1168, 0x11B0},
	0xCAAA:  {0x110D, 0x1168, 0x11B1},
	0xCAAB:  {0x110D, 0x1168, 0x11B2},
	0xCAAC:  {0x110D, 0x1168, 0x11B3},
	0xCAAD:  {0x110D, 0x1168, 0x11B4},
	0xCAAE:  {0x110D, 0x1168, 0x11B5},
	0xCAAF:  {0x110D, 0x1168, 0x11B6},
	0xCAB0:  {0x110D, 0x1168, 0x11B7},
	0xCAB1:  {0x110D, 0x1168, 0x11B8},
	0xCAB2:  {0x110D, 0x1168, 0x11B9},
	0xCAB3:  {0x110D, 0x1168, 0x11BA},
	0xCAB4:  {0x110D, 0x1168, 0x11BB},
	0xCAB5:  {0x110D, 0x1168, 0x11BC},
	0xCAB6:  {0x110D, 0x1168, 0x11BD},
	0xCAB7:  {0x110D, 0x1168, 0x11BE},
	0xCAB8:  {0x110D, 0x1168, 0x11BF},
	0xCAB9:  {0x110D, 0x1168, 0x11C0},
	0xCABA:  {0x110D, 0x1168, 0x11C1},
	0xCABB:  {0x110D, 0x1168, 0x11C2},
	0xCABC:  {0x110D, 0x1169},
	0xCABD:  {0x110D, 0x1169, 0x11A8},
	0xCABE:  {0x110D, 0x1169, 0x11A9},
	0xCABF:  {0x110D, 0x1169, 0x11AA},
	0xCAC0:  {0x110D, 0x1169, 0x11AB},
	0xCAC1:  {0x110D, 0x1169, 0x11AC},
	0xCAC2:  {0x110D, 0x1169, 0x11AD},
	0xCAC3:  {0x110D, 0x1169, 0x11AE},
	0xCAC4:  {0x110D, 0x1169, 0x11AF},
	0xCAC5:  {0x110D, 0x1169, 0x11B0},
	0xCAC6:  {0x110D, 0x1169, 0x11B1},
	0xCAC7:  {0x110D, 0x1169, 0x11B2},
	0xCAC8:  {0x110D, 0x1169, 0x11B3},
	0xCAC9:  {0x110D, 0x1169, 0x11B4},
	0xCACA:  {0x110D, 0x1169, 0x11B5},
	0xCACB:  {0x110D, 0x1169, 0x11B6},
	0xCACC:  {0x110D, 0x1169, 0x11B7},
	0xCACD:  {0x110D, 0x1169, 0x11B8},
	0xCACE:  {0x110D, 0x1169, 0x11B9},
	0xCACF:  {0x110D, 0x1169, 0x11BA},
	0xCAD0:  {0x110D, 0x1169, 0x11BB},
	0xCAD1:  {0x110D, 0x1169, 0x11BC},
	0xCAD2:  {0x110D, 0x1169, 0x11BD},
	0xCAD3:  {0x110D, 0x1169, 0x11BE},
	0xCAD4:  {0x110D, 0x1169, 0x11BF},
	0xCAD5:  {0x110D, 0x1169, 0x11C0},
	0xCAD6:  {0x110D, 0x1169, 0x11C1},
	0xCAD7:  {0x110D, 0x1169, 0x11C2},
	0xCAD8:  {0x110D, 0x116A},
	0xCAD9:  {0x110D, 0x116A, 0x11A8},
	0xCADA:  {0x110D, 0x116A, 0x11A9},
	0xCADB:  {0x110D, 0x116A, 0x11AA},
	0xCADC:  {0x110D, 0x116A, 0x11AB},
	0xCADD:  {0x110D, 0x116A, 0x11AC},
	0xCADE:  {0x110D, 0x116A, 0x11AD},
	0xCADF:  {0x110D, 0x116A, 0x11AE},
	0xCAE0:  {0x110D, 0x116A, 0x11AF},
	0xCAE1:  {0x110D, 0x116A, 0x11B0},
	0xCAE2:  {0x110D, 0x116A, 0x11B1},
	0xCAE3:  {0x110D, 0x116A, 0x11B2},
	0xCAE4:  {0x110D, 0x116A, 0x11B3},
	0xCAE5:  {0x110D, 0x116A, 0x11B4},
	0xCAE6:  {0x110D, 0x116A, 0x11B5},
	0xCAE7:  {0x110D, 0x116A, 0x11B6},
	0xCAE8:  {0x110D, 0x116A, 0x11B7},
	0xCAE9:  {0x110D, 0x116A, 0x11B8},
	0xCAEA:  {0x110D, 0x116A, 0x11B9},
	0xCAEB:  {0x110D, 0x116A, 0x11BA},
	0xCAEC:  {0x110D, 0x116A, 0x11BB},
	0xCAED:  {0x110D, 0x116A, 0x11BC},
	0xCAEE:  {0x110D, 0x116A, 0x11BD},
	0xCAEF:  {0x110D, 0x116A, 0x11BE},
	0xCAF0:  {0x110D, 0x116A, 0x11BF},
	0xCAF1:  {0x110D, 0x116A, 0x11C0},
	0xCAF2:  {0x110D, 0x116A, 0x11C1},
	0xCAF3:  {0x110D, 0x116A, 0x11C2},
	0xCAF4:  {0x110D, 0x116B},
	0xCAF5:  {0x110D, 0x116B, 0x11A8},
	0xCAF6:  {0x110D, 0x116B, 0x11A9},
	0xCAF7:  {0x110D, 0x116B, 0x11AA},
	0xCAF8:  {0x110D, 0x116B, 0x11AB},
	0xCAF9:  {0x110D, 0x116B, 0x11AC},
	0xCAFA:  {0x110D, 0x116B, 0x11AD},
	0xCAFB:  {0x110D, 0x116B, 0x11AE},
	0xCAFC:  {0x110D, 0x116B, 0x11AF},
	0xCAFD:  {0x110D, 0x116B, 0x11B0},
	0xCAFE:  {0x110D, 0x116B, 0x11B1},
	0xCAFF:  {0x110D, 0x116B, 0x11B2},
	0xCB00:  {0x110D, 0x116B, 0x11B3},
	0xCB01:  {0x110D, 0x116B, 0x11B4},
	0xCB02:  {0x110D, 0x116B, 0x11B5},
	0xCB03:  {0x110D, 0x116B, 0x11B6},
	0xCB04:  {0x110D, 0x116B, 0x11B7},
	0xCB05:  {0x110D, 0x116B, 0x11B8},
	0xCB06:  {0x110D, 0x116B, 0x11B9},
	0xCB07:  {0x110D, 0x116B, 0x11BA},
	0xCB08:  {0x110D, 0x116B, 0x11BB},
	0xCB09:  {0x110D, 0x116B, 0x11BC},
	0xCB0A:  {0x110D, 0x116B, 0x11BD},
	0xCB0B:  {0x110D, 0x116B, 0x11BE},
	0xCB0C:  {0x110D, 0x116B, 0x11BF},
	0xCB0D:  {0x110D, 0x116B, 0x11C0},
	0xCB0E:  {0x110D, 0x116B, 0x11C1},
	0xCB0F:  {0x110D, 0x116B, 0x11C2},
	0xCB10:  {0x110D, 0x116C},
	0xCB11:  {0x110D, 0x116C, 0x11A8},
	0xCB12:  {0x110D, 0x116C, 0x11A9},
	0xCB13:  {0x110D, 0x116C, 0x11AA},
	0xCB14:  {0x110D, 0x116C, 0x11AB},
	0xCB15:  {0x110D, 0x116C, 0x11AC},
	0xCB16:  {0x110D, 0x116C, 0x11AD},
	0xCB17:  {0x110D, 0x116C, 0x11AE},
	0xCB18:  {0x110D, 0x116C, 0x11AF},
	0xCB19:  {0x110D, 0x116C, 0x11B0},
	0xCB1A:  {0x110D, 0x116C, 0x11B1},
	0xCB1B:  {0x110D, 0x116C, 0x11B2},
	0xCB1C:  {0x110D, 0x116C, 0x11B3},
	0xCB1D:  {0x110D, 0x116C, 0x11B4},
	0xCB1E:  {0x110D, 0x116C, 0x11B5},
	0xCB1F:  {0x110D, 0x116C, 0x11B6},
	0xCB20:  {0x110D, 0x116C, 0x11B7},
	0xCB21:  {0x110D, 0x116C, 0x11B8},
	0xCB22:  {0x110D, 0x116C, 0x11B9},
	0xCB23:  {0x110D, 0x116C, 0x11BA},
	0xCB24:  {0x110D, 0x116C, 0x11BB},
	0xCB25:  {0x110D, 0x116C, 0x11BC},
	0xCB26:  {0x110D, 0x116C, 0x11BD},
	0xCB27:  {0x110D, 0x116C, 0x11BE},
	0xCB28:  {0x110D, 0x116C, 0x11BF},
	0xCB29:  {0x110D, 0x116C, 0x11C0},
	0xCB2A:  {0x110D, 0x116C, 0x11C1},
	0xCB2B:  {0x110D, 0x116C, 0x11C2},
	0xCB2C:  {0x110D, 0x116D},
	0xCB2D:  {0x110D, 0x116D, 0x11A8},
	0xCB2E:  {0x110D, 0x116D, 0x11A9},
	0xCB2F:  {0x110D, 0x116D, 0x11AA},
	0xCB30:  {0x110D, 0x116D, 0x11AB},
	0xCB31:  {0x110D, 0x116D, 0x11AC},
	0xCB32:  {0x110D, 0x116D, 0x11AD},
	0xCB33:  {0x110D, 0x116D, 0x11AE},
	0xCB34:  {0x110D, 0x116D, 0x11AF},
	0xCB35:  {0x110D, 0x116D, 0x11B0},
	0xCB36:  {0x110D, 0x116D, 0x11B1},
	0xCB37:  {0x110D, 0x116D, 0x11B2},
	0xCB38:  {0x110D, 0x116D, 0x11B3},
	0xCB39:  {0x110D, 0x116D, 0x11B4},
	0xCB3A:  {0x110D, 0x116D, 0x11B5},
	0xCB3B:  {0x110D, 0x116D, 0x11B6},
	0xCB3C:  {0x110D, 0x116D, 0x11B7},
	0xCB3D:  {0x110D, 0x116D, 0x11B8},
	0xCB3E:  {0x110D, 0x116D, 0x11B9},
	0xCB3F:  {0x110D, 0x116D, 0x11BA},
	0xCB40:  {0x110D, 0x116D, 0x11BB},
	0xCB41:  {0x110D, 0x116D, 0x11BC},
	0xCB42:  {0x110D, 0x116D, 0x11BD},
	0xCB43:  {0x110D, 0x116D, 0x11BE},
	0xCB44:  {0x110D, 0x116D, 0x11BF},
	0xCB45:  {0x110D, 0x116D, 0x11C0},
	0xCB46:  {0x110D, 0x116D, 0x11C1},
	0xCB47:  {0x110D, 0x116D, 0x11C2},
	0xCB48:  {0x110D, 0x116E},
	0xCB49:  {0x110D, 0x116E, 0x11A8},
	0xCB4A:  {0x110D, 0x116E, 0x11A9},
	0xCB4B:  {0x110D, 0x116E, 0x11AA},
	0xCB4C:  {0x110D, 0x116E, 0x11AB},
	0xCB4D:  {0x110D, 0x116E, 0x11AC},
	0xCB4E:  {0x110D, 0x116E, 0x11AD},
	0xCB4F:  {0x110D, 0x116E, 0x11AE},
	0xCB50:  {0x110D, 0x116E, 0x11AF},
	0xCB51:  {0x110D, 0x116E, 0x11B0},
	0xCB52:  {0x110D, 0x116E, 0x11B1},
	0xCB53:  {0x110D, 0x116E, 0x11B2},
	0xCB54:  {0x110D, 0x116E, 0x11B3},
	0xCB55:  {0x110D, 0x116E, 0x11B4},
	0xCB56:  {0x110D, 0x116E, 0x11B5},
	0xCB57:  {0x110D, 0x116E, 0x11B6},
	0xCB58:  {0x110D, 0x116E, 0x11B7},
	0xCB59:  {0x110D, 0x116E, 0x11B8},
	0xCB5A:  {0x110D, 0x116E, 0x11B9},
	0xCB5B:  {0x110D, 0x116E, 0x11BA},
	0xCB5C:  {0x110D, 0x116E, 0x11BB},
	0xCB5D:  {0x110D, 0x116E, 0x11BC},
	0xCB5E:  {0x110D, 0x116E, 0x11BD},
	0xCB5F:  {0x110D, 0x116E, 0x11BE},
	0xCB60:  {0x110D, 0x116E, 0x11BF},
	0xCB61:  {0x110D, 0x116E, 0x11C0},
	0xCB62:  {0x110D, 0x116E, 0x11C1},
	0xCB63:  {0x110D, 0x116E, 0x11C2},
	0xCB64:  {0x110D, 0x116F},
	0xCB65:  {0x110D, 0x116F, 0x11A8},
	0xCB66:  {0x110D, 0x116F, 0x11A9},
	0xCB67:  {0x110D, 0x116F, 0x11AA},
	0xCB68:  {0x110D, 0x116F, 0x11AB},
	0xCB69:  {0x110D, 0x116F, 0x11AC},
	0xCB6A:  {0x110D, 0x116F, 0x11AD},
	0xCB6B:  {0x110D, 0x116F, 0x11AE},
	0xCB6C:  {0x110D, 0x116F, 0x11AF},
	0xCB6D:  {0x110D, 0x116F, 0x11B0},
	0xCB6E:  {0x110D, 0x116F, 0x11B1},
	0xCB6F:  {0x110D, 0x116F, 0x11B2},
	0xCB70:  {0x110D, 0x116F, 0x11B3},
	0xCB71:  {0x110D, 0x116F, 0x11B4},
	0xCB72:  {0x110D, 0x116F, 0x11B5},
	0xCB73:  {0x110D, 0x116F, 0x11B6},
	0xCB74:  {0x110D, 0x116F, 0x11B7},
	0xCB75:  {0x110D, 0x116F, 0x11B8},
	0xCB76:  {0x110D, 0x116F, 0x11B9},
	0xCB77:  {0x110D, 0x116F, 0x11BA},
	0xCB78:  {0x110D, 0x116F, 0x11BB},
	0xCB79:  {0x110D, 0x116F, 0x11BC},
	0xCB7A:  {0x110D, 0x116F, 0x11BD},
	0xCB7B:  {0x110D, 0x116F, 0x11BE},
	0xCB7C:  {0x110D, 0x116F, 0x11BF},
	0xCB7D:  {0x110D, 0x116F, 0x11C0},
	0xCB7E:  {0x110D, 0x116F, 0x11C1},
	0xCB7F:  {0x110D, 0x116F, 0x11C2},
	0xCB80:  {0x110D, 0x1170},
	0xCB81:  {0x110D, 0x1170, 0x11A8},
	0xCB82:  {0x110D, 0x1170, 0x11A9},
	0xCB83:  {0x110D, 0x1170, 0x11AA},
	0xCB84:  {0x110D, 0x1170, 0x11AB},
	0xCB85:  {0x110D, 0x1170, 0x11AC},
	0xCB86:  {0x110D, 0x1170, 0x11AD},
	0xCB87:  {0x110D, 0x1170, 0x11AE},
	0xCB88:  {0x110D, 0x1170, 0x11AF},
	0xCB89:  {0x110D, 0x1170, 0x11B0},
	0xCB8A:  {0x110D, 0x1170, 0x11B1},
	0xCB8B:  {0x110D, 0x1170, 0x11B2},
	0xCB8C:  {0x110D, 0x1170, 0x11B3},
	0xCB8D:  {0x110D, 0x1170, 0x11B4},
	0xCB8E:  {0x110D, 0x1170, 0x11B5},
	0xCB8F:  {0x110D, 0x1170, 0x11B6},
	0xCB90:  {0x110D, 0x1170, 0x11B7},
	0xCB91:  {0x110D, 0x1170, 0x11B8},
	0xCB92:  {0x110D, 0x1170, 0x11B9},
	0xCB93:  {0x110D, 0x1170, 0x11BA},
	0xCB94:  {0x110D, 0x1170, 0x11BB},
	0xCB95:  {0x110D, 0x1170, 0x11BC},
	0xCB96:  {0x110D, 0x1170, 0x11BD},
	0xCB97:  {0x110D, 0x1170, 0x11BE},
	0xCB98:  {0x110D, 0x1170, 0x11BF},
	0xCB99:  {0x110D, 0x1170, 0x11C0},
	0xCB9A:  {0x110D, 0x1170, 0x11C1},
	0xCB9B:  {0x110D, 0x1170, 0x11C2},
	0xCB9C:  {0x110D, 0x1171},
	0xCB9D:  {0x110D, 0x1171, 0x11A8},
	0xCB9E:  {0x110D, 0x1171, 0x11A9},
	0xCB9F:  {0x110D, 0x1171, 0x11AA},
	0xCBA0:  {0x110D, 0x1171, 0x11AB},
	0xCBA1:  {0x110D, 0x1171, 0x11AC},
	0xCBA2:  {0x110D, 0x1171, 0x11AD},
	0xCBA3:  {0x110D, 0x1171, 0x11AE},
	0xCBA4:  {0x110D, 0x1171, 0x11AF},
	0xCBA5:  {0x110D, 0x1171, 0x11B0},
	0xCBA6:  {0x110D, 0x1171, 0x11B1},
	0xCBA7:  {0x110D, 0x1171, 0x11B2},
	0xCBA8:  {0x110D, 0x1171, 0x11B3},
	0xCBA9:  {0x110D, 0x1171, 0x11B4},
	0xCBAA:  {0x110D, 0x1171, 0x11B5},
	0xCBAB:  {0x110D, 0x1171, 0x11B6},
	0xCBAC:  {0x110D, 0x1171, 0x11B7},
	0xCBAD:  {0x110D, 0x1171, 0x11B8},
	0xCBAE:  {0x110D, 0x1171, 0x11B9},
	0xCBAF:  {0x110D, 0x1171, 0x11BA},
	0xCBB0:  {0x110D, 0x1171, 0x11BB},
	0xCBB1:  {0x110D, 0x1171, 0x11BC},
	0xCBB2:  {0x110D, 0x1171, 0x11BD},
	0xCBB3:  {0x110D, 0x1171, 0x11BE},
	0xCBB4:  {0x110D, 0x1171, 0x11BF},
	0xCBB5:  {0x110D, 0x1171, 0x11C0},
	0xCBB6:  {0x110D, 0x1171, 0x11C1},
	0xCBB7:  {0x110D, 0x1171, 0x11C2},
	0xCBB8:  {0x110D, 0x1172},
	0xCBB9:  {0x110D, 0x1172, 0x11A8},
	0xCBBA:  {0x110D, 0x1172, 0x11A9},
	0xCBBB:  {0x110D, 0x1172, 0x11AA},
	0xCBBC:  {0x110D, 0x1172, 0x11AB},
	0xCBBD:  {0x110D, 0x1172, 0x11AC},
	0xCBBE:  {0x110D, 0x1172, 0x11AD},
	0xCBBF:  {0x110D, 0x1172, 0x11AE},
	0xCBC0:  {0x110D, 0x1172, 0x11AF},
	0xCBC1:  {0x110D, 0x1172, 0x11B0},
	0xCBC2:  {0x110D, 0x1172, 0x11B1},
	0xCBC3:  {0x110D, 0x1172, 0x11B2},
	0xCBC4:  {0x110D, 0x1172, 0x11B3},
	0xCBC5:  {0x110D, 0x1172, 0x11B4},
	0xCBC6:  {0x110D, 0x1172, 0x11B5},
	0xCBC7:  {0x110D, 0x1172, 0x11B6},
	0xCBC8:  {0x110D, 0x1172, 0x11B7},
	0xCBC9:  {0x110D, 0x1172, 0x11B8},
	0xCBCA:  {0x110D, 0x1172, 0x11B9},
	0xCBCB:  {0x110D, 0x1172, 0x11BA},
	0xCBCC:  {0x110D, 0x1172, 0x11BB},
	0xCBCD:  {0x110D, 0x1172, 0x11BC},
	0xCBCE:  {0x110D, 0x1172, 0x11BD},
	0xCBCF:  {0x110D, 0x1172, 0x11BE},
	0xCBD0:  {0x110D, 0x1172, 0x11BF},
	0xCBD1:  {0x110D, 0x1172, 0x11C0},
	0xCBD2:  {0x110D, 0x1172, 0x11C1},
	0xCBD3:  {0x110D, 0x1172, 0x11C2},
	0xCBD4:  {0x110D, 0x1173},
	0xCBD5:  {0x110D, 0x1173, 0x11A8},
	0xCBD6:  {0x110D, 0x1173, 0x11A9},
	0xCBD7:  {0x110D, 0x1173, 0x11AA},
	0xCBD8:  {0x110D, 0x1173, 0x11AB},
	0xCBD9:  {0x110D, 0x1173, 0x11AC},
	0xCBDA:  {0x110D, 0x1173, 0x11AD},
	0xCBDB:  {0x110D, 0x1173, 0x11AE},
	0xCBDC:  {0x110D, 0x1173, 0x11AF},
	0xCBDD:  {0x110D, 0x1173, 0x11B0},
	0xCBDE:  {0x110D, 0x1173, 0x11B1},
	0xCBDF:  {0x110D, 0x1173, 0x11B2},
	0xCBE0:  {0x110D, 0x1173, 0x11B3},
	0xCBE1:  {0x110D, 0x1173, 0x11B4},
	0xCBE2:  {0x110D, 0x1173, 0x11B5},
	0xCBE3:  {0x110D, 0x1173, 0x11B6},
	0xCBE4:  {0x110D, 0x1173, 0x11B7},
	0xCBE5:  {0x110D, 0x1173, 0x11B8},
	0xCBE6:  {0x110D, 0x1173, 0x11B9},
	0xCBE7:  {0x110D, 0x1173, 0x11BA},
	0xCBE8:  {0x110D, 0x1173, 0x11BB},
	0xCBE9:  {0x110D, 0x1173, 0x11BC},
	0xCBEA:  {0x110D, 0x1173, 0x11BD},
	0xCBEB:  {0x110D, 0x1173, 0x11BE},
	0xCBEC:  {0x110D, 0x1173, 0x11BF},
	0xCBED:  {0x110D, 0x1173, 0x11C0},
	0xCBEE:  {0x110D, 0x1173, 0x11C1},
	0xCBEF:  {0x110D, 0x1173, 0x11C2},
	0xCBF0:  {0x110D, 0x1174},
	0xCBF1:  {0x110D, 0x1174, 0x11A8},
	0xCBF2:  {0x110D, 0x1174, 0x11A9},
	0xCBF3:  {0x110D, 0x1174, 0x11AA},
	0xCBF4:  {0x110D, 0x1174, 0x11AB},
	0xCBF5:  {0x110D, 0x1174, 0x11AC},
	0xCBF6:  {0x110D, 0x1174, 0x11AD},
	0xCBF7:  {0x110D, 0x1174, 0x11AE},
	0xCBF8:  {0x110D, 0x1174, 0x11AF},
	0xCBF9:  {0x110D, 0x1174, 0x11B0},
	0xCBFA:  {0x110D, 0x1174, 0x11B1},
	0xCBFB:  {0x110D, 0x1174, 0x11B2},
	0xCBFC:  {0x110D, 0x1174, 0x11B3},
	0xCBFD:  {0x110D, 0x1174, 0x11B4},
	0xCBFE:  {0x110D, 0x1174, 0x11B5},
	0xCBFF:  {0x110D, 0x1174, 0x11B6},
	0xCC00:  {0x110D, 0x1174, 0x11B7},
	0xCC01:  {0x110D, 0x1174, 0x11B8},
	0xCC02:  {0x110D, 0x1174, 0x11B9},
	0xCC03:  {0x110D, 0x1174, 0x11BA},
	0xCC04:  {0x110D, 0x1174, 0x11BB},
	0xCC05:  {0x110D, 0x1174, 0x11BC},
	0xCC06:  {0x110D, 0x1174, 0x11BD},
	0xCC07:  {0x110D, 0x1174, 0x11BE},
	0xCC08:  {0x110D, 0x1174, 0x11BF},
	0xCC09:  {0x110D, 0x1174, 0x11C0},
	0xCC0A:  {0x110D, 0x1174, 0x11C1},
	0xCC0B:  {0x110D, 0x1174, 0x11C2},
	0xCC0C:  {0x110D, 0x1175},
	0xCC0D:  {0x110D, 0x1175, 0x11A8},
	0xCC0E:  {0x110D, 0x1175, 0x11A9},
	0xCC0F:  {0x110D, 0x1175, 0x11AA},
	0xCC10:  {0x110D, 0x1175, 0x11AB},
	0xCC11:  {0x110D, 0x1175, 0x11AC},
	0xCC12:  {0x110D, 0x1175, 0x11AD},
	0xCC13:  {0x110D, 0x1175, 0x11AE},
	0xCC14:  {0x110D, 0x1175, 0x11AF},
	0xCC15:  {0x110D, 0x1175, 0x11B0},
	0xCC16:  {0x110D, 0x1175, 0x11B1},
	0xCC17:  {0x110D, 0x1175, 0x11B2},
	0xCC18:  {0x110D, 0x1175, 0x11B3},
	0xCC19:  {0x110D, 0x1175, 0x11B4},
	0xCC1A:  {0x110D, 0x1175, 0x11B5},
	0xCC1B:  {0x110D, 0x1175, 0x11B6},
	0xCC1C:  {0x110D, 0x1175, 0x11B7},
	0xCC1D:  {0x110D, 0x1175, 0x11B8},
	0xCC1E:  {0x110D, 0x1175, 0x11B9},
	0xCC1F:  {0x110D, 0x1175, 0x11BA},
	0xCC20:  {0x110D, 0x1175, 0x11BB},
	0xCC21:  {0x110D, 0x1175, 0x11BC},
	0xCC22:  {0x110D, 0x1175, 0x11BD},
	0xCC23:  {0x110D, 0x1175, 0x11BE},
	0xCC24:  {0x110D, 0x1175, 0x11BF},
	0xCC25:  {0x110D, 0x1175, 0x11C0},
	0xCC26:  {0x110D, 0x1175, 0x11C1},
	0xCC27:  {0x110D, 0x1175, 0x11C2},
	0xCC28:  {0x110E, 0x1161},
	0xCC29:  {0x110E, 0x1161, 0x11A8},
	0xCC2A:  {0x110E, 0x1161, 0x11A9},
	0xCC2B:  {0x110E, 0x1161, 0x11AA},
	0xCC2C:  {0x110E, 0x1161, 0x11AB},
	0xCC2D:  {0x110E, 0x1161, 0x11AC},
	0xCC2E:  {0x110E, 0x1161, 0x11AD},
	0xCC2F:  {0x110E, 0x1161, 0x11AE},
	0xCC30:  {0x110E, 0x1161, 0x11AF},
	0xCC31:  {0x110E, 0x1161, 0x11B0},
	0xCC32:  {0x110E, 0x1161, 0x11B1},
	0xCC33:  {0x110E, 0x1161, 0x11B2},
	0xCC34:  {0x110E, 0x1161, 0x11B3},
	0xCC35:  {0x110E, 0x1161, 0x11B4},
	0xCC36:  {0x110E, 0x1161, 0x11B5},
	0xCC37:  {0x110E, 0x1161, 0x11B6},
	0xCC38:  {0x110E, 0x1161, 0x11B7},
	0xCC39:  {0x110E, 0x1161, 0x11B8},
	0xCC3A:  {0x110E, 0x1161, 0x11B9},
	0xCC3B:  {0x110E, 0x1161, 0x11BA},
	0xCC3C:  {0x110E, 0x1161, 0x11BB},
	0xCC3D:  {0x110E, 0x1161, 0x11BC},
	0xCC3E:  {0x110E, 0x1161, 0x11BD},
	0xCC3F:  {0x110E, 0x1161, 0x11BE},
	0xCC40:  {0x110E, 0x1161, 0x11BF},
	0xCC41:  {0x110E, 0x1161, 0x11C0},
	0xCC42:  {0x110E, 0x1161, 0x11C1},
	0xCC43:  {0x110E, 0x1161, 0x11C2},
	0xCC44:  {0x110E, 0x1162},
	0xCC45:  {0x110E, 0x1162, 0x11A8},
	0xCC46:  {0x110E, 0x1162, 0x11A9},
	0xCC47:  {0x110E, 0x1162, 0x11AA},
	0xCC48:  {0x110E, 0x1162, 0x11AB},
	0xCC49:  {0x110E, 0x1162, 0x11AC},
	0xCC4A:  {0x110E, 0x1162, 0x11AD},
	0xCC4B:  {0x110E, 0x1162, 0x11AE},
	0xCC4C:  {0x110E, 0x1162, 0x11AF},
	0xCC4D:  {0x110E, 0x1162, 0x11B0},
	0xCC4E:  {0x110E, 0x1162, 0x11B1},
	0xCC4F:  {0x110E, 0x1162, 0x11B2},
	0xCC50:  {0x110E, 0x1162, 0x11B3},
	0xCC51:  {0x110E, 0x1162, 0x11B4},
	0xCC52:  {0x110E, 0x1162, 0x11B5},
	0xCC53:  {0x110E, 0x1162, 0x11B6},
	0xCC54:  {0x110E, 0x1162, 0x11B7},
	0xCC55:  {0x110E, 0x1162, 0x11B8},
	0xCC56:  {0x110E, 0x1162, 0x11B9},
	0xCC57:  {0x110E, 0x1162, 0x11BA},
	0xCC58:  {0x110E, 0x1162, 0x11BB},
	0xCC59:  {0x110E, 0x1162, 0x11BC},
	0xCC5A:  {0x110E, 0x1162, 0x11BD},
	0xCC5B:  {0x110E, 0x1162, 0x11BE},
	0xCC5C:  {0x110E, 0x1162, 0x11BF},
	0xCC5D:  {0x110E, 0x1162, 0x11C0},
	0xCC5E:  {0x110E, 0x1162, 0x11C1},
	0xCC5F:  {0x110E, 0x1162, 0x11C2},
	0xCC60:  {0x110E, 0x1163},
	0xCC61:  {0x110E, 0x1163, 0x11A8},
	0xCC62:  {0x110E, 0x1163, 0x11A9},
	0xCC63:  {0x110E, 0x1163, 0x11AA},
	0xCC64:  {0x110E, 0x1163, 0x11AB},
	0xCC65:  {0x110E, 0x1163, 0x11AC},
	0xCC66:  {0x110E, 0x1163, 0x11AD},
	0xCC67:  {0x110E, 0x1163, 0x11AE},
	0xCC68:  {0x110E, 0x1163, 0x11AF},
	0xCC69:  {0x110E, 0x1163, 0x11B0},
	0xCC6A:  {0x110E, 0x1163, 0x11B1},
	0xCC6B:  {0x110E, 0x1163, 0x11B2},
	0xCC6C:  {0x110E, 0x1163, 0x11B3},
	0xCC6D:  {0x110E, 0x1163, 0x11B4},
	0xCC6E:  {0x110E, 0x1163, 0x11B5},
	0xCC6F:  {0x110E, 0x1163, 0x11B6},
	0xCC70:  {0x110E, 0x1163, 0x11B7},
	0xCC71:  {0x110E, 0x1163, 0x11B8},
	0xCC72:  {0x110E, 0x1163, 0x11B9},
	0xCC73:  {0x110E, 0x1163, 0x11BA},
	0xCC74:  {0x110E, 0x1163, 0x11BB},
	0xCC75:  {0x110E, 0x1163, 0x11BC},
	0xCC76:  {0x110E, 0x1163, 0x11BD},
	0xCC77:  {0x110E, 0x1163, 0x11BE},
	0xCC78:  {0x110E, 0x1163, 0x11BF},
	0xCC79:  {0x110E, 0x1163, 0x11C0},
	0xCC7A:  {0x110E, 0x1163, 0x11C1},
	0xCC7B:  {0x110E, 0x1163, 0x11C2},
	0xCC7C:  {0x110E, 0x1164},
	0xCC7D:  {0x110E, 0x1164, 0x11A8},
	0xCC7E:  {0x110E, 0x1164, 0x11A9},
	0xCC7F:  {0x110E, 0x1164, 0x11AA},
	0xCC80:  {0x110E, 0x1164, 0x11AB},
	0xCC81:  {0x110E, 0x1164, 0x11AC},
	0xCC82:  {0x110E, 0x1164, 0x11AD},
	0xCC83:  {0x110E, 0x1164, 0x11AE},
	0xCC84:  {0x110E, 0x1164, 0x11AF},
	0xCC85:  {0x110E, 0x1164, 0x11B0},
	0xCC86:  {0x110E, 0x1164, 0x11B1},
	0xCC87:  {0x110E, 0x1164, 0x11B2},
	0xCC88:  {0x110E, 0x1164, 0x11B3},
	0xCC89:  {0x110E, 0x1164, 0x11B4},
	0xCC8A:  {0x110E, 0x1164, 0x11B5},
	0xCC8B:  {0x110E, 0x1164, 0x11B6},
	0xCC8C:  {0x110E, 0x1164, 0x11B7},
	0xCC8D:  {0x110E, 0x1164, 0x11B8},
	0xCC8E:  {0x110E, 0x1164, 0x11B9},
	0xCC8F:  {0x110E, 0x1164, 0x11BA},
	0xCC90:  {0x110E, 0x1164, 0x11BB},
	0xCC91:  {0x110E, 0x1164, 0x11BC},
	0xCC92:  {0x110E, 0x1164, 0x11BD},
	0xCC93:  {0x110E, 0x1164, 0x11BE},
	0xCC94:  {0x110E, 0x1164, 0x11BF},
	0xCC95:  {0x110E, 0x1164, 0x11C0},
	0xCC96:  {0x110E, 0x1164, 0x11C1},
	0xCC97:  {0x110E, 0x1164, 0x11C2},
	0xCC98:  {0x110E, 0x1165},
	0xCC99:  {0x110E, 0x1165, 0x11A8},
	0xCC9A:  {0x110E, 0x1165, 0x11A9},
	0xCC9B:  {0x110E, 0x1165, 0x11AA},
	0xCC9C:  {0x110E, 0x1165, 0x11AB},
	0xCC9D:  {0x110E, 0x1165, 0x11AC},
	0xCC9E:  {0x110E, 0x1165, 0x11AD},
	0xCC9F:  {0x110E, 0x1165, 0x11AE},
	0xCCA0:  {0x110E, 0x1165, 0x11AF},
	0xCCA1:  {0x110E, 0x1165, 0x11B0},
	0xCCA2:  {0x110E, 0x1165, 0x11B1},
	0xCCA3:  {0x110E, 0x1165, 0x11B2},
	0xCCA4:  {0x110E, 0x1165, 0x11B3},
	0xCCA5:  {0x110E, 0x1165, 0x11B4},
	0xCCA6:  {0x110E, 0x1165, 0x11B5},
	0xCCA7:  {0x110E, 0x1165, 0x11B6},
	0xCCA8:  {0x110E, 0x1165, 0x11B7},
	0xCCA9:  {0x110E, 0x1165, 0x11B8},
	0xCCAA:  {0x110E, 0x1165, 0x11B9},
	0xCCAB:  {0x110E, 0x1165, 0x11BA},
	0xCCAC:  {0x110E, 0x1165, 0x11BB},
	0xCCAD:  {0x110E, 0x1165, 0x11BC},
	0xCCAE:  {0x110E, 0x1165, 0x11BD},
	0xCCAF:  {0x110E, 0x1165, 0x11BE},
	0xCCB0:  {0x110E, 0x1165, 0x11BF},
	0xCCB1:  {0x110E, 0x1165, 0x11C0},
	0xCCB2:  {0x110E, 0x1165, 0x11C1},
	0xCCB3:  {0x110E, 0x1165, 0x11C2},
	0xCCB4:  {0x110E, 0x1166},
	0xCCB5:  {0x110E, 0x1166, 0x11A8},
	0xCCB6:  {0x110E, 0x1166, 0x11A9},
	0xCCB7:  {0x110E, 0x1166, 0x11AA},
	0xCCB8:  {0x110E, 0x1166, 0x11AB},
	0xCCB9:  {0x110E, 0x1166, 0x11AC},
	0xCCBA:  {0x110E, 0x1166, 0x11AD},
	0xCCBB:  {0x110E, 0x1166, 0x11AE},
	0xCCBC:  {0x110E, 0x1166, 0x11AF},
	0xCCBD:  {0x110E, 0x1166, 0x11B0},
	0xCCBE:  {0x110E, 0x1166, 0x11B1},
	0xCCBF:  {0x110E, 0x1166, 0x11B2},
	0xCCC0:  {0x110E, 0x1166, 0x11B3},
	0xCCC1:  {0x110E, 0x1166, 0x11B4},
	0xCCC2:  {0x110E, 0x1166, 0x11B5},
	0xCCC3:  {0x110E, 0x1166, 0x11B6},
	0xCCC4:  {0x110E, 0x1166, 0x11B7},
	0xCCC5:  {0x110E, 0x1166, 0x11B8},
	0xCCC6:  {0x110E, 0x1166, 0x11B9},
	0xCCC7:  {0x110E, 0x1166, 0x11BA},
	0xCCC8:  {0x110E, 0x1166, 0x11BB},
	0xCCC9:  {0x110E, 0x1166, 0x11BC},
	0xCCCA:  {0x110E, 0x1166, 0x11BD},
	0xCCCB:  {0x110E, 0x1166, 0x11BE},
	0xCCCC:  {0x110E, 0x1166, 0x11BF},
	0xCCCD:  {0x110E, 0x1166, 0x11C0},
	0xCCCE:  {0x110E, 0x1166, 0x11C1},
	0xCCCF:  {0x110E, 0x1166, 0x11C2},
	0xCCD0:  {0x110E, 0x1167},
	0xCCD1:  {0x110E, 0x1167, 0x11A8},
	0xCCD2:  {0x110E, 0x1167, 0x11A9},
	0xCCD3:  {0x110E, 0x1167, 0x11AA},
	0xCCD4:  {0x110E, 0x1167, 0x11AB},
	0xCCD5:  {0x110E, 0x1167, 0x11AC},
	0xCCD6:  {0x110E, 0x1167, 0x11AD},
	0xCCD7:  {0x110E, 0x1167, 0x11AE},
	0xCCD8:  {0x110E, 0x1167, 0x11AF},
	0xCCD9:  {0x110E, 0x1167, 0x11B0},
	0xCCDA:  {0x110E, 0x1167, 0x11B1},
	0xCCDB:  {0x110E, 0x1167, 0x11B2},
	0xCCDC:  {0x110E, 0x1167, 0x11B3},
	0xCCDD:  {0x110E, 0x1167, 0x11B4},
	0xCCDE:  {0x110E, 0x1167, 0x11B5},
	0xCCDF:  {0x110E, 0x1167, 0x11B6},
	0xCCE0:  {0x110E, 0x1167, 0x11B7},
	0xCCE1:  {0x110E, 0x1167, 0x11B8},
	0xCCE2:  {0x110E, 0x1167, 0x11B9},
	0xCCE3:  {0x110E, 0x1167, 0x11BA},
	0xCCE4:  {0x110E, 0x1167, 0x11BB},
	0xCCE5:  {0x110E, 0x1167, 0x11BC},
	0xCCE6:  {0x110E, 0x1167, 0x11BD},
	0xCCE7:  {0x110E, 0x1167, 0x11BE},
	0xCCE8:  {0x110E, 0x1167, 0x11BF},
	0xCCE9:  {0x110E, 0x1167, 0x11C0},
	0xCCEA:  {0x110E, 0x1167, 0x11C1},
	0xCCEB:  {0x110E, 0x1167, 0x11C2},
	0xCCEC:  {0x110E, 0x1168},
	0xCCED:  {0x110E, 0x1168, 0x11A8},
	0xCCEE:  {0x110E, 0x1168, 0x11A9},
	0xCCEF:  {0x110E, 0x1168, 0x11AA},
	0xCCF0:  {0x110E, 0x1168, 0x11AB},
	0xCCF1:  {0x110E, 0x1168, 0x11AC},
	0xCCF2:  {0x110E, 0x1168, 0x11AD},
	0xCCF3:  {0x110E, 0x1168, 0x11AE},
	0xCCF4:  {0x110E, 0x1168, 0x11AF},
	0xCCF5:  {0x110E, 0x1168, 0x11B0},
	0xCCF6:  {0x110E, 0x1168, 0x11B1},
	0xCCF7:  {0x110E, 0x1168, 0x11B2},
	0xCCF8:  {0x110E, 0x1168, 0x11B3},
	0xCCF9:  {0x110E, 0x1168, 0x11B4},
	0xCCFA:  {0x110E, 0x1168, 0x11B5},
	0xCCFB:  {0x110E, 0x1168, 0x11B6},
	0xCCFC:  {0x110E, 0x1168, 0x11B7},
	0xCCFD:  {0x110E, 0x1168, 0x11B8},
	0xCCFE:  {0x110E, 0x1168, 0x11B9},
	0xCCFF:  {0x110E, 0x1168, 0x11BA},
	0xCD00:  {0x110E, 0x1168, 0x11BB},
	0xCD01:  {0x110E, 0x1168, 0x11BC},
	0xCD02:  {0x110E, 0x1168, 0x11BD},
	0xCD03:  {0x110E, 0x1168, 0x11BE},
	0xCD04:  {0x110E, 0x1168, 0x11BF},
	0xCD05:  {0x110E, 0x1168, 0x11C0},
	0xCD06:  {0x110E, 0x1168, 0x11C1},
	0xCD07:  {0x110E, 0x1168, 0x11C2},
	0xCD08:  {0x110E, 0x1169},
	0xCD09:  {0x110E, 0x1169, 0x11A8},
	0xCD0A:  {0x110E, 0x1169, 0x11A9},
	0xCD0B:  {0x110E, 0x1169, 0x11AA},
	0xCD0C:  {0x110E, 0x1169, 0x11AB},
	0xCD0D:  {0x110E, 0x1169, 0x11AC},
	0xCD0E:  {0x110E, 0x1169, 0x11AD},
	0xCD0F:  {0x110E, 0x1169, 0x11AE},
	0xCD10:  {0x110E, 0x1169, 0x11AF},
	0xCD11:  {0x110E, 0x1169, 0x11B0},
	0xCD12:  {0x110E, 0x1169, 0x11B1},
	0xCD13:  {0x110E, 0x1169, 0x11B2},
	0xCD14:  {0x110E, 0x1169, 0x11B3},
	0xCD15:  {0x110E, 0x1169, 0x11B4},
	0xCD16:  {0x110E, 0x1169, 0x11B5},
	0xCD17:  {0x110E, 0x1169, 0x11B6},
	0xCD18:  {0x110E, 0x1169, 0x11B7},
	0xCD19:  {0x110E, 0x1169, 0x11B8},
	0xCD1A:  {0x110E, 0x1169, 0x11B9},
	0xCD1B:  {0x110E, 0x1169, 0x11BA},
	0xCD1C:  {0x110E, 0x1169, 0x11BB},
	0xCD1D:  {0x110E, 0x1169, 0x11BC},
	0xCD1E:  {0x110E, 0x1169, 0x11BD},
	0xCD1F:  {0x110E, 0x1169, 0x11BE},
	0xCD20:  {0x110E, 0x1169, 0x11BF},
	0xCD21:  {0x110E, 0x1169, 0x11C0},
	0xCD22:  {0x110E, 0x1169, 0x11C1},
	0xCD23:  {0x110E, 0x1169, 0x11C2},
	0xCD24:  {0x110E, 0x116A},
	0xCD25:  {0x110E, 0x116A, 0x11A8},
	0xCD26:  {0x110E, 0x116A, 0x11A9},
	0xCD27:  {0x110E, 0x116A, 0x11AA},
	0xCD28:  {0x110E, 0x116A, 0x11AB},
	0xCD29:  {0x110E, 0x116A, 0x11AC},
	0xCD2A:  {0x110E, 0x116A, 0x11AD},
	0xCD2B:  {0x110E, 0x116A, 0x11AE},
	0xCD2C:  {0x110E, 0x116A, 0x11AF},
	0xCD2D:  {0x110E, 0x116A, 0x11B0},
	0xCD2E:  {0x110E, 0x116A, 0x11B1},
	0xCD2F:  {0x110E, 0x116A, 0x11B2},
	0xCD30:  {0x110E, 0x116A, 0x11B3},
	0xCD31:  {0x110E, 0x116A, 0x11B4},
	0xCD32:  {0x110E, 0x116A, 0x11B5},
	0xCD33:  {0x110E, 0x116A, 0x11B6},
	0xCD34:  {0x110E, 0x116A, 0x11B7},
	0xCD35:  {0x110E, 0x116A, 0x11B8},
	0xCD36:  {0x110E, 0x116A, 0x11B9},
	0xCD37:  {0x110E, 0x116A, 0x11BA},
	0xCD38:  {0x110E, 0x116A, 0x11BB},
	0xCD39:  {0x110E, 0x116A, 0x11BC},
	0xCD3A:  {0x110E, 0x116A, 0x11BD},
	0xCD3B:  {0x110E, 0x116A, 0x11BE},
	0xCD3C:  {0x110E, 0x116A, 0x11BF},
	0xCD3D:  {0x110E, 0x116A, 0x11C0},
	0xCD3E:  {0x110E, 0x116A, 0x11C1},
	0xCD3F:  {0x110E, 0x116A, 0x11C2},
	0xCD40:  {0x110E, 0x116B},
	0xCD41:  {0x110E, 0x116B, 0x11A8},
	0xCD42:  {0x110E, 0x116B, 0x11A9},
	0xCD43:  {0x110E, 0x116B, 0x11AA},
	0xCD44:  {0x110E, 0x116B, 0x11AB},
	0xCD45:  {0x110E, 0x116B, 0x11AC},
	0xCD46:  {0x110E, 0x116B, 0x11AD},
	0xCD47:  {0x110E, 0x116B, 0x11AE},
	0xCD48:  {0x110E, 0x116B, 0x11AF},
	0xCD49:  {0x110E, 0x116B, 0x11B0},
	0xCD4A:  {0x110E, 0x116B, 0x11B1},
	0xCD4B:  {0x110E, 0x116B, 0x11B2},
	0xCD4C:  {0x110E, 0x116B, 0x11B3},
	0xCD4D:  {0x110E, 0x116B, 0x11B4},
	0xCD4E:  {0x110E, 0x116B, 0x11B5},
	0xCD4F:  {0x110E, 0x116B, 0x11B6},
	0xCD50:  {0x110E, 0x116B, 0x11B7},
	0xCD51:  {0x110E, 0x116B, 0x11B8},
	0xCD52:  {0x110E, 0x116B, 0x11B9},
	0xCD53:  {0x110E, 0x116B, 0x11BA},
	0xCD54:  {0x110E, 0x116B, 0x11BB},
	0xCD55:  {0x110E, 0x116B, 0x11BC},
	0xCD56:  {0x110E, 0x116B, 0x11BD},
	0xCD57:  {0x110E, 0x116B, 0x11BE},
	0xCD58:  {0x110E, 0x116B, 0x11BF},
	0xCD59:  {0x110E, 0x116B, 0x11C0},
	0xCD5A:  {0x110E, 0x116B, 0x11C1},
	0xCD5B:  {0x110E, 0x116B, 0x11C2},
	0xCD5C:  {0x110E, 0x116C},
	0xCD5D:  {0x110E, 0x116C, 0x11A8},
	0xCD5E:  {0x110E, 0x116C, 0x11A9},
	0xCD5F:  {0x110E, 0x116C, 0x11AA},
	0xCD60:  {0x110E, 0x116C, 0x11AB},
	0xCD61:  {0x110E, 0x116C, 0x11AC},
	0xCD62:  {0x110E, 0x116C, 0x11AD},
	0xCD63:  {0x110E, 0x116C, 0x11AE},
	0xCD64:  {0x110E, 0x116C, 0x11AF},
	0xCD65:  {0x110E, 0x116C, 0x11B0},
	0xCD66:  {0x110E, 0x116C, 0x11B1},
	0xCD67:  {0x110E, 0x116C, 0x11B2},
	0xCD68:  {0x110E, 0x116C, 0x11B3},
	0xCD69:  {0x110E, 0x116C, 0x11B4},
	0xCD6A:  {0x110E, 0x116C, 0x11B5},
	0xCD6B:  {0x110E, 0x116C, 0x11B6},
	0xCD6C:  {0x110E, 0x116C, 0x11B7},
	0xCD6D:  {0x110E, 0x116C, 0x11B8},
	0xCD6E:  {0x110E, 0x116C, 0x11B9},
	0xCD6F:  {0x110E, 0x116C, 0x11BA},
	0xCD70:  {0x110E, 0x116C, 0x11BB},
	0xCD71:  {0x110E, 0x116C, 0x11BC},
	0xCD72:  {0x110E, 0x116C, 0x11BD},
	0xCD73:  {0x110E, 0x116C, 0x11BE},
	0xCD74:  {0x110E, 0x116C, 0x11BF},
	0xCD75:  {0x110E, 0x116C, 0x11C0},
	0xCD76:  {0x110E, 0x116C, 0x11C1},
	0xCD77:  {0x110E, 0x116C, 0x11C2},
	0xCD78:  {0x110E, 0x116D},
	0xCD79:  {0x110E, 0x116D, 0x11A8},
	0xCD7A:  {0x110E, 0x116D, 0x11A9},
	0xCD7B:  {0x110E, 0x116D, 0x11AA},
	0xCD7C:  {0x110E, 0x116D, 0x11AB},
	0xCD7D:  {0x110E, 0x116D, 0x11AC},
	0xCD7E:  {0x110E, 0x116D, 0x11AD},
	0xCD7F:  {0x110E, 0x116D, 0x11AE},
	0xCD80:  {0x110E, 0x116D, 0x11AF},
	0xCD81:  {0x110E, 0x116D, 0x11B0},
	0xCD82:  {0x110E, 0x116D, 0x11B1},
	0xCD83:  {0x110E, 0x116D, 0x11B2},
	0xCD84:  {0x110E, 0x116D, 0x11B3},
	0xCD85:  {0x110E, 0x116D, 0x11B4},
	0xCD86:  {0x110E, 0x116D, 0x11B5},
	0xCD87:  {0x110E, 0x116D, 0x11B6},
	0xCD88:  {0x110E, 0x116D, 0x11B7},
	0xCD89:  {0x110E, 0x116D, 0x11B8},
	0xCD8A:  {0x110E, 0x116D, 0x11B9},
	0xCD8B:  {0x110E, 0x116D, 0x11BA},
	0xCD8C:  {0x110E, 0x116D, 0x11BB},
	0xCD8D:  {0x110E, 0x116D, 0x11BC},
	0xCD8E:  {0x110E, 0x116D, 0x11BD},
	0xCD8F:  {0x110E, 0x116D, 0x11BE},
	0xCD90:  {0x110E, 0x116D, 0x11BF},
	0xCD91:  {0x110E, 0x116D, 0x11C0},
	0xCD92:  {0x110E, 0x116D, 0x11C1},
	0xCD93:  {0x110E, 0x116D, 0x11C2},
	0xCD94:  {0x110E, 0x116E},
	0xCD95:  {0x110E, 0x116E, 0x11A8},
	0xCD96:  {0x110E, 0x116E, 0x11A9},
	0xCD97:  {0x110E, 0x116E, 0x11AA},
	0xCD98:  {0x110E, 0x116E, 0x11AB},
	0xCD99:  {0x110E, 0x116E, 0x11AC},
	0xCD9A:  {0x110E, 0x116E, 0x11AD},
	0xCD9B:  {0x110E, 0x116E, 0x11AE},
	0xCD9C:  {0x110E, 0x116E, 0x11AF},
	0xCD9D:  {0x110E, 0x116E, 0x11B0},
	0xCD9E:  {0x110E, 0x116E, 0x11B1},
	0xCD9F:  {0x110E, 0x116E, 0x11B2},
	0xCDA0:  {0x110E, 0x116E, 0x11B3},
	0xCDA1:  {0x110E, 0x116E, 0x11B4},
	0xCDA2:  {0x110E, 0x116E, 0x11B5},
	0xCDA3:  {0x110E, 0x116E, 0x11B6},
	0xCDA4:  {0x110E, 0x116E, 0x11B7},
	0xCDA5:  {0x110E, 0x116E, 0x11B8},
	0xCDA6:  {0x110E, 0x116E, 0x11B9},
	0xCDA7:  {0x110E, 0x116E, 0x11BA},
	0xCDA8:  {0x110E, 0x116E, 0x11BB},
	0xCDA9:  {0x110E, 0x116E, 0x11BC},
	0xCDAA:  {0x110E, 0x116E, 0x11BD},
	0xCDAB:  {0x110E, 0x116E, 0x11BE},
	0xCDAC:  {0x110E, 0x116E, 0x11BF},
	0xCDAD:  {0x110E, 0x116E, 0x11C0},
	0xCDAE:  {0x110E, 0x116E, 0x11C1},
	0xCDAF:  {0x110E, 0x116E, 0x11C2},
	0xCDB0:  {0x110E, 0x116F},
	0xCDB1:  {0x110E, 0x116F, 0x11A8},
	0xCDB2:  {0x110E, 0x116F, 0x11A9},
	0xCDB3:  {0x110E, 0x116F, 0x11AA},
	0xCDB4:  {0x110E, 0x116F, 0x11AB},
	0xCDB5:  {0x110E, 0x116F, 0x11AC},
	0xCDB6:  {0x110E, 0x116F, 0x11AD},
	0xCDB7:  {0x110E, 0x116F, 0x11AE},
	0xCDB8:  {0x110E, 0x116F, 0x11AF},
	0xCDB9:  {0x110E, 0x116F, 0x11B0},
	0xCDBA:  {0x110E, 0x116F, 0x11B1},
	0xCDBB:  {0x110E, 0x116F, 0x11B2},
	0xCDBC:  {0x110E, 0x116F, 0x11B3},
	0xCDBD:  {0x110E, 0x116F, 0x11B4},
	0xCDBE:  {0x110E, 0x116F, 0x11B5},
	0xCDBF:  {0x110E, 0x116F, 0x11B6},
	0xCDC0:  {0x110E, 0x116F, 0x11B7},
	0xCDC1:  {0x110E, 0x116F, 0x11B8},
	0xCDC2:  {0x110E, 0x116F, 0x11B9},
	0xCDC3:  {0x110E, 0x116F, 0x11BA},
	0xCDC4:  {0x110E, 0x116F, 0x11BB},
	0xCDC5:  {0x110E, 0x116F, 0x11BC},
	0xCDC6:  {0x110E, 0x116F, 0x11BD},
	0xCDC7:  {0x110E, 0x116F, 0x11BE},
	0xCDC8:  {0x110E, 0x116F, 0x11BF},
	0xCDC9:  {0x110E, 0x116F, 0x11C0},
	0xCDCA:  {0x110E, 0x116F, 0x11C1},
	0xCDCB:  {0x110E, 0x116F, 0x11C2},
	0xCDCC:  {0x110E, 0x1170},
	0xCDCD:  {0x110E, 0x1170, 0x11A8},
	0xCDCE:  {0x110E, 0x1170, 0x11A9},
	0xCDCF:  {0x110E, 0x1170, 0x11AA},
	0xCDD0:  {0x110E, 0x1170, 0x11AB},
	0xCDD1:  {0x110E, 0x1170, 0x11AC},
	0xCDD2:  {0x110E, 0x1170, 0x11AD},
	0xCDD3:  {0x110E, 0x1170, 0x11AE},
	0xCDD4:  {0x110E, 0x1170, 0x11AF},
	0xCDD5:  {0x110E, 0x1170, 0x11B0},
	0xCDD6:  {0x110E, 0x1170, 0x11B1},
	0xCDD7:  {0x110E, 0x1170, 0x11B2},
	0xCDD8:  {0x110E, 0x1170, 0x11B3},
	0xCDD9:  {0x110E, 0x1170, 0x11B4},
	0xCDDA:  {0x110E, 0x1170, 0x11B5},
	0xCDDB:  {0x110E, 0x1170, 0x11B6},
	0xCDDC:  {0x110E, 0x1170, 0x11B7},
	0xCDDD:  {0x110E, 0x1170, 0x11B8},
	0xCDDE:  {0x110E, 0x1170, 0x11B9},
	0xCDDF:  {0x110E, 0x1170, 0x11BA},
	0xCDE0:  {0x110E, 0x1170, 0x11BB},
	0xCDE1:  {0x110E, 0x1170, 0x11BC},
	0xCDE2:  {0x110E, 0x1170, 0x11BD},
	0xCDE3:  {0x110E, 0x1170, 0x11BE},
	0xCDE4:  {0x110E, 0x1170, 0x11BF},
	0xCDE5:  {0x110E, 0x1170, 0x11C0},
	0xCDE6:  {0x110E, 0x1170, 0x11C1},
	0xCDE7:  {0x110E, 0x1170, 0x11C2},
	0xCDE8:  {0x110E, 0x1171},
	0xCDE9:  {0x110E, 0x1171, 0x11A8},
	0xCDEA:  {0x110E, 0x1171, 0x11A9},
	0xCDEB:  {0x110E, 0x1171, 0x11AA},
	0xCDEC:  {0x110E, 0x1171, 0x11AB},
	0xCDED:  {0x110E, 0x1171, 0x11AC},
	0xCDEE:  {0x110E, 0x1171, 0x11AD},
	0xCDEF:  {0x110E, 0x1171, 0x11AE},
	0xCDF0:  {0x110E, 0x1171, 0x11AF},
	0xCDF1:  {0x110E, 0x1171, 0x11B0},
	0xCDF2:  {0x110E, 0x1171, 0x11B1},
	0xCDF3:  {0x110E, 0x1171, 0x11B2},
	0xCDF4:  {0x110E, 0x1171, 0x11B3},
	0xCDF5:  {0x110E, 0x1171, 0x11B4},
	0xCDF6:  {0x110E, 0x1171, 0x11B5},
	0xCDF7:  {0x110E, 0x1171, 0x11B6},
	0xCDF8:  {0x110E, 0x1171, 0x11B7},
	0xCDF9:  {0x110E, 0x1171, 0x11B8},
	0xCDFA:  {0x110E, 0x1171, 0x11B9},
	0xCDFB:  {0x110E, 0x1171, 0x11BA},
	0xCDFC:  {0x110E, 0x1171, 0x11BB},
	0xCDFD:  {0x110E, 0x1171, 0x11BC},
	0xCDFE:  {0x110E, 0x1171, 0x11BD},
	0xCDFF:  {0x110E, 0x1171, 0x11BE},
	0xCE00:  {0x110E, 0x1171, 0x11BF},
	0xCE01:  {0x110E, 0x1171, 0x11C0},
	0xCE02:  {0x110E, 0x1171, 0x11C1},
	0xCE03:  {0x110E, 0x1171, 0x11C2},
	0xCE04:  {0x110E, 0x1172},
	0xCE05:  {0x110E, 0x1172, 0x11A8},
	0xCE06:  {0x110E, 0x1172, 0x11A9},
	0xCE07:  {0x110E, 0x1172, 0x11AA},
	0xCE08:  {0x110E, 0x1172, 0x11AB},
	0xCE09:  {0x110E, 0x1172, 0x11AC},
	0xCE0A:  {0x110E, 0x1172, 0x11AD},
	0xCE0B:  {0x110E, 0x1172, 0x11AE},
	0xCE0C:  {0x110E, 0x1172, 0x11AF},
	0xCE0D:  {0x110E, 0x1172, 0x11B0},
	0xCE0E:  {0x110E, 0x1172, 0x11B1},
	0xCE0F:  {0x110E, 0x1172, 0x11B2},
	0xCE10:  {0x110E, 0x1172, 0x11B3},
	0xCE11:  {0x110E, 0x1172, 0x11B4},
	0xCE12:  {0x110E, 0x1172, 0x11B5},
	0xCE13:  {0x110E, 0x1172, 0x11B6},
	0xCE14:  {0x110E, 0x1172, 0x11B7},
	0xCE15:  {0x110E, 0x1172, 0x11B8},
	0xCE16:  {0x110E, 0x1172, 0x11B9},
	0xCE17:  {0x110E, 0x1172, 0x11BA},
	0xCE18:  {0x110E, 0x1172, 0x11BB},
	0xCE19:  {0x110E, 0x1172, 0x11BC},
	0xCE1A:  {0x110E, 0x1172, 0x11BD},
	0xCE1B:  {0x110E, 0x1172, 0x11BE},
	0xCE1C:  {0x110E, 0x1172, 0x11BF},
	0xCE1D:  {0x110E, 0x1172, 0x11C0},
	0xCE1E:  {0x110E, 0x1172, 0x11C1},
	0xCE1F:  {0x110E, 0x1172, 0x11C2},
	0xCE20:  {0x110E, 0x1173},
	0xCE21:  {0x110E, 0x1173, 0x11A8},
	0xCE22:  {0x110E, 0x1173, 0x11A9},
	0xCE23:  {0x110E, 0x1173, 0x11AA},
	0xCE24:  {0x110E, 0x1173, 0x11AB},
	0xCE25:  {0x110E, 0x1173, 0x11AC},
	0xCE26:  {0x110E, 0x1173, 0x11AD},
	0xCE27:  {0x110E, 0x1173, 0x11AE},
	0xCE28:  {0x110E, 0x1173, 0x11AF},
	0xCE29:  {0x110E, 0x1173, 0x11B0},
	0xCE2A:  {0x110E, 0x1173, 0x11B1},
	0xCE2B:  {0x110E, 0x1173, 0x11B2},
	0xCE2C:  {0x110E, 0x1173, 0x11B3},
	0xCE2D:  {0x110E, 0x1173, 0x11B4},
	0xCE2E:  {0x110E, 0x1173, 0x11B5},
	0xCE2F:  {0x110E, 0x1173, 0x11B6},
	0xCE30:  {0x110E, 0x1173, 0x11B7},
	0xCE31:  {0x110E, 0x1173, 0x11B8},
	0xCE32:  {0x110E, 0x1173, 0x11B9},
	0xCE33:  {0x110E, 0x1173, 0x11BA},
	0xCE34:  {0x110E, 0x1173, 0x11BB},
	0xCE35:  {0x110E, 0x1173, 0x11BC},
	0xCE36:  {0x110E, 0x1173, 0x11BD},
	0xCE37:  {0x110E, 0x1173, 0x11BE},
	0xCE38:  {0x110E, 0x1173, 0x11BF},
	0xCE39:  {0x110E, 0x1173, 0x11C0},
	0xCE3A:  {0x110E, 0x1173, 0x11C1},
	0xCE3B:  {0x110E, 0x1173, 0x11C2},
	0xCE3C:  {0x110E, 0x1174},
	0xCE3D:  {0x110E, 0x1174, 0x11A8},
	0xCE3E:  {0x110E, 0x1174, 0x11A9},
	0xCE3F:  {0x110E, 0x1174, 0x11AA},
	0xCE40:  {0x110E, 0x1174, 0x11AB},
	0xCE41:  {0x110E, 0x1174, 0x11AC},
	0xCE42:  {0x110E, 0x1174, 0x11AD},
	0xCE43:  {0x110E, 0x1174, 0x11AE},
	0xCE44:  {0x110E, 0x1174, 0x11AF},
	0xCE45:  {0x110E, 0x1174, 0x11B0},
	0xCE46:  {0x110E, 0x1174, 0x11B1},
	0xCE47:  {0x110E, 0x1174, 0x11B2},
	0xCE48:  {0x110E, 0x1174, 0x11B3},
	0xCE49:  {0x110E, 0x1174, 0x11B4},
	0xCE4A:  {0x110E, 0x1174, 0x11B5},
	0xCE4B:  {0x110E, 0x1174, 0x11B6},
	0xCE4C:  {0x110E, 0x1174, 0x11B7},
	0xCE4D:  {0x110E, 0x1174, 0x11B8},
	0xCE4E:  {0x110E, 0x1174, 0x11B9},
	0xCE4F:  {0x110E, 0x1174, 0x11BA},
	0xCE50:  {0x110E, 0x1174, 0x11BB},
	0xCE51:  {0x110E, 0x1174, 0x11BC},
	0xCE52:  {0x110E, 0x1174, 0x11BD},
	0xCE53:  {0x110E, 0x1174, 0x11BE},
	0xCE54:  {0x110E, 0x1174, 0x11BF},
	0xCE55:  {0x110E, 0x1174, 0x11C0},
	0xCE56:  {0x110E, 0x1174, 0x11C1},
	0xCE57:  {0x110E, 0x1174, 0x11C2},
	0xCE58:  {0x110E, 0x1175},
	0xCE59:  {0x110E, 0x1175, 0x11A8},
	0xCE5A:  {0x110E, 0x1175, 0x11A9},
	0xCE5B:  {0x110E, 0x1175, 0x11AA},
	0xCE5C:  {0x110E, 0x1175, 0x11AB},
	0xCE5D:  {0x110E, 0x1175, 0x11AC},
	0xCE5E:  {0x110E, 0x1175, 0x11AD},
	0xCE5F:  {0x110E, 0x1175, 0x11AE},
	0xCE60:  {0x110E, 0x1175, 0x11AF},
	0xCE61:  {0x110E, 0x1175, 0x11B0},
	0xCE62:  {0x110E, 0x1175, 0x11B1},
	0xCE63:  {0x110E, 0x1175, 0x11B2},
	0xCE64:  {0x110E, 0x1175, 0x11B3},
	0xCE65:  {0x110E, 0x1175, 0x11B4},
	0xCE66:  {0x110E, 0x1175, 0x11B5},
	0xCE67:  {0x110E, 0x1175, 0x11B6},
	0xCE68:  {0x110E, 0x1175, 0x11B7},
	0xCE69:  {0x110E, 0x1175, 0x11B8},
	0xCE6A:  {0x110E, 0x1175, 0x11B9},
	0xCE6B:  {0x110E, 0x1175, 0x11BA},
	0xCE6C:  {0x110E, 0x1175, 0x11BB},
	0xCE6D:  {0x110E, 0x1175, 0x11BC},
	0xCE6E:  {0x110E, 0x1175, 0x11BD},
	0xCE6F:  {0x110E, 0x1175, 0x11BE},
	0xCE70:  {0x110E, 0x1175, 0x11BF},
	0xCE71:  {0x110E, 0x1175, 0x11C0},
	0xCE72:  {0x110E, 0x1175, 0x11C1},
	0xCE73:  {0x110E, 0x1175, 0x11C2},
	0xCE74:  {0x110F, 0x1161},
	0xCE75:  {0x110F, 0x1161, 0x11A8},
	0xCE76:  {0x110F, 0x1161, 0x11A9},
	0xCE77:  {0x110F, 0x1161, 0x11AA},
	0xCE78:  {0x110F, 0x1161, 0x11AB},
	0xCE79:  {0x110F, 0x1161, 0x11AC},
	0xCE7A:  {0x110F, 0x1161, 0x11AD},
	0xCE7B:  {0x110F, 0x1161, 0x11AE},
	0xCE7C:  {0x110F, 0x1161, 0x11AF},
	0xCE7D:  {0x110F, 0x1161, 0x11B0},
	0xCE7E:  {0x110F, 0x1161, 0x11B1},
	0xCE7F:  {0x110F, 0x1161, 0x11B2},
	0xCE80:  {0x110F, 0x1161, 0x11B3},
	0xCE81:  {0x110F, 0x1161, 0x11B4},
	0xCE82:  {0x110F, 0x1161, 0x11B5},
	0xCE83:  {0x110F, 0x1161, 0x11B6},
	0xCE84:  {0x110F, 0x1161, 0x11B7},
	0xCE85:  {0x110F, 0x1161, 0x11B8},
	0xCE86:  {0x110F, 0x1161, 0x11B9},
	0xCE87:  {0x110F, 0x1161, 0x11BA},
	0xCE88:  {0x110F, 0x1161, 0x11BB},
	0xCE89:  {0x110F, 0x1161, 0x11BC},
	0xCE8A:  {0x110F, 0x1161, 0x11BD},
	0xCE8B:  {0x110F, 0x1161, 0x11BE},
	0xCE8C:  {0x110F, 0x1161, 0x11BF},
	0xCE8D:  {0x110F, 0x1161, 0x11C0},
	0xCE8E:  {0x110F, 0x1161, 0x11C1},
	0xCE8F:  {0x110F, 0x1161, 0x11C2},
	0xCE90:  {0x110F, 0x1162},
	0xCE91:  {0x110F, 0x1162, 0x11A8},
	0xCE92:  {0x110F, 0x1162, 0x11A9},
	0xCE93:  {0x110F, 0x1162, 0x11AA},
	0xCE94:  {0x110F, 0x1162, 0x11AB},
	0xCE95:  {0x110F, 0x1162, 0x11AC},
	0xCE96:  {0x110F, 0x1162, 0x11AD},
	0xCE97:  {0x110F, 0x1162, 0x11AE},
	0xCE98:  {0x110F, 0x1162, 0x11AF},
	0xCE99:  {0x110F, 0x1162, 0x11B0},
	0xCE9A:  {0x110F, 0x1162, 0x11B1},
	0xCE9B:  {0x110F, 0x1162, 0x11B2},
	0xCE9C:  {0x110F, 0x1162, 0x11B3},
	0xCE9D:  {0x110F, 0x1162, 0x11B4},
	0xCE9E:  {0x110F, 0x1162, 0x11B5},
	0xCE9F:  {0x110F, 0x1162, 0x11B6},
	0xCEA0:  {0x110F, 0x1162, 0x11B7},
	0xCEA1:  {0x110F, 0x1162, 0x11B8},
	0xCEA2:  {0x110F, 0x1162, 0x11B9},
	0xCEA3:  {0x110F, 0x1162, 0x11BA},
	0xCEA4:  {0x110F, 0x1162, 0x11BB},
	0xCEA5:  {0x110F, 0x1162, 0x11BC},
	0xCEA6:  {0x110F, 0x1162, 0x11BD},
	0xCEA7:  {0x110F, 0x1162, 0x11BE},
	0xCEA8:  {0x110F, 0x1162, 0x11BF},
	0xCEA9:  {0x110F, 0x1162, 0x11C0},
	0xCEAA:  {0x110F, 0x1162, 0x11C1},
	0xCEAB:  {0x110F, 0x1162, 0x11C2},
	0xCEAC:  {0x110F, 0x1163},
	0xCEAD:  {0x110F, 0x1163, 0x11A8},
	0xCEAE:  {0x110F, 0x1163, 0x11A9},
	0xCEAF:  {0x110F, 0x1163, 0x11AA},
	0xCEB0:  {0x110F, 0x1163, 0x11AB},
	0xCEB1:  {0x110F, 0x1163, 0x11AC},
	0xCEB2:  {0x110F, 0x1163, 0x11AD},
	0xCEB3:  {0x110F, 0x1163, 0x11AE},
	0xCEB4:  {0x110F, 0x1163, 0x11AF},
	0xCEB5:  {0x110F, 0x1163, 0x11B0},
	0xCEB6:  {0x110F, 0x1163, 0x11B1},
	0xCEB7:  {0x110F, 0x1163, 0x11B2},
	0xCEB8:  {0x110F, 0x1163, 0x11B3},
	0xCEB9:  {0x110F, 0x1163, 0x11B4},
	0xCEBA:  {0x110F, 0x1163, 0x11B5},
	0xCEBB:  {0x110F, 0x1163, 0x11B6},
	0xCEBC:  {0x110F, 0x1163, 0x11B7},
	0xCEBD:  {0x110F, 0x1163, 0x11B8},
	0xCEBE:  {0x110F, 0x1163, 0x11B9},
	0xCEBF:  {0x110F, 0x1163, 0x11BA},
	0xCEC0:  {0x110F, 0x1163, 0x11BB},
	0xCEC1:  {0x110F, 0x1163, 0x11BC},
	0xCEC2:  {0x110F, 0x1163, 0x11BD},
	0xCEC3:  {0x110F, 0x1163, 0x11BE},
	0xCEC4:  {0x110F, 0x1163, 0x11BF},
	0xCEC5:  {0x110F, 0x1163, 0x11C0},
	0xCEC6:  {0x110F, 0x1163, 0x11C1},
	0xCEC7:  {0x110F, 0x1163, 0x11C2},
	0xCEC8:  {0x110F, 0x1164},
	0xCEC9:  {0x110F, 0x1164, 0x11A8},
	0xCECA:  {0x110F, 0x1164, 0x11A9},
	0xCECB:  {0x110F, 0x1164, 0x11AA},
	0xCECC:  {0x110F, 0x1164, 0x11AB},
	0xCECD:  {0x110F, 0x1164, 0x11AC},
	0xCECE:  {0x110F, 0x1164, 0x11AD},
	0xCECF:  {0x110F, 0x1164, 0x11AE},
	0xCED0:  {0x110F, 0x1164, 0x11AF},
	0xCED1:  {0x110F, 0x1164, 0x11B0},
	0xCED2:  {0x110F, 0x1164, 0x11B1},
	0xCED3:  {0x110F, 0x1164, 0x11B2},
	0xCED4:  {0x110F, 0x1164, 0x11B3},
	0xCED5:  {0x110F, 0x1164, 0x11B4},
	0xCED6:  {0x110F, 0x1164, 0x11B5},
	0xCED7:  {0x110F, 0x1164, 0x11B6},
	0xCED8:  {0x110F, 0x1164, 0x11B7},
	0xCED9:  {0x110F, 0x1164, 0x11B8},
	0xCEDA:  {0x110F, 0x1164, 0x11B9},
	0xCEDB:  {0x110F, 0x1164, 0x11BA},
	0xCEDC:  {0x110F, 0x1164, 0x11BB},
	0xCEDD:  {0x110F, 0x1164, 0x11BC},
	0xCEDE:  {0x110F, 0x1164, 0x11BD},
	0xCEDF:  {0x110F, 0x1164, 0x11BE},
	0xCEE0:  {0x110F, 0x1164, 0x11BF},
	0xCEE1:  {0x110F, 0x1164, 0x11C0},
	0xCEE2:  {0x110F, 0x1164, 0x11C1},
	0xCEE3:  {0x110F, 0x1164, 0x11C2},
	0xCEE4:  {0x110F, 0x1165},
	0xCEE5:  {0x110F, 0x1165, 0x11A8},
	0xCEE6:  {0x110F, 0x1165, 0x11A9},
	0xCEE7:  {0x110F, 0x1165, 0x11AA},
	0xCEE8:  {0x110F, 0x1165, 0x11AB},
	0xCEE9:  {0x110F, 0x1165, 0x11AC},
	0xCEEA:  {0x110F, 0x1165, 0x11AD},
	0xCEEB:  {0x110F, 0x1165, 0x11AE},
	0xCEEC:  {0x110F, 0x1165, 0x11AF},
	0xCEED:  {0x110F, 0x1165, 0x11B0},
	0xCEEE:  {0x110F, 0x1165, 0x11B1},
	0xCEEF:  {0x110F, 0x1165, 0x11B2},
	0xCEF0:  {0x110F, 0x1165, 0x11B3},
	0xCEF1:  {0x110F, 0x1165, 0x11B4},
	0xCEF2:  {0x110F, 0x1165, 0x11B5},
	0xCEF3:  {0x110F, 0x1165, 0x11B6},
	0xCEF4:  {0x110F, 0x1165, 0x11B7},
	0xCEF5:  {0x110F, 0x1165, 0x11B8},
	0xCEF6:  {0x110F, 0x1165, 0x11B9},
	0xCEF7:  {0x110F, 0x1165, 0x11BA},
	0xCEF8:  {0x110F, 0x1165, 0x11BB},
	0xCEF9:  {0x110F, 0x1165, 0x11BC},
	0xCEFA:  {0x110F, 0x1165, 0x11BD},
	0xCEFB:  {0x110F, 0x1165, 0x11BE},
	0xCEFC:  {0x110F, 0x1165, 0x11BF},
	0xCEFD:  {0x110F, 0x1165, 0x11C0},
	0xCEFE:  {0x110F, 0x1165, 0x11C1},
	0xCEFF:  {0x110F, 0x1165, 0x11C2},
	0xCF00:  {0x110F, 0x1166},
	0xCF01:  {0x110F, 0x1166, 0x11A8},
	0xCF02:  {0x110F, 0x1166, 0x11A9},
	0xCF03:  {0x110F, 0x1166, 0x11AA},
	0xCF04:  {0x110F, 0x1166, 0x11AB},
	0xCF05:  {0x110F, 0x1166, 0x11AC},
	0xCF06:  {0x110F, 0x1166, 0x11AD},
	0xCF07:  {0x110F, 0x1166, 0x11AE},
	0xCF08:  {0x110F, 0x1166, 0x11AF},
	0xCF09:  {0x110F, 0x1166, 0x11B0},
	0xCF0A:  {0x110F, 0x1166, 0x11B1},
	0xCF0B:  {0x110F, 0x1166, 0x11B2},
	0xCF0C:  {0x110F, 0x1166, 0x11B3},
	0xCF0D:  {0x110F, 0x1166, 0x11B4},
	0xCF0E:  {0x110F, 0x1166, 0x11B5},
	0xCF0F:  {0x110F, 0x1166, 0x11B6},
	0xCF10:  {0x110F, 0x1166, 0x11B7},
	0xCF11:  {0x110F, 0x1166, 0x11B8},
	0xCF12:  {0x110F, 0x1166, 0x11B9},
	0xCF13:  {0x110F, 0x1166, 0x11BA},
	0xCF14:  {0x110F, 0x1166, 0x11BB},
	0xCF15:  {0x110F, 0x1166, 0x11BC},
	0xCF16:  {0x110F, 0x1166, 0x11BD},
	0xCF17:  {0x110F, 0x1166, 0x11BE},
	0xCF18:  {0x110F, 0x1166, 0x11BF},
	0xCF19:  {0x110F, 0x1166, 0x11C0},
	0xCF1A:  {0x110F, 0x1166, 0x11C1},
	0xCF1B:  {0x110F, 0x1166, 0x11C2},
	0xCF1C:  {0x110F, 0x1167},
	0xCF1D:  {0x110F, 0x1167, 0x11A8},
	0xCF1E:  {0x110F, 0x1167, 0x11A9},
	0xCF1F:  {0x110F, 0x1167, 0x11AA},
	0xCF20:  {0x110F, 0x1167, 0x11AB},
	0xCF21:  {0x110F, 0x1167, 0x11AC},
	0xCF22:  {0x110F, 0x1167, 0x11AD},
	0xCF23:  {0x110F, 0x1167, 0x11AE},
	0xCF24:  {0x110F, 0x1167, 0x11AF},
	0xCF25:  {0x110F, 0x1167, 0x11B0},
	0xCF26:  {0x110F, 0x1167, 0x11B1},
	0xCF27:  {0x110F, 0x1167, 0x11B2},
	0xCF28:  {0x110F, 0x1167, 0x11B3},
	0xCF29:  {0x110F, 0x1167, 0x11B4},
	0xCF2A:  {0x110F, 0x1167, 0x11B5},
	0xCF2B:  {0x110F, 0x1167, 0x11B6},
	0xCF2C:  {0x110F, 0x1167, 0x11B7},
	0xCF2D:  {0x110F, 0x1167, 0x11B8},
	0xCF2E:  {0x110F, 0x1167, 0x11B9},
	0xCF2F:  {0x110F, 0x1167, 0x11BA},
	0xCF30:  {0x110F, 0x1167, 0x11BB},
	0xCF31:  {0x110F, 0x1167, 0x11BC},
	0xCF32:  {0x110F, 0x1167, 0x11BD},
	0xCF33:  {0x110F, 0x1167, 0x11BE},
	0xCF34:  {0x110F, 0x1167, 0x11BF},
	0xCF35:  {0x110F, 0x1167, 0x11C0},
	0xCF36:  {0x110F, 0x1167, 0x11C1},
	0xCF37:  {0x110F, 0x1167, 0x11C2},
	0xCF38:  {0x110F, 0x1168},
	0xCF39:  {0x110F, 0x1168, 0x11A8},
	0xCF3A:  {0x110F, 0x1168, 0x11A9},
	0xCF3B:  {0x110F, 0x1168, 0x11AA},
	0xCF3C:  {0x110F, 0x1168, 0x11AB},
	0xCF3D:  {0x110F, 0x1168, 0x11AC},
	0xCF3E:  {0x110F, 0x1168, 0x11AD},
	0xCF3F:  {0x110F, 0x1168, 0x11AE},
	0xCF40:  {0x110F, 0x1168, 0x11AF},
	0xCF41:  {0x110F, 0x1168, 0x11B0},
	0xCF42:  {0x110F, 0x1168, 0x11B1},
	0xCF43:  {0x110F, 0x1168, 0x11B2},
	0xCF44:  {0x110F, 0x1168, 0x11B3},
	0xCF45:  {0x110F, 0x1168, 0x11B4},
	0xCF46:  {0x110F, 0x1168, 0x11B5},
	0xCF47:  {0x110F, 0x1168, 0x11B6},
	0xCF48:  {0x110F, 0x1168, 0x11B7},
	0xCF49:  {0x110F, 0x1168, 0x11B8},
	0xCF4A:  {0x110F, 0x1168, 0x11B9},
	0xCF4B:  {0x110F, 0x1168, 0x11BA},
	0xCF4C:  {0x110F, 0x1168, 0x11BB},
	0xCF4D:  {0x110F, 0x1168, 0x11BC},
	0xCF4E:  {0x110F, 0x1168, 0x11BD},
	0xCF4F:  {0x110F, 0x1168, 0x11BE},
	0xCF50:  {0x110F, 0x1168, 0x11BF},
	0xCF51:  {0x110F, 0x1168, 0x11C0},
	0xCF52:  {0x110F, 0x1168, 0x11C1},
	0xCF53:  {0x110F, 0x1168, 0x11C2},
	0xCF54:  {0x110F, 0x1169},
	0xCF55:  {0x110F, 0x1169, 0x11A8},
	0xCF56:  {0x110F, 0x1169, 0x11A9},
	0xCF57:  {0x110F, 0x1169, 0x11AA},
	0xCF58:  {0x110F, 0x1169, 0x11AB},
	0xCF59:  {0x110F, 0x1169, 0x11AC},
	0xCF5A:  {0x110F, 0x1169, 0x11AD},
	0xCF5B:  {0x110F, 0x1169, 0x11AE},
	0xCF5C:  {0x110F, 0x1169, 0x11AF},
	0xCF5D:  {0x110F, 0x1169, 0x11B0},
	0xCF5E:  {0x110F, 0x1169, 0x11B1},
	0xCF5F:  {0x110F, 0x1169, 0x11B2},
	0xCF60:  {0x110F, 0x1169, 0x11B3},
	0xCF61:  {0x110F, 0x1169, 0x11B4},
	0xCF62:  {0x110F, 0x1169, 0x11B5},
	0xCF63:  {0x110F, 0x1169, 0x11B6},
	0xCF64:  {0x110F, 0x1169, 0x11B7},
	0xCF65:  {0x110F, 0x1169, 0x11B8},
	0xCF66:  {0x110F, 0x1169, 0x11B9},
	0xCF67:  {0x110F, 0x1169, 0x11BA},
	0xCF68:  {0x110F, 0x1169, 0x11BB},
	0xCF69:  {0x110F, 0x1169, 0x11BC},
	0xCF6A:  {0x110F, 0x1169, 0x11BD},
	0xCF6B:  {0x110F, 0x1169, 0x11BE},
	0xCF6C:  {0x110F, 0x1169, 0x11BF},
	0xCF6D:  {0x110F, 0x1169, 0x11C0},
	0xCF6E:  {0x110F, 0x1169, 0x11C1},
	0xCF6F:  {0x110F, 0x1169, 0x11C2},
	0xCF70:  {0x110F, 0x116A},
	0xCF71:  {0x110F, 0x116A, 0x11A8},
	0xCF72:  {0x110F, 0x116A, 0x11A9},
	0xCF73:  {0x110F, 0x116A, 0x11AA},
	0xCF74:  {0x110F, 0x116A, 0x11AB},
	0xCF75:  {0x110F, 0x116A, 0x11AC},
	0xCF76:  {0x110F, 0x116A, 0x11AD},
	0xCF77:  {0x110F, 0x116A, 0x11AE},
	0xCF78:  {0x110F, 0x116A, 0x11AF},
	0xCF79:  {0x110F, 0x116A, 0x11B0},
	0xCF7A:  {0x110F, 0x116A, 0x11B1},
	0xCF7B:  {0x110F, 0x116A, 0x11B2},
	0xCF7C:  {0x110F, 0x116A, 0x11B3},
	0xCF7D:  {0x110F, 0x116A, 0x11B4},
	0xCF7E:  {0x110F, 0x116A, 0x11B5},
	0xCF7F:  {0x110F, 0x116A, 0x11B6},
	0xCF80:  {0x110F, 0x116A, 0x11B7},
	0xCF81:  {0x110F, 0x116A, 0x11B8},
	0xCF82:  {0x110F, 0x116A, 0x11B9},
	0xCF83:  {0x110F, 0x116A, 0x11BA},
	0xCF84:  {0x110F, 0x116A, 0x11BB},
	0xCF85:  {0x110F, 0x116A, 0x11BC},
	0xCF86:  {0x110F, 0x116A, 0x11BD},
	0xCF87:  {0x110F, 0x116A, 0x11BE},
	0xCF88:  {0x110F, 0x116A, 0x11BF},
	0xCF89:  {0x110F, 0x116A, 0x11C0},
	0xCF8A:  {0x110F, 0x116A, 0x11C1},
	0xCF8B:  {0x110F, 0x116A, 0x11C2},
	0xCF8C:  {0x110F, 0x116B},
	0xCF8D:  {0x110F, 0x116B, 0x11A8},
	0xCF8E:  {0x110F, 0x116B, 0x11A9},
	0xCF8F:  {0x110F, 0x116B, 0x11AA},
	0xCF90:  {0x110F, 0x116B, 0x11AB},
	0xCF91:  {0x110F, 0x116B, 0x11AC},
	0xCF92:  {0x110F, 0x116B, 0x11AD},
	0xCF93:  {0x110F, 0x116B, 0x11AE},
	0xCF94:  {0x110F, 0x116B, 0x11AF},
	0xCF95:  {0x110F, 0x116B, 0x11B0},
	0xCF96:  {0x110F, 0x116B, 0x11B1},
	0xCF97:  {0x110F, 0x116B, 0x11B2},
	0xCF98:  {0x110F, 0x116B, 0x11B3},
	0xCF99:  {0x110F, 0x116B, 0x11B4},
	0xCF9A:  {0x110F, 0x116B, 0x11B5},
	0xCF9B:  {0x110F, 0x116B, 0x11B6},
	0xCF9C:  {0x110F, 0x116B, 0x11B7},
	0xCF9D:  {0x110F, 0x116B, 0x11B8},
	0xCF9E:  {0x110F, 0x116B, 0x11B9},
	0xCF9F:  {0x110F, 0x116B, 0x11BA},
	0xCFA0:  {0x110F, 0x116B, 0x11BB},
	0xCFA1:  {0x110F, 0x116B, 0x11BC},
	0xCFA2:  {0x110F, 0x116B, 0x11BD},
	0xCFA3:  {0x110F, 0x116B, 0x11BE},
	0xCFA4:  {0x110F, 0x116B, 0x11BF},
	0xCFA5:  {0x110F, 0x116B, 0x11C0},
	0xCFA6:  {0x110F, 0x116B, 0x11C1},
	0xCFA7:  {0x110F, 0x116B, 0x11C2},
	0xCFA8:  {0x110F, 0x116C},
	0xCFA9:  {0x110F, 0x116C, 0x11A8},
	0xCFAA:  {0x110F, 0x116C, 0x11A9},
	0xCFAB:  {0x110F, 0x116C, 0x11AA},
	0xCFAC:  {0x110F, 0x116C, 0x11AB},
	0xCFAD:  {0x110F, 0x116C, 0x11AC},
	0xCFAE:  {0x110F, 0x116C, 0x11AD},
	0xCFAF:  {0x110F, 0x116C, 0x11AE},
	0xCFB0:  {0x110F, 0x116C, 0x11AF},
	0xCFB1:  {0x110F, 0x116C, 0x11B0},
	0xCFB2:  {0x110F, 0x116C, 0x11B1},
	0xCFB3:  {0x110F, 0x116C, 0x11B2},
	0xCFB4:  {0x110F, 0x116C, 0x11B3},
	0xCFB5:  {0x110F, 0x116C, 0x11B4},
	0xCFB6:  {0x110F, 0x116C, 0x11B5},
	0xCFB7:  {0x110F, 0x116C, 0x11B6},
	0xCFB8:  {0x110F, 0x116C, 0x11B7},
	0xCFB9:  {0x110F, 0x116C, 0x11B8},
	0xCFBA:  {0x110F, 0x116C, 0x11B9},
	0xCFBB:  {0x110F, 0x116C, 0x11BA},
	0xCFBC:  {0x110F, 0x116C, 0x11BB},
	0xCFBD:  {0x110F, 0x116C, 0x11BC},
	0xCFBE:  {0x110F, 0x116C, 0x11BD},
	0xCFBF:  {0x110F, 0x116C, 0x11BE},
	0xCFC0:  {0x110F, 0x116C, 0x11BF},
	0xCFC1:  {0x110F, 0x116C, 0x11C0},
	0xCFC2:  {0x110F, 0x116C, 0x11C1},
	0xCFC3:  {0x110F, 0x116C, 0x11C2},
	0xCFC4:  {0x110F, 0x116D},
	0xCFC5:  {0x110F, 0x116D, 0x11A8},
	0xCFC6:  {0x110F, 0x116D, 0x11A9},
	0xCFC7:  {0x110F, 0x116D, 0x11AA},
	0xCFC8:  {0x110F, 0x116D, 0x11AB},
	0xCFC9:  {0x110F, 0x116D, 0x11AC},
	0xCFCA:  {0x110F, 0x116D, 0x11AD},
	0xCFCB:  {0x110F, 0x116D, 0x11AE},
	0xCFCC:  {0x110F, 0x116D, 0x11AF},
	0xCFCD:  {0x110F, 0x116D, 0x11B0},
	0xCFCE:  {0x110F, 0x116D, 0x11B1},
	0xCFCF:  {0x110F, 0x116D, 0x11B2},
	0xCFD0:  {0x110F, 0x116D, 0x11B3},
	0xCFD1:  {0x110F, 0x116D, 0x11B4},
	0xCFD2:  {0x110F, 0x116D, 0x11B5},
	0xCFD3:  {0x110F, 0x116D, 0x11B6},
	0xCFD4:  {0x110F, 0x116D, 0x11B7},
	0xCFD5:  {0x110F, 0x116D, 0x11B8},
	0xCFD6:  {0x110F, 0x116D, 0x11B9},
	0xCFD7:  {0x110F, 0x116D, 0x11BA},
	0xCFD8:  {0x110F, 0x116D, 0x11BB},
	0xCFD9:  {0x110F, 0x116D, 0x11BC},
	0xCFDA:  {0x110F, 0x116D, 0x11BD},
	0xCFDB:  {0x110F, 0x116D, 0x11BE},
	0xCFDC:  {0x110F, 0x116D, 0x11BF},
	0xCFDD:  {0x110F, 0x116D, 0x11C0},
	0xCFDE:  {0x110F, 0x116D, 0x11C1},
	0xCFDF:  {0x110F, 0x116D, 0x11C2},
	0xCFE0:  {0x110F, 0x116E},
	0xCFE1:  {0x110F, 0x116E, 0x11A8},
	0xCFE2:  {0x110F, 0x116E, 0x11A9},
	0xCFE3:  {0x110F, 0x116E, 0x11AA},
	0xCFE4:  {0x110F, 0x116E, 0x11AB},
	0xCFE5:  {0x110F, 0x116E, 0x11AC},
	0xCFE6:  {0x110F, 0x116E, 0x11AD},
	0xCFE7:  {0x110F, 0x116E, 0x11AE},
	0xCFE8:  {0x110F, 0x116E, 0x11AF},
	0xCFE9:  {0x110F, 0x116E, 0x11B0},
	0xCFEA:  {0x110F, 0x116E, 0x11B1},
	0xCFEB:  {0x110F, 0x116E, 0x11B2},
	0xCFEC:  {0x110F, 0x116E, 0x11B3},
	0xCFED:  {0x110F, 0x116E, 0x11B4},
	0xCFEE:  {0x110F, 0x116E, 0x11B5},
	0xCFEF:  {0x110F, 0x116E, 0x11B6},
	0xCFF0:  {0x110F, 0x116E, 0x11B7},
	0xCFF1:  {0x110F, 0x116E, 0x11B8},
	0xCFF2:  {0x110F, 0x116E, 0x11B9},
	0xCFF3:  {0x110F, 0x116E, 0x11BA},
	0xCFF4:  {0x110F, 0x116E, 0x11BB},
	0xCFF5:  {0x110F, 0x116E, 0x11BC},
	0xCFF6:  {0x110F, 0x116E, 0x11BD},
	0xCFF7:  {0x110F, 0x116E, 0x11BE},
	0xCFF8:  {0x110F, 0x116E, 0x11BF},
	0xCFF9:  {0x110F, 0x116E, 0x11C0},
	0xCFFA:  {0x110F, 0x116E, 0x11C1},
	0xCFFB:  {0x110F, 0x116E, 0x11C2},
	0xCFFC:  {0x110F, 0x116F},
	0xCFFD:  {0x110F, 0x116F, 0x11A8},
	0xCFFE:  {0x110F, 0x116F, 0x11A9},
	0xCFFF:  {0x110F, 0x116F, 0x11AA},
	0xD000:  {0x110F, 0x116F, 0x11AB},
	0xD001:  {0x110F, 0x116F, 0x11AC},
	0xD002:  {0x110F, 0x116F, 0x11AD},
	0xD003:  {0x110F, 0x116F, 0x11AE},
	0xD004:  {0x110F, 0x116F, 0x11AF},
	0xD005:  {0x110F, 0x116F, 0x11B0},
	0xD006:  {0x110F, 0x116F, 0x11B1},
	0xD007:  {0x110F, 0x116F, 0x11B2},
	0xD008:  {0x110F, 0x116F, 0x11B3},
	0xD009:  {0x110F, 0x116F, 0x11B4},
	0xD00A:  {0x110F, 0x116F, 0x11B5},
	0xD00B:  {0x110F, 0x116F, 0x11B6},
	0xD00C:  {0x110F, 0x116F, 0x11B7},
	0xD00D:  {0x110F, 0x116F, 0x11B8},
	0xD00E:  {0x110F, 0x116F, 0x11B9},
	0xD00F:  {0x110F, 0x116F, 0x11BA},
	0xD010:  {0x110F, 0x116F, 0x11BB},
	0xD011:  {0x110F, 0x116F, 0x11BC},
	0xD012:  {0x110F, 0x116F, 0x11BD},
	0xD013:  {0x110F, 0x116F, 0x11BE},
	0xD014:  {0x110F, 0x116F, 0x11BF},
	0xD015:  {0x110F, 0x116F, 0x11C0},
	0xD016:  {0x110F, 0x116F, 0x11C1},
	0xD017:  {0x110F, 0x116F, 0x11C2},
	0xD018:  {0x110F, 0x1170},
	0xD019:  {0x110F, 0x1170, 0x11A8},
	0xD01A:  {0x110F, 0x1170, 0x11A9},
	0xD01B:  {0x110F, 0x1170, 0x11AA},
	0xD01C:  {0x110F, 0x1170, 0x11AB},
	0xD01D:  {0x110F, 0x1170, 0x11AC},
	0xD01E:  {0x110F, 0x1170, 0x11AD},
	0xD01F:  {0x110F, 0x1170, 0x11AE},
	0xD020:  {0x110F, 0x1170, 0x11AF},
	0xD021:  {0x110F, 0x1170, 0x11B0},
	0xD022:  {0x110F, 0x1170, 0x11B1},
	0xD023:  {0x110F, 0x1170, 0x11B2},
	0xD024:  {0x110F, 0x1170, 0x11B3},
	0xD025:  {0x110F, 0x1170, 0x11B4},
	0xD026:  {0x110F, 0x1170, 0x11B5},
	0xD027:  {0x110F, 0x1170, 0x11B6},
	0xD028:  {0x110F, 0x1170, 0x11B7},
	0xD029:  {0x110F, 0x1170, 0x11B8},
	0xD02A:  {0x110F, 0x1170, 0x11B9},
	0xD02B:  {0x110F, 0x1170, 0x11BA},
	0xD02C:  {0x110F, 0x1170, 0x11BB},
	0xD02D:  {0x110F, 0x1170, 0x11BC},
	0xD02E:  {0x110F, 0x1170, 0x11BD},
	0xD02F:  {0x110F, 0x1170, 0x11BE},
	0xD030:  {0x110F, 0x1170, 0x11BF},
	0xD031:  {0x110F, 0x1170, 0x11C0},
	0xD032:  {0x110F, 0x1170, 0x11C1},
	0xD033:  {0x110F, 0x1170, 0x11C2},
	0xD034:  {0x110F, 0x1171},
	0xD035:  {0x110F, 0x1171, 0x11A8},
	0xD036:  {0x110F, 0x1171, 0x11A9},
	0xD037:  {0x110F, 0x1171, 0x11AA},
	0xD038:  {0x110F, 0x1171, 0x11AB},
	0xD039:  {0x110F, 0x1171, 0x11AC},
	0xD03A:  {0x110F, 0x1171, 0x11AD},
	0xD03B:  {0x110F, 0x1171, 0x11AE},
	0xD03C:  {0x110F, 0x1171, 0x11AF},
	0xD03D:  {0x110F, 0x1171, 0x11B0},
	0xD03E:  {0x110F, 0x1171, 0x11B1},
	0xD03F:  {0x110F, 0x1171, 0x11B2},
	0xD040:  {0x110F, 0x1171, 0x11B3},
	0xD041:  {0x110F, 0x1171, 0x11B4},
	0xD042:  {0x110F, 0x1171, 0x11B5},
	0xD043:  {0x110F, 0x1171, 0x11B6},
	0xD044:  {0x110F, 0x1171, 0x11B7},
	0xD045:  {0x110F, 0x1171, 0x11B8},
	0xD046:  {0x110F, 0x1171, 0x11B9},
	0xD047:  {0x110F, 0x1171, 0x11BA},
	0xD048:  {0x110F, 0x1171, 0x11BB},
	0xD049:  {0x110F, 0x1171, 0x11BC},
	0xD04A:  {0x110F, 0x1171, 0x11BD},
	0xD04B:  {0x110F, 0x1171, 0x11BE},
	0xD04C:  {0x110F, 0x1171, 0x11BF},
	0xD04D:  {0x110F, 0x1171, 0x11C0},
	0xD04E:  {0x110F, 0x1171, 0x11C1},
	0xD04F:  {0x110F, 0x1171, 0x11C2},
	0xD050:  {0x110F, 0x1172},
	0xD051:  {0x110F, 0x1172, 0x11A8},
	0xD052:  {0x110F, 0x1172, 0x11A9},
	0xD053:  {0x110F, 0x1172, 0x11AA},
	0xD054:  {0x110F, 0x1172, 0x11AB},
	0xD055:  {0x110F, 0x1172, 0x11AC},
	0xD056:  {0x110F, 0x1172, 0x11AD},
	0xD057:  {0x110F, 0x1172, 0x11AE},
	0xD058:  {0x110F, 0x1172, 0x11AF},
	0xD059:  {0x110F, 0x1172, 0x11B0},
	0xD05A:  {0x110F, 0x1172, 0x11B1},
	0xD05B:  {0x110F, 0x1172, 0x11B2},
	0xD05C:  {0x110F, 0x1172, 0x11B3},
	0xD05D:  {0x110F, 0x1172, 0x11B4},
	0xD05E:  {0x110F, 0x1172, 0x11B5},
	0xD05F:  {0x110F, 0x1172, 0x11B6},
	0xD060:  {0x110F, 0x1172, 0x11B7},
	0xD061:  {0x110F, 0x1172, 0x11B8},
	0xD062:  {0x110F, 0x1172, 0x11B9},
	0xD063:  {0x110F, 0x1172, 0x11BA},
	0xD064:  {0x110F, 0x1172, 0x11BB},
	0xD065:  {0x110F, 0x1172, 0x11BC},
	0xD066:  {0x110F, 0x1172, 0x11BD},
	0xD067:  {0x110F, 0x1172, 0x11BE},
	0xD068:  {0x110F, 0x1172, 0x11BF},
	0xD069:  {0x110F, 0x1172, 0x11C0},
	0xD06A:  {0x110F, 0x1172, 0x11C1},
	0xD06B:  {0x110F, 0x1172, 0x11C2},
	0xD06C:  {0x110F, 0x1173},
	0xD06D:  {0x110F, 0x1173, 0x11A8},
	0xD06E:  {0x110F, 0x1173, 0x11A9},
	0xD06F:  {0x110F, 0x1173, 0x11AA},
	0xD070:  {0x110F, 0x1173, 0x11AB},
	0xD071:  {0x110F, 0x1173, 0x11AC},
	0xD072:  {0x110F, 0x1173, 0x11AD},
	0xD073:  {0x110F, 0x1173, 0x11AE},
	0xD074:  {0x110F, 0x1173, 0x11AF},
	0xD075:  {0x110F, 0x1173, 0x11B0},
	0xD076:  {0x110F, 0x1173, 0x11B1},
	0xD077:  {0x110F, 0x1173, 0x11B2},
	0xD078:  {0x110F, 0x1173, 0x11B3},
	0xD079:  {0x110F, 0x1173, 0x11B4},
	0xD07A:  {0x110F, 0x1173, 0x11B5},
	0xD07B:  {0x110F, 0x1173, 0x11B6},
	0xD07C:  {0x110F, 0x1173, 0x11B7},
	0xD07D:  {0x110F, 0x1173, 0x11B8},
	0xD07E:  {0x110F, 0x1173, 0x11B9},
	0xD07F:  {0x110F, 0x1173, 0x11BA},
	0xD080:  {0x110F, 0x1173, 0x11BB},
	0xD081:  {0x110F, 0x1173, 0x11BC},
	0xD082:  {0x110F, 0x1173, 0x11BD},
	0xD083:  {0x110F, 0x1173, 0x11BE},
	0xD084:  {0x110F, 0x1173, 0x11BF},
	0xD085:  {0x110F, 0x1173, 0x11C0},
	0xD086:  {0x110F, 0x1173, 0x11C1},
	0xD087:  {0x110F, 0x1173, 0x11C2},
	0xD088:  {0x110F, 0x1174},
	0xD089:  {0x110F, 0x1174, 0x11A8},
	0xD08A:  {0x110F, 0x1174, 0x11A9},
	0xD08B:  {0x110F, 0x1174, 0x11AA},
	0xD08C:  {0x110F, 0x1174, 0x11AB},
	0xD08D:  {0x110F, 0x1174, 0x11AC},
	0xD08E:  {0x110F, 0x1174, 0x11AD},
	0xD08F:  {0x110F, 0x1174, 0x11AE},
	0xD090:  {0x110F, 0x1174, 0x11AF},
	0xD091:  {0x110F, 0x1174, 0x11B0},
	0xD092:  {0x110F, 0x1174, 0x11B1},
	0xD093:  {0x110F, 0x1174, 0x11B2},
	0xD094:  {0x110F, 0x1174, 0x11B3},
	0xD095:  {0x110F, 0x1174, 0x11B4},
	0xD096:  {0x110F, 0x1174, 0x11B5},
	0xD097:  {0x110F, 0x1174, 0x11B6},
	0xD098:  {0x110F, 0x1174, 0x11B7},
	0xD099:  {0x110F, 0x1174, 0x11B8},
	0xD09A:  {0x110F, 0x1174, 0x11B9},
	0xD09B:  {0x110F, 0x1174, 0x11BA},
	0xD09C:  {0x110F, 0x1174, 0x11BB},
	0xD09D:  {0x110F, 0x1174, 0x11BC},
	0xD09E:  {0x110F, 0x1174, 0x11BD},
	0xD09F:  {0x110F, 0x1174, 0x11BE},
	0xD0A0:  {0x110F, 0x1174, 0x11BF},
	0xD0A1:  {0x110F, 0x1174, 0x11C0},
	0xD0A2:  {0x110F, 0x1174, 0x11C1},
	0xD0A3:  {0x110F, 0x1174, 0x11C2},
	0xD0A4:  {0x110F, 0x1175},
	0xD0A5:  {0x110F, 0x1175, 0x11A8},
	0xD0A6:  {0x110F, 0x1175, 0x11A9},
	0xD0A7:  {0x110F, 0x1175, 0x11AA},
	0xD0A8:  {0x110F, 0x1175, 0x11AB},
	0xD0A9:  {0x110F, 0x1175, 0x11AC},
	0xD0AA:  {0x110F, 0x1175, 0x11AD},
	0xD0AB:  {0x110F, 0x1175, 0x11AE},
	0xD0AC:  {0x110F, 0x1175, 0x11AF},
	0xD0AD:  {0x110F, 0x1175, 0x11B0},
	0xD0AE:  {0x110F, 0x1175, 0x11B1},
	0xD0AF:  {0x110F, 0x1175, 0x11B2},
	0xD0B0:  {0x110F, 0x1175, 0x11B3},
	0xD0B1:  {0x110F, 0x1175, 0x11B4},
	0xD0B2:  {0x110F, 0x1175, 0x11B5},
	0xD0B3:  {0x110F, 0x1175, 0x11B6},
	0xD0B4:  {0x110F, 0x1175, 0x11B7},
	0xD0B5:  {0x110F, 0x1175, 0x11B8},
	0xD0B6:  {0x110F, 0x1175, 0x11B9},
	0xD0B7:  {0x110F, 0x1175, 0x11BA},
	0xD0B8:  {0x110F, 0x1175, 0x11BB},
	0xD0B9:  {0x110F, 0x1175, 0x11BC},
	0xD0BA:  {0x110F, 0x1175, 0x11BD},
	0xD0BB:  {0x110F, 0x1175, 0x11BE},
	0xD0BC:  {0x110F, 0x1175, 0x11BF},
	0xD0BD:  {0x110F, 0x1175, 0x11C0},
	0xD0BE:  {0x110F, 0x1175, 0x11C1},
	0xD0BF:  {0x110F, 0x1175, 0x11C2},
	0xD0C0:  {0x1110, 0x1161},
	0xD0C1:  {0x1110, 0x1161, 0x11A8},
	0xD0C2:  {0x1110, 0x1161, 0x11A9},
	0xD0C3:  {0x1110, 0x1161, 0x11AA},
	0xD0C4:  {0x1110, 0x1161, 0x11AB},
	0xD0C5:  {0x1110, 0x1161, 0x11AC},
	0xD0C6:  {0x1110, 0x1161, 0x11AD},
	0xD0C7:  {0x1110, 0x1161, 0x11AE},
	0xD0C8:  {0x1110, 0x1161, 0x11AF},
	0xD0C9:  {0x1110, 0x1161, 0x11B0},
	0xD0CA:  {0x1110, 0x1161, 0x11B1},
	0xD0CB:  {0x1110, 0x1161, 0x11B2},
	0xD0CC:  {0x1110, 0x1161, 0x11B3},
	0xD0CD:  {0x1110, 0x1161, 0x11B4},
	0xD0CE:  {0x1110, 0x1161, 0x11B5},
	0xD0CF:  {0x1110, 0x1161, 0x11B6},
	0xD0D0:  {0x1110, 0x1161, 0x11B7},
	0xD0D1:  {0x1110, 0x1161, 0x11B8},
	0xD0D2:  {0x1110, 0x1161, 0x11B9},
	0xD0D3:  {0x1110, 0x1161, 0x11BA},
	0xD0D4:  {0x1110, 0x1161, 0x11BB},
	0xD0D5:  {0x1110, 0x1161, 0x11BC},
	0xD0D6:  {0x1110, 0x1161, 0x11BD},
	0xD0D7:  {0x1110, 0x1161, 0x11BE},
	0xD0D8:  {0x1110, 0x1161, 0x11BF},
	0xD0D9:  {0x1110, 0x1161, 0x11C0},
	0xD0DA:  {0x1110, 0x1161, 0x11C1},
	0xD0DB:  {0x1110, 0x1161, 0x11C2},
	0xD0DC:  {0x1110, 0x1162},
	0xD0DD:  {0x1110, 0x1162, 0x11A8},
	0xD0DE:  {0x1110, 0x1162, 0x11A9},
	0xD0DF:  {0x1110, 0x1162, 0x11AA},
	0xD0E0:  {0x1110, 0x1162, 0x11AB},
	0xD0E1:  {0x1110, 0x1162, 0x11AC},
	0xD0E2:  {0x1110, 0x1162, 0x11AD},
	0xD0E3:  {0x1110, 0x1162, 0x11AE},
	0xD0E4:  {0x1110, 0x1162, 0x11AF},
	0xD0E5:  {0x1110, 0x1162, 0x11B0},
	0xD0E6:  {0x1110, 0x1162, 0x11B1},
	0xD0E7:  {0x1110, 0x1162, 0x11B2},
	0xD0E8:  {0x1110, 0x1162, 0x11B3},
	0xD0E9:  {0x1110, 0x1162, 0x11B4},
	0xD0EA:  {0x1110, 0x1162, 0x11B5},
	0xD0EB:  {0x1110, 0x1162, 0x11B6},
	0xD0EC:  {0x1110, 0x1162, 0x11B7},
	0xD0ED:  {0x1110, 0x1162, 0x11B8},
	0xD0EE:  {0x1110, 0x1162, 0x11B9},
	0xD0EF:  {0x1110, 0x1162, 0x11BA},
	0xD0F0:  {0x1110, 0x1162, 0x11BB},
	0xD0F1:  {0x1110, 0x1162, 0x11BC},
	0xD0F2:  {0x1110, 0x1162, 0x11BD},
	0xD0F3:  {0x1110, 0x1162, 0x11BE},
	0xD0F4:  {0x1110, 0x1162, 0x11BF},
	0xD0F5:  {0x1110, 0x1162, 0x11C0},
	0xD0F6:  {0x1110, 0x1162, 0x11C1},
	0xD0F7:  {0x1110, 0x1162, 0x11C2},
	0xD0F8:  {0x1110, 0x1163},
	0xD0F9:  {0x1110, 0x1163, 0x11A8},
	0xD0FA:  {0x1110, 0x1163, 0x11A9},
	0xD0FB:  {0x1110, 0x1163, 0x11AA},
	0xD0FC:  {0x1110, 0x1163, 0x11AB},
	0xD0FD:  {0x1110, 0x1163, 0x11AC},
	0xD0FE:  {0x1110, 0x1163, 0x11AD},
	0xD0FF:  {0x1110, 0x1163, 0x11AE},
	0xD100:  {0x1110, 0x1163, 0x11AF},
	0xD101:  {0x1110, 0x1163, 0x11B0},
	0xD102:  {0x1110, 0x1163, 0x11B1},
	0xD103:  {0x1110, 0x1163, 0x11B2},
	0xD104:  {0x1110, 0x1163, 0x11B3},
	0xD105:  {0x1110, 0x1163, 0x11B4},
	0xD106:  {0x1110, 0x1163, 0x11B5},
	0xD107:  {0x1110, 0x1163, 0x11B6},
	0xD108:  {0x1110, 0x1163, 0x11B7},
	0xD109:  {0x1110, 0x1163, 0x11B8},
	0xD10A:  {0x1110, 0x1163, 0x11B9},
	0xD10B:  {0x1110, 0x1163, 0x11BA},
	0xD10C:  {0x1110, 0x1163, 0x11BB},
	0xD10D:  {0x1110, 0x1163, 0x11BC},
	0xD10E:  {0x1110, 0x1163, 0x11BD},
	0xD10F:  {0x1110, 0x1163, 0x11BE},
	0xD110:  {0x1110, 0x1163, 0x11BF},
	0xD111:  {0x1110, 0x1163, 0x11C0},
	0xD112:  {0x1110, 0x1163, 0x11C1},
	0xD113:  {0x1110, 0x1163, 0x11C2},
	0xD114:  {0x1110, 0x1164},
	0xD115:  {0x1110, 0x1164, 0x11A8},
	0xD116:  {0x1110, 0x1164, 0x11A9},
	0xD117:  {0x1110, 0x1164, 0x11AA},
	0xD118:  {0x1110, 0x1164, 0x11AB},
	0xD119:  {0x1110, 0x1164, 0x11AC},
	0xD11A:  {0x1110, 0x1164, 0x11AD},
	0xD11B:  {0x1110, 0x1164, 0x11AE},
	0xD11C:  {0x1110, 0x1164, 0x11AF},
	0xD11D:  {0x1110, 0x1164, 0x11B0},
	0xD11E:  {0x1110, 0x1164, 0x11B1},
	0xD11F:  {0x1110, 0x1164, 0x11B2},
	0xD120:  {0x1110, 0x1164, 0x11B3},
	0xD121:  {0x1110, 0x1164, 0x11B4},
	0xD122:  {0x1110, 0x1164, 0x11B5},
	0xD123:  {0x1110, 0x1164, 0x11B6},
	0xD124:  {0x1110, 0x1164, 0x11B7},
	0xD125:  {0x1110, 0x1164, 0x11B8},
	0xD126:  {0x1110, 0x1164, 0x11B9},
	0xD127:  {0x1110, 0x1164, 0x11BA},
	0xD128:  {0x1110, 0x1164, 0x11BB},
	0xD129:  {0x1110, 0x1164, 0x11BC},
	0xD12A:  {0x1110, 0x1164, 0x11BD},
	0xD12B:  {0x1110, 0x1164, 0x11BE},
	0xD12C:  {0x1110, 0x1164, 0x11BF},
	0xD12D:  {0x1110, 0x1164, 0x11C0},
	0xD12E:  {0x1110, 0x1164, 0x11C1},
	0xD12F:  {0x1110, 0x1164, 0x11C2},
	0xD130:  {0x1110, 0x1165},
	0xD131:  {0x1110, 0x1165, 0x11A8},
	0xD132:  {0x1110, 0x1165, 0x11A9},
	0xD133:  {0x1110, 0x1165, 0x11AA},
	0xD134:  {0x1110, 0x1165, 0x11AB},
	0xD135:  {0x1110, 0x1165, 0x11AC},
	0xD136:  {0x1110, 0x1165, 0x11AD},
	0xD137:  {0x1110, 0x1165, 0x11AE},
	0xD138:  {0x1110, 0x1165, 0x11AF},
	0xD139:  {0x1110, 0x1165, 0x11B0},
	0xD13A:  {0x1110, 0x1165, 0x11B1},
	0xD13B:  {0x1110, 0x1165, 0x11B2},
	0xD13C:  {0x1110, 0x1165, 0x11B3},
	0xD13D:  {0x1110, 0x1165, 0x11B4},
	0xD13E:  {0x1110, 0x1165, 0x11B5},
	0xD13F:  {0x1110, 0x1165, 0x11B6},
	0xD140:  {0x1110, 0x1165, 0x11B7},
	0xD141:  {0x1110, 0x1165, 0x11B8},
	0xD142:  {0x1110, 0x1165, 0x11B9},
	0xD143:  {0x1110, 0x1165, 0x11BA},
	0xD144:  {0x1110, 0x1165, 0x11BB},
	0xD145:  {0x1110, 0x1165, 0x11BC},
	0xD146:  {0x1110, 0x1165, 0x11BD},
	0xD147:  {0x1110, 0x1165, 0x11BE},
	0xD148:  {0x1110, 0x1165, 0x11BF},
	0xD149:  {0x1110, 0x1165, 0x11C0},
	0xD14A:  {0x1110, 0x1165, 0x11C1},
	0xD14B:  {0x1110, 0x1165, 0x11C2},
	0xD14C:  {0x1110, 0x1166},
	0xD14D:  {0x1110, 0x1166, 0x11A8},
	0xD14E:  {0x1110, 0x1166, 0x11A9},
	0xD14F:  {0x1110, 0x1166, 0x11AA},
	0xD150:  {0x1110, 0x1166, 0x11AB},
	0xD151:  {0x1110, 0x1166, 0x11AC},
	0xD152:  {0x1110, 0x1166, 0x11AD},
	0xD153:  {0x1110, 0x1166, 0x11AE},
	0xD154:  {0x1110, 0x1166, 0x11AF},
	0xD155:  {0x1110, 0x1166, 0x11B0},
	0xD156:  {0x1110, 0x1166, 0x11B1},
	0xD157:  {0x1110, 0x1166, 0x11B2},
	0xD158:  {0x1110, 0x1166, 0x11B3},
	0xD159:  {0x1110, 0x1166, 0x11B4},
	0xD15A:  {0x1110, 0x1166, 0x11B5},
	0xD15B:  {0x1110, 0x1166, 0x11B6},
	0xD15C:  {0x1110, 0x1166, 0x11B7},
	0xD15D:  {0x1110, 0x1166, 0x11B8},
	0xD15E:  {0x1110, 0x1166, 0x11B9},
	0xD15F:  {0x1110, 0x1166, 0x11BA},
	0xD160:  {0x1110, 0x1166, 0x11BB},
	0xD161:  {0x1110, 0x1166, 0x11BC},
	0xD162:  {0x1110, 0x1166, 0x11BD},
	0xD163:  {0x1110, 0x1166, 0x11BE},
	0xD164:  {0x1110, 0x1166, 0x11BF},
	0xD165:  {0x1110, 0x1166, 0x11C0},
	0xD166:  {0x1110, 0x1166, 0x11C1},
	0xD167:  {0x1110, 0x1166, 0x11C2},
	0xD168:  {0x1110, 0x1167},
	0xD169:  {0x1110, 0x1167, 0x11A8},
	0xD16A:  {0x1110, 0x1167, 0x11A9},
	0xD16B:  {0x1110, 0x1167, 0x11AA},
	0xD16C:  {0x1110, 0x1167, 0x11AB},
	0xD16D:  {0x1110, 0x1167, 0x11AC},
	0xD16E:  {0x1110, 0x1167, 0x11AD},
	0xD16F:  {0x1110, 0x1167, 0x11AE},
	0xD170:  {0x1110, 0x1167, 0x11AF},
	0xD171:  {0x1110, 0x1167, 0x11B0},
	0xD172:  {0x1110, 0x1167, 0x11B1},
	0xD173:  {0x1110, 0x1167, 0x11B2},
	0xD174:  {0x1110, 0x1167, 0x11B3},
	0xD175:  {0x1110, 0x1167, 0x11B4},
	0xD176:  {0x1110, 0x1167, 0x11B5},
	0xD177:  {0x1110, 0x1167, 0x11B6},
	0xD178:  {0x1110, 0x1167, 0x11B7},
	0xD179:  {0x1110, 0x1167, 0x11B8},
	0xD17A:  {0x1110, 0x1167, 0x11B9},
	0xD17B:  {0x1110, 0x1167, 0x11BA},
	0xD17C:  {0x1110, 0x1167, 0x11BB},
	0xD17D:  {0x1110, 0x1167, 0x11BC},
	0xD17E:  {0x1110, 0x1167, 0x11BD},
	0xD17F:  {0x1110, 0x1167, 0x11BE},
	0xD180:  {0x1110, 0x1167, 0x11BF},
	0xD181:  {0x1110, 0x1167, 0x11C0},
	0xD182:  {0x1110, 0x1167, 0x11C1},
	0xD183:  {0x1110, 0x1167, 0x11C2},
	0xD184:  {0x1110, 0x1168},
	0xD185:  {0x1110, 0x1168, 0x11A8},
	0xD186:  {0x1110, 0x1168, 0x11A9},
	0xD187:  {0x1110, 0x1168, 0x11AA},
	0xD188:  {0x1110, 0x1168, 0x11AB},
	0xD189:  {0x1110, 0x1168, 0x11AC},
	0xD18A:  {0x1110, 0x1168, 0x11AD},
	0xD18B:  {0x1110, 0x1168, 0x11AE},
	0xD18C:  {0x1110, 0x1168, 0x11AF},
	0xD18D:  {0x1110, 0x1168, 0x11B0},
	0xD18E:  {0x1110, 0x1168, 0x11B1},
	0xD18F:  {0x1110, 0x1168, 0x11B2},
	0xD190:  {0x1110, 0x1168, 0x11B3},
	0xD191:  {0x1110, 0x1168, 0x11B4},
	0xD192:  {0x1110, 0x1168, 0x11B5},
	0xD193:  {0x1110, 0x1168, 0x11B6},
	0xD194:  {0x1110, 0x1168, 0x11B7},
	0xD195:  {0x1110, 0x1168, 0x11B8},
	0xD196:  {0x1110, 0x1168, 0x11B9},
	0xD197:  {0x1110, 0x1168, 0x11BA},
	0xD198:  {0x1110, 0x1168, 0x11BB},
	0xD199:  {0x1110, 0x1168, 0x11BC},
	0xD19A:  {0x1110, 0x1168, 0x11BD},
	0xD19B:  {0x1110, 0x1168, 0x11BE},
	0xD19C:  {0x1110, 0x1168, 0x11BF},
	0xD19D:  {0x1110, 0x1168, 0x11C0},
	0xD19E:  {0x1110, 0x1168, 0x11C1},
	0xD19F:  {0x1110, 0x1168, 0x11C2},
	0xD1A0:  {0x1110, 0x1169},
	0xD1A1:  {0x1110, 0x1169, 0x11A8},
	0xD1A2:  {0x1110, 0x1169, 0x11A9},
	0xD1A3:  {0x1110, 0x1169, 0x11AA},
	0xD1A4:  {0x1110, 0x1169, 0x11AB},
	0xD1A5:  {0x1110, 0x1169, 0x11AC},
	0xD1A6:  {0x1110, 0x1169, 0x11AD},
	0xD1A7:  {0x1110, 0x1169, 0x11AE},
	0xD1A8:  {0x1110, 0x1169, 0x11AF},
	0xD1A9:  {0x1110, 0x1169, 0x11B0},
	0xD1AA:  {0x1110, 0x1169, 0x11B1},
	0xD1AB:  {0x1110, 0x1169, 0x11B2},
	0xD1AC:  {0x1110, 0x1169, 0x11B3},
	0xD1AD:  {0x1110, 0x1169, 0x11B4},
	0xD1AE:  {0x1110, 0x1169, 0x11B5},
	0xD1AF:  {0x1110, 0x1169, 0x11B6},
	0xD1B0:  {0x1110, 0x1169, 0x11B7},
	0xD1B1:  {0x1110, 0x1169, 0x11B8},
	0xD1B2:  {0x1110, 0x1169, 0x11B9},
	0xD1B3:  {0x1110, 0x1169, 0x11BA},
	0xD1B4:  {0x1110, 0x1169, 0x11BB},
	0xD1B5:  {0x1110, 0x1169, 0x11BC},
	0xD1B6:  {0x1110, 0x1169, 0x11BD},
	0xD1B7:  {0x1110, 0x1169, 0x11BE},
	0xD1B8:  {0x1110, 0x1169, 0x11BF},
	0xD1B9:  {0x1110, 0x1169, 0x11C0},
	0xD1BA:  {0x1110, 0x1169, 0x11C1},
	0xD1BB:  {0x1110, 0x1169, 0x11C2},
	0xD1BC:  {0x1110, 0x116A},
	0xD1BD:  {0x1110, 0x116A, 0x11A8},
	0xD1BE:  {0x1110, 0x116A, 0x11A9},
	0xD1BF:  {0x1110, 0x116A, 0x11AA},
	0xD1C0:  {0x1110, 0x116A, 0x11AB},
	0xD1C1:  {0x1110, 0x116A, 0x11AC},
	0xD1C2:  {0x1110, 0x116A, 0x11AD},
	0xD1C3:  {0x1110, 0x116A, 0x11AE},
	0xD1C4:  {0x1110, 0x116A, 0x11AF},
	0xD1C5:  {0x1110, 0x116A, 0x11B0},
	0xD1C6:  {0x1110, 0x116A, 0x11B1},
	0xD1C7:  {0x1110, 0x116A, 0x11B2},
	0xD1C8:  {0x1110, 0x116A, 0x11B3},
	0xD1C9:  {0x1110, 0x116A, 0x11B4},
	0xD1CA:  {0x1110, 0x116A, 0x11B5},
	0xD1CB:  {0x1110, 0x116A, 0x11B6},
	0xD1CC:  {0x1110, 0x116A, 0x11B7},
	0xD1CD:  {0x1110, 0x116A, 0x11B8},
	0xD1CE:  {0x1110, 0x116A, 0x11B9},
	0xD1CF:  {0x1110, 0x116A, 0x11BA},
	0xD1D0:  {0x1110, 0x116A, 0x11BB},
	0xD1D1:  {0x1110, 0x116A, 0x11BC},
	0xD1D2:  {0x1110, 0x116A, 0x11BD},
	0xD1D3:  {0x1110, 0x116A, 0x11BE},
	0xD1D4:  {0x1110, 0x116A, 0x11BF},
	0xD1D5:  {0x1110, 0x116A, 0x11C0},
	0xD1D6:  {0x1110, 0x116A, 0x11C1},
	0xD1D7:  {0x1110, 0x116A, 0x11C2},
	0xD1D8:  {0x1110, 0x116B},
	0xD1D9:  {0x1110, 0x116B, 0x11A8},
	0xD1DA:  {0x1110, 0x116B, 0x11A9},
	0xD1DB:  {0x1110, 0x116B, 0x11AA},
	0xD1DC:  {0x1110, 0x116B, 0x11AB},
	0xD1DD:  {0x1110, 0x116B, 0x11AC},
	0xD1DE:  {0x1110, 0x116B, 0x11AD},
	0xD1DF:  {0x1110, 0x116B, 0x11AE},
	0xD1E0:  {0x1110, 0x116B, 0x11AF},
	0xD1E1:  {0x1110, 0x116B, 0x11B0},
	0xD1E2:  {0x1110, 0x116B, 0x11B1},
	0xD1E3:  {0x1110, 0x116B, 0x11B2},
	0xD1E4:  {0x1110, 0x116B, 0x11B3},
	0xD1E5:  {0x1110, 0x116B, 0x11B4},
	0xD1E6:  {0x1110, 0x116B, 0x11B5},
	0xD1E7:  {0x1110, 0x116B, 0x11B6},
	0xD1E8:  {0x1110, 0x116B, 0x11B7},
	0xD1E9:  {0x1110, 0x116B, 0x11B8},
	0xD1EA:  {0x1110, 0x116B, 0x11B9},
	0xD1EB:  {0x1110, 0x116B, 0x11BA},
	0xD1EC:  {0x1110, 0x116B, 0x11BB},
	0xD1ED:  {0x1110, 0x116B, 0x11BC},
	0xD1EE:  {0x1110, 0x116B, 0x11BD},
	0xD1EF:  {0x1110, 0x116B, 0x11BE},
	0xD1F0:  {0x1110, 0x116B, 0x11BF},
	0xD1F1:  {0x1110, 0x116B, 0x11C0},
	0xD1F2:  {0x1110, 0x116B, 0x11C1},
	0xD1F3:  {0x1110, 0x116B, 0x11C2},
	0xD1F4:  {0x1110, 0x116C},
	0xD1F5:  {0x1110, 0x116C, 0x11A8},
	0xD1F6:  {0x1110, 0x116C, 0x11A9},
	0xD1F7:  {0x1110, 0x116C, 0x11AA},
	0xD1F8:  {0x1110, 0x116C, 0x11AB},
	0xD1F9:  {0x1110, 0x116C, 0x11AC},
	0xD1FA:  {0x1110, 0x116C, 0x11AD},
	0xD1FB:  {0x1110, 0x116C, 0x11AE},
	0xD1FC:  {0x1110, 0x116C, 0x11AF},
	0xD1FD:  {0x1110, 0x116C, 0x11B0},
	0xD1FE:  {0x1110, 0x116C, 0x11B1},
	0xD1FF:  {0x1110, 0x116C, 0x11B2},
	0xD200:  {0x1110, 0x116C, 0x11B3},
	0xD201:  {0x1110, 0x116C, 0x11B4},
	0xD202:  {0x1110, 0x116C, 0x11B5},
	0xD203:  {0x1110, 0x116C, 0x11B6},
	0xD204:  {0x1110, 0x116C, 0x11B7},
	0xD205:  {0x1110, 0x116C, 0x11B8},
	0xD206:  {0x1110, 0x116C, 0x11B9},
	0xD207:  {0x1110, 0x116C, 0x11BA},
	0xD208:  {0x1110, 0x116C, 0x11BB},
	0xD209:  {0x1110, 0x116C, 0x11BC},
	0xD20A:  {0x1110, 0x116C, 0x11BD},
	0xD20B:  {0x1110, 0x116C, 0x11BE},
	0xD20C:  {0x1110, 0x116C, 0x11BF},
	0xD20D:  {0x1110, 0x116C, 0x11C0},
	0xD20E:  {0x1110, 0x116C, 0x11C1},
	0xD20F:  {0x1110, 0x116C, 0x11C2},
	0xD210:  {0x1110, 0x116D},
	0xD211:  {0x1110, 0x116D, 0x11A8},
	0xD212:  {0x1110, 0x116D, 0x11A9},
	0xD213:  {0x1110, 0x116D, 0x11AA},
	0xD214:  {0x1110, 0x116D, 0x11AB},
	0xD215:  {0x1110, 0x116D, 0x11AC},
	0xD216:  {0x1110, 0x116D, 0x11AD},
	0xD217:  {0x1110, 0x116D, 0x11AE},
	0xD218:  {0x1110, 0x116D, 0x11AF},
	0xD219:  {0x1110, 0x116D, 0x11B0},
	0xD21A:  {0x1110, 0x116D, 0x11B1},
	0xD21B:  {0x1110, 0x116D, 0x11B2},
	0xD21C:  {0x1110, 0x116D, 0x11B3},
	0xD21D:  {0x1110, 0x116D, 0x11B4},
	0xD21E:  {0x1110, 0x116D, 0x11B5},
	0xD21F:  {0x1110, 0x116D, 0x11B6},
	0xD220:  {0x1110, 0x116D, 0x11B7},
	0xD221:  {0x1110, 0x116D, 0x11B8},
	0xD222:  {0x1110, 0x116D, 0x11B9},
	0xD223:  {0x1110, 0x116D, 0x11BA},
	0xD224:  {0x1110, 0x116D, 0x11BB},
	0xD225:  {0x1110, 0x116D, 0x11BC},
	0xD226:  {0x1110, 0x116D, 0x11BD},
	0xD227:  {0x1110, 0x116D, 0x11BE},
	0xD228:  {0x1110, 0x116D, 0x11BF},
	0xD229:  {0x1110, 0x116D, 0x11C0},
	0xD22A:  {0x1110, 0x116D, 0x11C1},
	0xD22B:  {0x1110, 0x116D, 0x11C2},
	0xD22C:  {0x1110, 0x116E},
	0xD22D:  {0x1110, 0x116E, 0x11A8},
	0xD22E:  {0x1110, 0x116E, 0x11A9},
	0xD22F:  {0x1110, 0x116E, 0x11AA},
	0xD230:  {0x1110, 0x116E, 0x11AB},
	0xD231:  {0x1110, 0x116E, 0x11AC},
	0xD232:  {0x1110, 0x116E, 0x11AD},
	0xD233:  {0x1110, 0x116E, 0x11AE},
	0xD234:  {0x1110, 0x116E, 0x11AF},
	0xD235:  {0x1110, 0x116E, 0x11B0},
	0xD236:  {0x1110, 0x116E, 0x11B1},
	0xD237:  {0x1110, 0x116E, 0x11B2},
	0xD238:  {0x1110, 0x116E, 0x11B3},
	0xD239:  {0x1110, 0x116E, 0x11B4},
	0xD23A:  {0x1110, 0x116E, 0x11B5},
	0xD23B:  {0x1110, 0x116E, 0x11B6},
	0xD23C:  {0x1110, 0x116E, 0x11B7},
	0xD23D:  {0x1110, 0x116E, 0x11B8},
	0xD23E:  {0x1110, 0x116E, 0x11B9},
	0xD23F:  {0x1110, 0x116E, 0x11BA},
	0xD240:  {0x1110, 0x116E, 0x11BB},
	0xD241:  {0x1110, 0x116E, 0x11BC},
	0xD242:  {0x1110, 0x116E, 0x11BD},
	0xD243:  {0x1110, 0x116E, 0x11BE},
	0xD244:  {0x1110, 0x116E, 0x11BF},
	0xD245:  {0x1110, 0x116E, 0x11C0},
	0xD246:  {0x1110, 0x116E, 0x11C1},
	0xD247:  {0x1110, 0x116E, 0x11C2},
	0xD248:  {0x1110, 0x116F},
	0xD249:  {0x1110, 0x116F, 0x11A8},
	0xD24A:  {0x1110, 0x116F, 0x11A9},
	0xD24B:  {0x1110, 0x116F, 0x11AA},
	0xD24C:  {0x1110, 0x116F, 0x11AB},
	0xD24D:  {0x1110, 0x116F, 0x11AC},
	0xD24E:  {0x1110, 0x116F, 0x11AD},
	0xD24F:  {0x1110, 0x116F, 0x11AE},
	0xD250:  {0x1110, 0x116F, 0x11AF},
	0xD251:  {0x1110, 0x116F, 0x11B0},
	0xD252:  {0x1110, 0x116F, 0x11B1},
	0xD253:  {0x1110, 0x116F, 0x11B2},
	0xD254:  {0x1110, 0x116F, 0x11B3},
	0xD255:  {0x1110, 0x116F, 0x11B4},
	0xD256:  {0x1110, 0x116F, 0x11B5},
	0xD257:  {0x1110, 0x116F, 0x11B6},
	0xD258:  {0x1110, 0x116F, 0x11B7},
	0xD259:  {0x1110, 0x116F, 0x11B8},
	0xD25A:  {0x1110, 0x116F, 0x11B9},
	0xD25B:  {0x1110, 0x116F, 0x11BA},
	0xD25C:  {0x1110, 0x116F, 0x11BB},
	0xD25D:  {0x1110, 0x116F, 0x11BC},
	0xD25E:  {0x1110, 0x116F, 0x11BD},
	0xD25F:  {0x1110, 0x116F, 0x11BE},
	0xD260:  {0x1110, 0x116F, 0x11BF},
	0xD261:  {0x1110, 0x116F, 0x11C0},
	0xD262:  {0x1110, 0x116F, 0x11C1},
	0xD263:  {0x1110, 0x116F, 0x11C2},
	0xD264:  {0x1110, 0x1170},
	0xD265:  {0x1110, 0x1170, 0x11A8},
	0xD266:  {0x1110, 0x1170, 0x11A9},
	0xD267:  {0x1110, 0x1170, 0x11AA},
	0xD268:  {0x1110, 0x1170, 0x11AB},
	0xD269:  {0x1110, 0x1170, 0x11AC},
	0xD26A:  {0x1110, 0x1170, 0x11AD},
	0xD26B:  {0x1110, 0x1170, 0x11AE},
	0xD26C:  {0x1110, 0x1170, 0x11AF},
	0xD26D:  {0x1110, 0x1170, 0x11B0},
	0xD26E:  {0x1110, 0x1170, 0x11B1},
	0xD26F:  {0x1110, 0x1170, 0x11B2},
	0xD270:  {0x1110, 0x1170, 0x11B3},
	0xD271:  {0x1110, 0x1170, 0x11B4},
	0xD272:  {0x1110, 0x1170, 0x11B5},
	0xD273:  {0x1110, 0x1170, 0x11B6},
	0xD274:  {0x1110, 0x1170, 0x11B7},
	0xD275:  {0x1110, 0x1170, 0x11B8},
	0xD276:  {0x1110, 0x1170, 0x11B9},
	0xD277:  {0x1110, 0x1170, 0x11BA},
	0xD278:  {0x1110, 0x1170, 0x11BB},
	0xD279:  {0x1110, 0x1170, 0x11BC},
	0xD27A:  {0x1110, 0x1170, 0x11BD},
	0xD27B:  {0x1110, 0x1170, 0x11BE},
	0xD27C:  {0x1110, 0x1170, 0x11BF},
	0xD27D:  {0x1110, 0x1170, 0x11C0},
	0xD27E:  {0x1110, 0x1170, 0x11C1},
	0xD27F:  {0x1110, 0x1170, 0x11C2},
	0xD280:  {0x1110, 0x1171},
	0xD281:  {0x1110, 0x1171, 0x11A8},
	0xD282:  {0x1110, 0x1171, 0x11A9},
	0xD283:  {0x1110, 0x1171, 0x11AA},
	0xD284:  {0x1110, 0x1171, 0x11AB},
	0xD285:  {0x1110, 0x1171, 0x11AC},
	0xD286:  {0x1110, 0x1171, 0x11AD},
	0xD287:  {0x1110, 0x1171, 0x11AE},
	0xD288:  {0x1110, 0x1171, 0x11AF},
	0xD289:  {0x1110, 0x1171, 0x11B0},
	0xD28A:  {0x1110, 0x1171, 0x11B1},
	0xD28B:  {0x1110, 0x1171, 0x11B2},
	0xD28C:  {0x1110, 0x1171, 0x11B3},
	0xD28D:  {0x1110, 0x1171, 0x11B4},
	0xD28E:  {0x1110, 0x1171, 0x11B5},
	0xD28F:  {0x1110, 0x1171, 0x11B6},
	0xD290:  {0x1110, 0x1171, 0x11B7},
	0xD291:  {0x1110, 0x1171, 0x11B8},
	0xD292:  {0x1110, 0x1171, 0x11B9},
	0xD293:  {0x1110, 0x1171, 0x11BA},
	0xD294:  {0x1110, 0x1171, 0x11BB},
	0xD295:  {0x1110, 0x1171, 0x11BC},
	0xD296:  {0x1110, 0x1171, 0x11BD},
	0xD297:  {0x1110, 0x1171, 0x11BE},
	0xD298:  {0x1110, 0x1171, 0x11BF},
	0xD299:  {0x1110, 0x1171, 0x11C0},
	0xD29A:  {0x1110, 0x1171, 0x11C1},
	0xD29B:  {0x1110, 0x1171, 0x11C2},
	0xD29C:  {0x1110, 0x1172},
	0xD29D:  {0x1110, 0x1172, 0x11A8},
	0xD29E:  {0x1110, 0x1172, 0x11A9},
	0xD29F:  {0x1110, 0x1172, 0x11AA},
	0xD2A0:  {0x1110, 0x1172, 0x11AB},
	0xD2A1:  {0x1110, 0x1172, 0x11AC},
	0xD2A2:  {0x1110, 0x1172, 0x11AD},
	0xD2A3:  {0x1110, 0x1172, 0x11AE},
	0xD2A4:  {0x1110, 0x1172, 0x11AF},
	0xD2A5:  {0x1110, 0x1172, 0x11B0},
	0xD2A6:  {0x1110, 0x1172, 0x11B1},
	0xD2A7:  {0x1110, 0x1172, 0x11B2},
	0xD2A8:  {0x1110, 0x1172, 0x11B3},
	0xD2A9:  {0x1110, 0x1172, 0x11B4},
	0xD2AA:  {0x1110, 0x1172, 0x11B5},
	0xD2AB:  {0x1110, 0x1172, 0x11B6},
	0xD2AC:  {0x1110, 0x1172, 0x11B7},
	0xD2AD:  {0x1110, 0x1172, 0x11B8},
	0xD2AE:  {0x1110, 0x1172, 0x11B9},
	0xD2AF:  {0x1110, 0x1172, 0x11BA},
	0xD2B0:  {0x1110, 0x1172, 0x11BB},
	0xD2B1:  {0x1110, 0x1172, 0x11BC},
	0xD2B2:  {0x1110, 0x1172, 0x11BD},
	0xD2B3:  {0x1110, 0x1172, 0x11BE},
	0xD2B4:  {0x1110, 0x1172, 0x11BF},
	0xD2B5:  {0x1110, 0x1172, 0x11C0},
	0xD2B6:  {0x1110, 0x1172, 0x11C1},
	0xD2B7:  {0x1110, 0x1172, 0x11C2},
	0xD2B8:  {0x1110, 0x1173},
	0xD2B9:  {0x1110, 0x1173, 0x11A8},
	0xD2BA:  {0x1110, 0x1173, 0x11A9},
	0xD2BB:  {0x1110, 0x1173, 0x11AA},
	0xD2BC:  {0x1110, 0x1173, 0x11AB},
	0xD2BD:  {0x1110, 0x1173, 0x11AC},
	0xD2BE:  {0x1110, 0x1173, 0x11AD},
	0xD2BF:  {0x1110, 0x1173, 0x11AE},
	0xD2C0:  {0x1110, 0x1173, 0x11AF},
	0xD2C1:  {0x1110, 0x1173, 0x11B0},
	0xD2C2:  {0x1110, 0x1173, 0x11B1},
	0xD2C3:  {0x1110, 0x1173, 0x11B2},
	0xD2C4:  {0x1110, 0x1173, 0x11B3},
	0xD2C5:  {0x1110, 0x1173, 0x11B4},
	0xD2C6:  {0x1110, 0x1173, 0x11B5},
	0xD2C7:  {0x1110, 0x1173, 0x11B6},
	0xD2C8:  {0x1110, 0x1173, 0x11B7},
	0xD2C9:  {0x1110, 0x1173, 0x11B8},
	0xD2CA:  {0x1110, 0x1173, 0x11B9},
	0xD2CB:  {0x1110, 0x1173, 0x11BA},
	0xD2CC:  {0x1110, 0x1173, 0x11BB},
	0xD2CD:  {0x1110, 0x1173, 0x11BC},
	0xD2CE:  {0x1110, 0x1173, 0x11BD},
	0xD2CF:  {0x1110, 0x1173, 0x11BE},
	0xD2D0:  {0x1110, 0x1173, 0x11BF},
	0xD2D1:  {0x1110, 0x1173, 0x11C0},
	0xD2D2:  {0x1110, 0x1173, 0x11C1},
	0xD2D3:  {0x1110, 0x1173, 0x11C2},
	0xD2D4:  {0x1110, 0x1174},
	0xD2D5:  {0x1110, 0x1174, 0x11A8},
	0xD2D6:  {0x1110, 0x1174, 0x11A9},
	0xD2D7:  {0x1110, 0x1174, 0x11AA},
	0xD2D8:  {0x1110, 0x1174, 0x11AB},
	0xD2D9:  {0x1110, 0x1174, 0x11AC},
	0xD2DA:  {0x1110, 0x1174, 0x11AD},
	0xD2DB:  {0x1110, 0x1174, 0x11AE},
	0xD2DC:  {0x1110, 0x1174, 0x11AF},
	0xD2DD:  {0x1110, 0x1174, 0x11B0},
	0xD2DE:  {0x1110, 0x1174, 0x11B1},
	0xD2DF:  {0x1110, 0x1174, 0x11B2},
	0xD2E0:  {0x1110, 0x1174, 0x11B3},
	0xD2E1:  {0x1110, 0x1174, 0x11B4},
	0xD2E2:  {0x1110, 0x1174, 0x11B5},
	0xD2E3:  {0x1110, 0x1174, 0x11B6},
	0xD2E4:  {0x1110, 0x1174, 0x11B7},
	0xD2E5:  {0x1110, 0x1174, 0x11B8},
	0xD2E6:  {0x1110, 0x1174, 0x11B9},
	0xD2E7:  {0x1110, 0x1174, 0x11BA},
	0xD2E8:  {0x1110, 0x1174, 0x11BB},
	0xD2E9:  {0x1110, 0x1174, 0x11BC},
	0xD2EA:  {0x1110, 0x1174, 0x11BD},
	0xD2EB:  {0x1110, 0x1174, 0x11BE},
	0xD2EC:  {0x1110, 0x1174, 0x11BF},
	0xD2ED:  {0x1110, 0x1174, 0x11C0},
	0xD2EE:  {0x1110, 0x1174, 0x11C1},
	0xD2EF:  {0x1110, 0x1174, 0x11C2},
	0xD2F0:  {0x1110, 0x1175},
	0xD2F1:  {0x1110, 0x1175, 0x11A8},
	0xD2F2:  {0x1110, 0x1175, 0x11A9},
	0xD2F3:  {0x1110, 0x1175, 0x11AA},
	0xD2F4:  {0x1110, 0x1175, 0x11AB},
	0xD2F5:  {0x1110, 0x1175, 0x11AC},
	0xD2F6:  {0x1110, 0x1175, 0x11AD},
	0xD2F7:  {0x1110, 0x1175, 0x11AE},
	0xD2F8:  {0x1110, 0x1175, 0x11AF},
	0xD2F9:  {0x1110, 0x1175, 0x11B0},
	0xD2FA:  {0x1110, 0x1175, 0x11B1},
	0xD2FB:  {0x1110, 0x1175, 0x11B2},
	0xD2FC:  {0x1110, 0x1175, 0x11B3},
	0xD2FD:  {0x1110, 0x1175, 0x11B4},
	0xD2FE:  {0x1110, 0x1175, 0x11B5},
	0xD2FF:  {0x1110, 0x1175, 0x11B6},
	0xD300:  {0x1110, 0x1175, 0x11B7},
	0xD301:  {0x1110, 0x1175, 0x11B8},
	0xD302:  {0x1110, 0x1175, 0x11B9},
	0xD303:  {0x1110, 0x1175, 0x11BA},
	0xD304:  {0x1110, 0x1175, 0x11BB},
	0xD305:  {0x1110, 0x1175, 0x11BC},
	0xD306:  {0x1110, 0x1175, 0x11BD},
	0xD307:  {0x1110, 0x1175, 0x11BE},
	0xD308:  {0x1110, 0x1175, 0x11BF},
	0xD309:  {0x1110, 0x1175, 0x11C0},
	0xD30A:  {0x1110, 0x1175, 0x11C1},
	0xD30B:  {0x1110, 0x1175, 0x11C2},
	0xD30C:  {0x1111, 0x1161},
	0xD30D:  {0x1111, 0x1161, 0x11A8},
	0xD30E:  {0x1111, 0x1161, 0x11A9},
	0xD30F:  {0x1111, 0x1161, 0x11AA},
	0xD310:  {0x1111, 0x1161, 0x11AB},
	0xD311:  {0x1111, 0x1161, 0x11AC},
	0xD312:  {0x1111, 0x1161, 0x11AD},
	0xD313:  {0x1111, 0x1161, 0x11AE},
	0xD314:  {0x1111, 0x1161, 0x11AF},
	0xD315:  {0x1111, 0x1161, 0x11B0},
	0xD316:  {0x1111, 0x1161, 0x11B1},
	0xD317:  {0x1111, 0x1161, 0x11B2},
	0xD318:  {0x1111, 0x1161, 0x11B3},
	0xD319:  {0x1111, 0x1161, 0x11B4},
	0xD31A:  {0x1111, 0x1161, 0x11B5},
	0xD31B:  {0x1111, 0x1161, 0x11B6},
	0xD31C:  {0x1111, 0x1161, 0x11B7},
	0xD31D:  {0x1111, 0x1161, 0x11B8},
	0xD31E:  {0x1111, 0x1161, 0x11B9},
	0xD31F:  {0x1111, 0x1161, 0x11BA},
	0xD320:  {0x1111, 0x1161, 0x11BB},
	0xD321:  {0x1111, 0x1161, 0x11BC},
	0xD322:  {0x1111, 0x1161, 0x11BD},
	0xD323:  {0x1111, 0x1161, 0x11BE},
	0xD324:  {0x1111, 0x1161, 0x11BF},
	0xD325:  {0x1111, 0x1161, 0x11C0},
	0xD326:  {0x1111, 0x1161, 0x11C1},
	0xD327:  {0x1111, 0x1161, 0x11C2},
	0xD328:  {0x1111, 0x1162},
	0xD329:  {0x1111, 0x1162, 0x11A8},
	0xD32A:  {0x1111, 0x1162, 0x11A9},
	0xD32B:  {0x1111, 0x1162, 0x11AA},
	0xD32C:  {0x1111, 0x1162, 0x11AB},
	0xD32D:  {0x1111, 0x1162, 0x11AC},
	0xD32E:  {0x1111, 0x1162, 0x11AD},
	0xD32F:  {0x1111, 0x1162, 0x11AE},
	0xD330:  {0x1111, 0x1162, 0x11AF},
	0xD331:  {0x1111, 0x1162, 0x11B0},
	0xD332:  {0x1111, 0x1162, 0x11B1},
	0xD333:  {0x1111, 0x1162, 0x11B2},
	0xD334:  {0x1111, 0x1162, 0x11B3},
	0xD335:  {0x1111, 0x1162, 0x11B4},
	0xD336:  {0x1111, 0x1162, 0x11B5},
	0xD337:  {0x1111, 0x1162, 0x11B6},
	0xD338:  {0x1111, 0x1162, 0x11B7},
	0xD339:  {0x1111, 0x1162, 0x11B8},
	0xD33A:  {0x1111, 0x1162, 0x11B9},
	0xD33B:  {0x1111, 0x1162, 0x11BA},
	0xD33C:  {0x1111, 0x1162, 0x11BB},
	0xD33D:  {0x1111, 0x1162, 0x11BC},
	0xD33E:  {0x1111, 0x1162, 0x11BD},
	0xD33F:  {0x1111, 0x1162, 0x11BE},
	0xD340:  {0x1111, 0x1162, 0x11BF},
	0xD341:  {0x1111, 0x1162, 0x11C0},
	0xD342:  {0x1111, 0x1162, 0x11C1},
	0xD343:  {0x1111, 0x1162, 0x11C2},
	0xD344:  {0x1111, 0x1163},
	0xD345:  {0x1111, 0x1163, 0x11A8},
	0xD346:  {0x1111, 0x1163, 0x11A9},
	0xD347:  {0x1111, 0x1163, 0x11AA},
	0xD348:  {0x1111, 0x1163, 0x11AB},
	0xD349:  {0x1111, 0x1163, 0x11AC},
	0xD34A:  {0x1111, 0x1163, 0x11AD},
	0xD34B:  {0x1111, 0x1163, 0x11AE},
	0xD34C:  {0x1111, 0x1163, 0x11AF},
	0xD34D:  {0x1111, 0x1163, 0x11B0},
	0xD34E:  {0x1111, 0x1163, 0x11B1},
	0xD34F:  {0x1111, 0x1163, 0x11B2},
	0xD350:  {0x1111, 0x1163, 0x11B3},
	0xD351:  {0x1111, 0x1163, 0x11B4},
	0xD352:  {0x1111, 0x1163, 0x11B5},
	0xD353:  {0x1111, 0x1163, 0x11B6},
	0xD354:  {0x1111, 0x1163, 0x11B7},
	0xD355:  {0x1111, 0x1163, 0x11B8},
	0xD356:  {0x1111, 0x1163, 0x11B9},
	0xD357:  {0x1111, 0x1163, 0x11BA},
	0xD358:  {0x1111, 0x1163, 0x11BB},
	0xD359:  {0x1111, 0x1163, 0x11BC},
	0xD35A:  {0x1111, 0x1163, 0x11BD},
	0xD35B:  {0x1111, 0x1163, 0x11BE},
	0xD35C:  {0x1111, 0x1163, 0x11BF},
	0xD35D:  {0x1111, 0x1163, 0x11C0},
	0xD35E:  {0x1111, 0x1163, 0x11C1},
	0xD35F:  {0x1111, 0x1163, 0x11C2},
	0xD360:  {0x1111, 0x1164},
	0xD361:  {0x1111, 0x1164, 0x11A8},
	0xD362:  {0x1111, 0x1164, 0x11A9},
	0xD363:  {0x1111, 0x1164, 0x11AA},
	0xD364:  {0x1111, 0x1164, 0x11AB},
	0xD365:  {0x1111, 0x1164, 0x11AC},
	0xD366:  {0x1111, 0x1164, 0x11AD},
	0xD367:  {0x1111, 0x1164, 0x11AE},
	0xD368:  {0x1111, 0x1164, 0x11AF},
	0xD369:  {0x1111, 0x1164, 0x11B0},
	0xD36A:  {0x1111, 0x1164, 0x11B1},
	0xD36B:  {0x1111, 0x1164, 0x11B2},
	0xD36C:  {0x1111, 0x1164, 0x11B3},
	0xD36D:  {0x1111, 0x1164, 0x11B4},
	0xD36E:  {0x1111, 0x1164, 0x11B5},
	0xD36F:  {0x1111, 0x1164, 0x11B6},
	0xD370:  {0x1111, 0x1164, 0x11B7},
	0xD371:  {0x1111, 0x1164, 0x11B8},
	0xD372:  {0x1111, 0x1164, 0x11B9},
	0xD373:  {0x1111, 0x1164, 0x11BA},
	0xD374:  {0x1111, 0x1164, 0x11BB},
	0xD375:  {0x1111, 0x1164, 0x11BC},
	0xD376:  {0x1111, 0x1164, 0x11BD},
	0xD377:  {0x1111, 0x1164, 0x11BE},
	0xD378:  {0x1111, 0x1164, 0x11BF},
	0xD379:  {0x1111, 0x1164, 0x11C0},
	0xD37A:  {0x1111, 0x1164, 0x11C1},
	0xD37B:  {0x1111, 0x1164, 0x11C2},
	0xD37C:  {0x1111, 0x1165},
	0xD37D:  {0x1111, 0x1165, 0x11A8},
	0xD37E:  {0x1111, 0x1165, 0x11A9},
	0xD37F:  {0x1111, 0x1165, 0x11AA},
	0xD380:  {0x1111, 0x1165, 0x11AB},
	0xD381:  {0x1111, 0x1165, 0x11AC},
	0xD382:  {0x1111, 0x1165, 0x11AD},
	0xD383:  {0x1111, 0x1165, 0x11AE},
	0xD384:  {0x1111, 0x1165, 0x11AF},
	0xD385:  {0x1111, 0x1165, 0x11B0},
	0xD386:  {0x1111, 0x1165, 0x11B1},
	0xD387:  {0x1111, 0x1165, 0x11B2},
	0xD388:  {0x1111, 0x1165, 0x11B3},
	0xD389:  {0x1111, 0x1165, 0x11B4},
	0xD38A:  {0x1111, 0x1165, 0x11B5},
	0xD38B:  {0x1111, 0x1165, 0x11B6},
	0xD38C:  {0x1111, 0x1165, 0x11B7},
	0xD38D:  {0x1111, 0x1165, 0x11B8},
	0xD38E:  {0x1111, 0x1165, 0x11B9},
	0xD38F:  {0x1111, 0x1165, 0x11BA},
	0xD390:  {0x1111, 0x1165, 0x11BB},
	0xD391:  {0x1111, 0x1165, 0x11BC},
	0xD392:  {0x1111, 0x1165, 0x11BD},
	0xD393:  {0x1111, 0x1165, 0x11BE},
	0xD394:  {0x1111, 0x1165, 0x11BF},
	0xD395:  {0x1111, 0x1165, 0x11C0},
	0xD396:  {0x1111, 0x1165, 0x11C1},
	0xD397:  {0x1111, 0x1165, 0x11C2},
	0xD398:  {0x1111, 0x1166},
	0xD399:  {0x1111, 0x1166, 0x11A8},
	0xD39A:  {0x1111, 0x1166, 0x11A9},
	0xD39B:  {0x1111, 0x1166, 0x11AA},
	0xD39C:  {0x1111, 0x1166, 0x11AB},
	0xD39D:  {0x1111, 0x1166, 0x11AC},
	0xD39E:  {0x1111, 0x1166, 0x11AD},
	0xD39F:  {0x1111, 0x1166, 0x11AE},
	0xD3A0:  {0x1111, 0x1166, 0x11AF},
	0xD3A1:  {0x1111, 0x1166, 0x11B0},
	0xD3A2:  {0x1111, 0x1166, 0x11B1},
	0xD3A3:  {0x1111, 0x1166, 0x11B2},
	0xD3A4:  {0x1111, 0x1166, 0x11B3},
	0xD3A5:  {0x1111, 0x1166, 0x11B4},
	0xD3A6:  {0x1111, 0x1166, 0x11B5},
	0xD3A7:  {0x1111, 0x1166, 0x11B6},
	0xD3A8:  {0x1111, 0x1166, 0x11B7},
	0xD3A9:  {0x1111, 0x1166, 0x11B8},
	0xD3AA:  {0x1111, 0x1166, 0x11B9},
	0xD3AB:  {0x1111, 0x1166, 0x11BA},
	0xD3AC:  {0x1111, 0x1166, 0x11BB},
	0xD3AD:  {0x1111, 0x1166, 0x11BC},
	0xD3AE:  {0x1111, 0x1166, 0x11BD},
	0xD3AF:  {0x1111, 0x1166, 0x11BE},
	0xD3B0:  {0x1111, 0x1166, 0x11BF},
	0xD3B1:  {0x1111, 0x1166, 0x11C0},
	0xD3B2:  {0x1111, 0x1166, 0x11C1},
	0xD3B3:  {0x1111, 0x1166, 0x11C2},
	0xD3B4:  {0x1111, 0x1167},
	0xD3B5:  {0x1111, 0x1167, 0x11A8},
	0xD3B6:  {0x1111, 0x1167, 0x11A9},
	0xD3B7:  {0x1111, 0x1167, 0x11AA},
	0xD3B8:  {0x1111, 0x1167, 0x11AB},
	0xD3B9:  {0x1111, 0x1167, 0x11AC},
	0xD3BA:  {0x1111, 0x1167, 0x11AD},
	0xD3BB:  {0x1111, 0x1167, 0x11AE},
	0xD3BC:  {0x1111, 0x1167, 0x11AF},
	0xD3BD:  {0x1111, 0x1167, 0x11B0},
	0xD3BE:  {0x1111, 0x1167, 0x11B1},
	0xD3BF:  {0x1111, 0x1167, 0x11B2},
	0xD3C0:  {0x1111, 0x1167, 0x11B3},
	0xD3C1:  {0x1111, 0x1167, 0x11B4},
	0xD3C2:  {0x1111, 0x1167, 0x11B5},
	0xD3C3:  {0x1111, 0x1167, 0x11B6},
	0xD3C4:  {0x1111, 0x1167, 0x11B7},
	0xD3C5:  {0x1111, 0x1167, 0x11B8},
	0xD3C6:  {0x1111, 0x1167, 0x11B9},
	0xD3C7:  {0x1111, 0x1167, 0x11BA},
	0xD3C8:  {0x1111, 0x1167, 0x11BB},
	0xD3C9:  {0x1111, 0x1167, 0x11BC},
	0xD3CA:  {0x1111, 0x1167, 0x11BD},
	0xD3CB:  {0x1111, 0x1167, 0x11BE},
	0xD3CC:  {0x1111, 0x1167, 0x11BF},
	0xD3CD:  {0x1111, 0x1167, 0x11C0},
	0xD3CE:  {0x1111, 0x1167, 0x11C1},
	0xD3CF:  {0x1111, 0x1167, 0x11C2},
	0xD3D0:  {0x1111, 0x1168},
	0xD3D1:  {0x1111, 0x1168, 0x11A8},
	0xD3D2:  {0x1111, 0x1168, 0x11A9},
	0xD3D3:  {0x1111, 0x1168, 0x11AA},
	0xD3D4:  {0x1111, 0x1168, 0x11AB},
	0xD3D5:  {0x1111, 0x1168, 0x11AC},
	0xD3D6:  {0x1111, 0x1168, 0x11AD},
	0xD3D7:  {0x1111, 0x1168, 0x11AE},
	0xD3D8:  {0x1111, 0x1168, 0x11AF},
	0xD3D9:  {0x1111, 0x1168, 0x11B0},
	0xD3DA:  {0x1111, 0x1168, 0x11B1},
	0xD3DB:  {0x1111, 0x1168, 0x11B2},
	0xD3DC:  {0x1111, 0x1168, 0x11B3},
	0xD3DD:  {0x1111, 0x1168, 0x11B4},
	0xD3DE:  {0x1111, 0x1168, 0x11B5},
	0xD3DF:  {0x1111, 0x1168, 0x11B6},
	0xD3E0:  {0x1111, 0x1168, 0x11B7},
	0xD3E1:  {0x1111, 0x1168, 0x11B8},
	0xD3E2:  {0x1111, 0x1168, 0x11B9},
	0xD3E3:  {0x1111, 0x1168, 0x11BA},
	0xD3E4:  {0x1111, 0x1168, 0x11BB},
	0xD3E5:  {0x1111, 0x1168, 0x11BC},
	0xD3E6:  {0x1111, 0x1168, 0x11BD},
	0xD3E7:  {0x1111, 0x1168, 0x11BE},
	0xD3E8:  {0x1111, 0x1168, 0x11BF},
	0xD3E9:  {0x1111, 0x1168, 0x11C0},
	0xD3EA:  {0x1111, 0x1168, 0x11C1},
	0xD3EB:  {0x1111, 0x1168, 0x11C2},
	0xD3EC:  {0x1111, 0x1169},
	0xD3ED:  {0x1111, 0x1169, 0x11A8},
	0xD3EE:  {0x1111, 0x1169, 0x11A9},
	0xD3EF:  {0x1111, 0x1169, 0x11AA},
	0xD3F0:  {0x1111, 0x1169, 0x11AB},
	0xD3F1:  {0x1111, 0x1169, 0x11AC},
	0xD3F2:  {0x1111, 0x1169, 0x11AD},
	0xD3F3:  {0x1111, 0x1169, 0x11AE},
	0xD3F4:  {0x1111, 0x1169, 0x11AF},
	0xD3F5:  {0x1111, 0x1169, 0x11B0},
	0xD3F6:  {0x1111, 0x1169, 0x11B1},
	0xD3F7:  {0x1111, 0x1169, 0x11B2},
	0xD3F8:  {0x1111, 0x1169, 0x11B3},
	0xD3F9:  {0x1111, 0x1169, 0x11B4},
	0xD3FA:  {0x1111, 0x1169, 0x11B5},
	0xD3FB:  {0x1111, 0x1169, 0x11B6},
	0xD3FC:  {0x1111, 0x1169, 0x11B7},
	0xD3FD:  {0x1111, 0x1169, 0x11B8},
	0xD3FE:  {0x1111, 0x1169, 0x11B9},
	0xD3FF:  {0x1111, 0x1169, 0x11BA},
	0xD400:  {0x1111, 0x1169, 0x11BB},
	0xD401:  {0x1111, 0x1169, 0x11BC},
	0xD402:  {0x1111, 0x1169, 0x11BD},
	0xD403:  {0x1111, 0x1169, 0x11BE},
	0xD404:  {0x1111, 0x1169, 0x11BF},
	0xD405:  {0x1111, 0x1169, 0x11C0},
	0xD406:  {0x1111, 0x1169, 0x11C1},
	0xD407:  {0x1111, 0x1169, 0x11C2},
	0xD408:  {0x1111, 0x116A},
	0xD409:  {0x1111, 0x116A, 0x11A8},
	0xD40A:  {0x1111, 0x116A, 0x11A9},
	0xD40B:  {0x1111, 0x116A, 0x11AA},
	0xD40C:  {0x1111, 0x116A, 0x11AB},
	0xD40D:  {0x1111, 0x116A, 0x11AC},
	0xD40E:  {0x1111, 0x116A, 0x11AD},
	0xD40F:  {0x1111, 0x116A, 0x11AE},
	0xD410:  {0x1111, 0x116A, 0x11AF},
	0xD411:  {0x1111, 0x116A, 0x11B0},
	0xD412:  {0x1111, 0x116A, 0x11B1},
	0xD413:  {0x1111, 0x116A, 0x11B2},
	0xD414:  {0x1111, 0x116A, 0x11B3},
	0xD415:  {0x1111, 0x116A, 0x11B4},
	0xD416:  {0x1111, 0x116A, 0x11B5},
	0xD417:  {0x1111, 0x116A, 0x11B6},
	0xD418:  {0x1111, 0x116A, 0x11B7},
	0xD419:  {0x1111, 0x116A, 0x11B8},
	0xD41A:  {0x1111, 0x116A, 0x11B9},
	0xD41B:  {0x1111, 0x116A, 0x11BA},
	0xD41C:  {0x1111, 0x116A, 0x11BB},
	0xD41D:  {0x1111, 0x116A, 0x11BC},
	0xD41E:  {0x1111, 0x116A, 0x11BD},
	0xD41F:  {0x1111, 0x116A, 0x11BE},
	0xD420:  {0x1111, 0x116A, 0x11BF},
	0xD421:  {0x1111, 0x116A, 0x11C0},
	0xD422:  {0x1111, 0x116A, 0x11C1},
	0xD423:  {0x1111, 0x116A, 0x11C2},
	0xD424:  {0x1111, 0x116B},
	0xD425:  {0x1111, 0x116B, 0x11A8},
	0xD426:  {0x1111, 0x116B, 0x11A9},
	0xD427:  {0x1111, 0x116B, 0x11AA},
	0xD428:  {0x1111, 0x116B, 0x11AB},
	0xD429:  {0x1111, 0x116B, 0x11AC},
	0xD42A:  {0x1111, 0x116B, 0x11AD},
	0xD42B:  {0x1111, 0x116B, 0x11AE},
	0xD42C:  {0x1111, 0x116B, 0x11AF},
	0xD42D:  {0x1111, 0x116B, 0x11B0},
	0xD42E:  {0x1111, 0x116B, 0x11B1},
	0xD42F:  {0x1111, 0x116B, 0x11B2},
	0xD430:  {0x1111, 0x116B, 0x11B3},
	0xD431:  {0x1111, 0x116B, 0x11B4},
	0xD432:  {0x1111, 0x116B, 0x11B5},
	0xD433:  {0x1111, 0x116B, 0x11B6},
	0xD434:  {0x1111, 0x116B, 0x11B7},
	0xD435:  {0x1111, 0x116B, 0x11B8},
	0xD436:  {0x1111, 0x116B, 0x11B9},
	0xD437:  {0x1111, 0x116B, 0x11BA},
	0xD438:  {0x1111, 0x116B, 0x11BB},
	0xD439:  {0x1111, 0x116B, 0x11BC},
	0xD43A:  {0x1111, 0x116B, 0x11BD},
	0xD43B:  {0x1111, 0x116B, 0x11BE},
	0xD43C:  {0x1111, 0x116B, 0x11BF},
	0xD43D:  {0x1111, 0x116B, 0x11C0},
	0xD43E:  {0x1111, 0x116B, 0x11C1},
	0xD43F:  {0x1111, 0x116B, 0x11C2},
	0xD440:  {0x1111, 0x116C},
	0xD441:  {0x1111, 0x116C, 0x11A8},
	0xD442:  {0x1111, 0x116C, 0x11A9},
	0xD443:  {0x1111, 0x116C, 0x11AA},
	0xD444:  {0x1111, 0x116C, 0x11AB},
	0xD445:  {0x1111, 0x116C, 0x11AC},
	0xD446:  {0x1111, 0x116C, 0x11AD},
	0xD447:  {0x1111, 0x116C, 0x11AE},
	0xD448:  {0x1111, 0x116C, 0x11AF},
	0xD449:  {0x1111, 0x116C, 0x11B0},
	0xD44A:  {0x1111, 0x116C, 0x11B1},
	0xD44B:  {0x1111, 0x116C, 0x11B2},
	0xD44C:  {0x1111, 0x116C, 0x11B3},
	0xD44D:  {0x1111, 0x116C, 0x11B4},
	0xD44E:  {0x1111, 0x116C, 0x11B5},
	0xD44F:  {0x1111, 0x116C, 0x11B6},
	0xD450:  {0x1111, 0x116C, 0x11B7},
	0xD451:  {0x1111, 0x116C, 0x11B8},
	0xD452:  {0x1111, 0x116C, 0x11B9},
	0xD453:  {0x1111, 0x116C, 0x11BA},
	0xD454:  {0x1111, 0x116C, 0x11BB},
	0xD455:  {0x1111, 0x116C, 0x11BC},
	0xD456:  {0x1111, 0x116C, 0x11BD},
	0xD457:  {0x1111, 0x116C, 0x11BE},
	0xD458:  {0x1111, 0x116C, 0x11BF},
	0xD459:  {0x1111, 0x116C, 0x11C0},
	0xD45A:  {0x1111, 0x116C, 0x11C1},
	0xD45B:  {0x1111, 0x116C, 0x11C2},
	0xD45C:  {0x1111, 0x116D},
	0xD45D:  {0x1111, 0x116D, 0x11A8},
	0xD45E:  {0x1111, 0x116D, 0x11A9},
	0xD45F:  {0x1111, 0x116D, 0x11AA},
	0xD460:  {0x1111, 0x116D, 0x11AB},
	0xD461:  {0x1111, 0x116D, 0x11AC},
	0xD462:  {0x1111, 0x116D, 0x11AD},
	0xD463:  {0x1111, 0x116D, 0x11AE},
	0xD464:  {0x1111, 0x116D, 0x11AF},
	0xD465:  {0x1111, 0x116D, 0x11B0},
	0xD466:  {0x1111, 0x116D, 0x11B1},
	0xD467:  {0x1111, 0x116D, 0x11B2},
	0xD468:  {0x1111, 0x116D, 0x11B3},
	0xD469:  {0x1111, 0x116D, 0x11B4},
	0xD46A:  {0x1111, 0x116D, 0x11B5},
	0xD46B:  {0x1111, 0x116D, 0x11B6},
	0xD46C:  {0x1111, 0x116D, 0x11B7},
	0xD46D:  {0x1111, 0x116D, 0x11B8},
	0xD46E:  {0x1111, 0x116D, 0x11B9},
	0xD46F:  {0x1111, 0x116D, 0x11BA},
	0xD470:  {0x1111, 0x116D, 0x11BB},
	0xD471:  {0x1111, 0x116D, 0x11BC},
	0xD472:  {0x1111, 0x116D, 0x11BD},
	0xD473:  {0x1111, 0x116D, 0x11BE},
	0xD474:  {0x1111, 0x116D, 0x11BF},
	0xD475:  {0x1111, 0x116D, 0x11C0},
	0xD476:  {0x1111, 0x116D, 0x11C1},
	0xD477:  {0x1111, 0x116D, 0x11C2},
	0xD478:  {0x1111, 0x116E},
	0xD479:  {0x1111, 0x116E, 0x11A8},
	0xD47A:  {0x1111, 0x116E, 0x11A9},
	0xD47B:  {0x1111, 0x116E, 0x11AA},
	0xD47C:  {0x1111, 0x116E, 0x11AB},
	0xD47D:  {0x1111, 0x116E, 0x11AC},
	0xD47E:  {0x1111, 0x116E, 0x11AD},
	0xD47F:  {0x1111, 0x116E, 0x11AE},
	0xD480:  {0x1111, 0x116E, 0x11AF},
	0xD481:  {0x1111, 0x116E, 0x11B0},
	0xD482:  {0x1111, 0x116E, 0x11B1},
	0xD483:  {0x1111, 0x116E, 0x11B2},
	0xD484:  {0x1111, 0x116E, 0x11B3},
	0xD485:  {0x1111, 0x116E, 0x11B4},
	0xD486:  {0x1111, 0x116E, 0x11B5},
	0xD487:  {0x1111, 0x116E, 0x11B6},
	0xD488:  {0x1111, 0x116E, 0x11B7},
	0xD489:  {0x1111, 0x116E, 0x11B8},
	0xD48A:  {0x1111, 0x116E, 0x11B9},
	0xD48B:  {0x1111, 0x116E, 0x11BA},
	0xD48C:  {0x1111, 0x116E, 0x11BB},
	0xD48D:  {0x1111, 0x116E, 0x11BC},
	0xD48E:  {0x1111, 0x116E, 0x11BD},
	0xD48F:  {0x1111, 0x116E, 0x11BE},
	0xD490:  {0x1111, 0x116E, 0x11BF},
	0xD491:  {0x1111, 0x116E, 0x11C0},
	0xD492:  {0x1111, 0x116E, 0x11C1},
	0xD493:  {0x1111, 0x116E, 0x11C2},
	0xD494:  {0x1111, 0x116F},
	0xD495:  {0x1111, 0x116F, 0x11A8},
	0xD496:  {0x1111, 0x116F, 0x11A9},
	0xD497:  {0x1111, 0x116F, 0x11AA},
	0xD498:  {0x1111, 0x116F, 0x11AB},
	0xD499:  {0x1111, 0x116F, 0x11AC},
	0xD49A:  {0x1111, 0x116F, 0x11AD},
	0xD49B:  {0x1111, 0x116F, 0x11AE},
	0xD49C:  {0x1111, 0x116F, 0x11AF},
	0xD49D:  {0x1111, 0x116F, 0x11B0},
	0xD49E:  {0x1111, 0x116F, 0x11B1},
	0xD49F:  {0x1111, 0x116F, 0x11B2},
	0xD4A0:  {0x1111, 0x116F, 0x11B3},
	0xD4A1:  {0x1111, 0x116F, 0x11B4},
	0xD4A2:  {0x1111, 0x116F, 0x11B5},
	0xD4A3:  {0x1111, 0x116F, 0x11B6},
	0xD4A4:  {0x1111, 0x116F, 0x11B7},
	0xD4A5:  {0x1111, 0x116F, 0x11B8},
	0xD4A6:  {0x1111, 0x116F, 0x11B9},
	0xD4A7:  {0x1111, 0x116F, 0x11BA},
	0xD4A8:  {0x1111, 0x116F, 0x11BB},
	0xD4A9:  {0x1111, 0x116F, 0x11BC},
	0xD4AA:  {0x1111, 0x116F, 0x11BD},
	0xD4AB:  {0x1111, 0x116F, 0x11BE},
	0xD4AC:  {0x1111, 0x116F, 0x11BF},
	0xD4AD:  {0x1111, 0x116F, 0x11C0},
	0xD4AE:  {0x1111, 0x116F, 0x11C1},
	0xD4AF:  {0x1111, 0x116F, 0x11C2},
	0xD4B0:  {0x1111, 0x1170},
	0xD4B1:  {0x1111, 0x1170, 0x11A8},
	0xD4B2:  {0x1111, 0x1170, 0x11A9},
	0xD4B3:  {0x1111, 0x1170, 0x11AA},
	0xD4B4:  {0x1111, 0x1170, 0x11AB},
	0xD4B5:  {0x1111, 0x1170, 0x11AC},
	0xD4B6:  {0x1111, 0x1170, 0x11AD},
	0xD4B7:  {0x1111, 0x1170, 0x11AE},
	0xD4B8:  {0x1111, 0x1170, 0x11AF},
	0xD4B9:  {0x1111, 0x1170, 0x11B0},
	0xD4BA:  {0x1111, 0x1170, 0x11B1},
	0xD4BB:  {0x1111, 0x1170, 0x11B2},
	0xD4BC:  {0x1111, 0x1170, 0x11B3},
	0xD4BD:  {0x1111, 0x1170, 0x11B4},
	0xD4BE:  {0x1111, 0x1170, 0x11B5},
	0xD4BF:  {0x1111, 0x1170, 0x11B6},
	0xD4C0:  {0x1111, 0x1170, 0x11B7},
	0xD4C1:  {0x1111, 0x1170, 0x11B8},
	0xD4C2:  {0x1111, 0x1170, 0x11B9},
	0xD4C3:  {0x1111, 0x1170, 0x11BA},
	0xD4C4:  {0x1111, 0x1170, 0x11BB},
	0xD4C5:  {0x1111, 0x1170, 0x11BC},
	0xD4C6:  {0x1111, 0x1170, 0x11BD},
	0xD4C7:  {0x1111, 0x1170, 0x11BE},
	0xD4C8:  {0x1111, 0x1170, 0x11BF},
	0xD4C9:  {0x1111, 0x1170, 0x11C0},
	0xD4CA:  {0x1111, 0x1170, 0x11C1},
	0xD4CB:  {0x1111, 0x1170, 0x11C2},
	0xD4CC:  {0x1111, 0x1171},
	0xD4CD:  {0x1111, 0x1171, 0x11A8},
	0xD4CE:  {0x1111, 0x1171, 0x11A9},
	0xD4CF:  {0x1111, 0x1171, 0x11AA},
	0xD4D0:  {0x1111, 0x1171, 0x11AB},
	0xD4D1:  {0x1111, 0x1171, 0x11AC},
	0xD4D2:  {0x1111, 0x1171, 0x11AD},
	0xD4D3:  {0x1111, 0x1171, 0x11AE},
	0xD4D4:  {0x1111, 0x1171, 0x11AF},
	0xD4D5:  {0x1111, 0x1171, 0x11B0},
	0xD4D6:  {0x1111, 0x1171, 0x11B1},
	0xD4D7:  {0x1111, 0x1171, 0x11B2},
	0xD4D8:  {0x1111, 0x1171, 0x11B3},
	0xD4D9:  {0x1111, 0x1171, 0x11B4},
	0xD4DA:  {0x1111, 0x1171, 0x11B5},
	0xD4DB:  {0x1111, 0x1171, 0x11B6},
	0xD4DC:  {0x1111, 0x1171, 0x11B7},
	0xD4DD:  {0x1111, 0x1171, 0x11B8},
	0xD4DE:  {0x1111, 0x1171, 0x11B9},
	0xD4DF:  {0x1111, 0x1171, 0x11BA},
	0xD4E0:  {0x1111, 0x1171, 0x11BB},
	0xD4E1:  {0x1111, 0x1171, 0x11BC},
	0xD4E2:  {0x1111, 0x1171, 0x11BD},
	0xD4E3:  {0x1111, 0x1171, 0x11BE},
	0xD4E4:  {0x1111, 0x1171, 0x11BF},
	0xD4E5:  {0x1111, 0x1171, 0x11C0},
	0xD4E6:  {0x1111, 0x1171, 0x11C1},
	0xD4E7:  {0x1111, 0x1171, 0x11C2},
	0xD4E8:  {0x1111, 0x1172},
	0xD4E9:  {0x1111, 0x1172, 0x11A8},
	0xD4EA:  {0x1111, 0x1172, 0x11A9},
	0xD4EB:  {0x1111, 0x1172, 0x11AA},
	0xD4EC:  {0x1111, 0x1172, 0x11AB},
	0xD4ED:  {0x1111, 0x1172, 0x11AC},
	0xD4EE:  {0x1111, 0x1172, 0x11AD},
	0xD4EF:  {0x1111, 0x1172, 0x11AE},
	0xD4F0:  {0x1111, 0x1172, 0x11AF},
	0xD4F1:  {0x1111, 0x1172, 0x11B0},
	0xD4F2:  {0x1111, 0x1172, 0x11B1},
	0xD4F3:  {0x1111, 0x1172, 0x11B2},
	0xD4F4:  {0x1111, 0x1172, 0x11B3},
	0xD4F5:  {0x1111, 0x1172, 0x11B4},
	0xD4F6:  {0x1111, 0x1172, 0x11B5},
	0xD4F7:  {0x1111, 0x1172, 0x11B6},
	0xD4F8:  {0x1111, 0x1172, 0x11B7},
	0xD4F9:  {0x1111, 0x1172, 0x11B8},
	0xD4FA:  {0x1111, 0x1172, 0x11B9},
	0xD4FB:  {0x1111, 0x1172, 0x11BA},
	0xD4FC:  {0x1111, 0x1172, 0x11BB},
	0xD4FD:  {0x1111, 0x1172, 0x11BC},
	0xD4FE:  {0x1111, 0x1172, 0x11BD},
	0xD4FF:  {0x1111, 0x1172, 0x11BE},
	0xD500:  {0x1111, 0x1172, 0x11BF},
	0xD501:  {0x1111, 0x1172, 0x11C0},
	0xD502:  {0x1111, 0x1172, 0x11C1},
	0xD503:  {0x1111, 0x1172, 0x11C2},
	0xD504:  {0x1111, 0x1173},
	0xD505:  {0x1111, 0x1173, 0x11A8},
	0xD506:  {0x1111, 0x1173, 0x11A9},
	0xD507:  {0x1111, 0x1173, 0x11AA},
	0xD508:  {0x1111, 0x1173, 0x11AB},
	0xD509:  {0x1111, 0x1173, 0x11AC},
	0xD50A:  {0x1111, 0x1173, 0x11AD},
	0xD50B:  {0x1111, 0x1173, 0x11AE},
	0xD50C:  {0x1111, 0x1173, 0x11AF},
	0xD50D:  {0x1111, 0x1173, 0x11B0},
	0xD50E:  {0x1111, 0x1173, 0x11B1},
	0xD50F:  {0x1111, 0x1173, 0x11B2},
	0xD510:  {0x1111, 0x1173, 0x11B3},
	0xD511:  {0x1111, 0x1173, 0x11B4},
	0xD512:  {0x1111, 0x1173, 0x11B5},
	0xD513:  {0x1111, 0x1173, 0x11B6},
	0xD514:  {0x1111, 0x1173, 0x11B7},
	0xD515:  {0x1111, 0x1173, 0x11B8},
	0xD516:  {0x1111, 0x1173, 0x11B9},
	0xD517:  {0x1111, 0x1173, 0x11BA},
	0xD518:  {0x1111, 0x1173, 0x11BB},
	0xD519:  {0x1111, 0x1173, 0x11BC},
	0xD51A:  {0x1111, 0x1173, 0x11BD},
	0xD51B:  {0x1111, 0x1173, 0x11BE},
	0xD51C:  {0x1111, 0x1173, 0x11BF},
	0xD51D:  {0x1111, 0x1173, 0x11C0},
	0xD51E:  {0x1111, 0x1173, 0x11C1},
	0xD51F:  {0x1111, 0x1173, 0x11C2},
	0xD520:  {0x1111, 0x1174},
	0xD521:  {0x1111, 0x1174, 0x11A8},
	0xD522:  {0x1111, 0x1174, 0x11A9},
	0xD523:  {0x1111, 0x1174, 0x11AA},
	0xD524:  {0x1111, 0x1174, 0x11AB},
	0xD525:  {0x1111, 0x1174, 0x11AC},
	0xD526:  {0x1111, 0x1174, 0x11AD},
	0xD527:  {0x1111, 0x1174, 0x11AE},
	0xD528:  {0x1111, 0x1174, 0x11AF},
	0xD529:  {0x1111, 0x1174, 0x11B0},
	0xD52A:  {0x1111, 0x1174, 0x11B1},
	0xD52B:  {0x1111, 0x1174, 0x11B2},
	0xD52C:  {0x1111, 0x1174, 0x11B3},
	0xD52D:  {0x1111, 0x1174, 0x11B4},
	0xD52E:  {0x1111, 0x1174, 0x11B5},
	0xD52F:  {0x1111, 0x1174, 0x11B6},
	0xD530:  {0x1111, 0x1174, 0x11B7},
	0xD531:  {0x1111, 0x1174, 0x11B8},
	0xD532:  {0x1111, 0x1174, 0x11B9},
	0xD533:  {0x1111, 0x1174, 0x11BA},
	0xD534:  {0x1111, 0x1174, 0x11BB},
	0xD535:  {0x1111, 0x1174, 0x11BC},
	0xD536:  {0x1111, 0x1174, 0x11BD},
	0xD537:  {0x1111, 0x1174, 0x11BE},
	0xD538:  {0x1111, 0x1174, 0x11BF},
	0xD539:  {0x1111, 0x1174, 0x11C0},
	0xD53A:  {0x1111, 0x1174, 0x11C1},
	0xD53B:  {0x1111, 0x1174, 0x11C2},
	0xD53C:  {0x1111, 0x1175},
	0xD53D:  {0x1111, 0x1175, 0x11A8},
	0xD53E:  {0x1111, 0x1175, 0x11A9},
	0xD53F:  {0x1111, 0x1175, 0x11AA},
	0xD540:  {0x1111, 0x1175, 0x11AB},
	0xD541:  {0x1111, 0x1175, 0x11AC},
	0xD542:  {0x1111, 0x1175, 0x11AD},
	0xD543:  {0x1111, 0x1175, 0x11AE},
	0xD544:  {0x1111, 0x1175, 0x11AF},
	0xD545:  {0x1111, 0x1175, 0x11B0},
	0xD546:  {0x1111, 0x1175, 0x11B1},
	0xD547:  {0x1111, 0x1175, 0x11B2},
	0xD548:  {0x1111, 0x1175, 0x11B3},
	0xD549:  {0x1111, 0x1175, 0x11B4},
	0xD54A:  {0x1111, 0x1175, 0x11B5},
	0xD54B:  {0x1111, 0x1175, 0x11B6},
	0xD54C:  {0x1111, 0x1175, 0x11B7},
	0xD54D:  {0x1111, 0x1175, 0x11B8},
	0xD54E:  {0x1111, 0x1175, 0x11B9},
	0xD54F:  {0x1111, 0x1175, 0x11BA},
	0xD550:  {0x1111, 0x1175, 0x11BB},
	0xD551:  {0x1111, 0x1175, 0x11BC},
	0xD552:  {0x1111, 0x1175, 0x11BD},
	0xD553:  {0x1111, 0x1175, 0x11BE},
	0xD554:  {0x1111, 0x1175, 0x11BF},
	0xD555:  {0x1111, 0x1175, 0x11C0},
	0xD556:  {0x1111, 0x1175, 0x11C1},
	0xD557:  {0x1111, 0x1175, 0x11C2},
	0xD558:  {0x1112, 0x1161},
	0xD559:  {0x1112, 0x1161, 0x11A8},
	0xD55A:  {0x1112, 0x1161, 0x11A9},
	0xD55B:  {0x1112, 0x1161, 0x11AA},
	0xD55C:  {0x1112, 0x1161, 0x11AB},
	0xD55D:  {0x1112, 0x1161, 0x11AC},
	0xD55E:  {0x1112, 0x1161, 0x11AD},
	0xD55F:  {0x1112, 0x1161, 0x11AE},
	0xD560:  {0x1112, 0x1161, 0x11AF},
	0xD561:  {0x1112, 0x1161, 0x11B0},
	0xD562:  {0x1112, 0x1161, 0x11B1},
	0xD563:  {0x1112, 0x1161, 0x11B2},
	0xD564:  {0x1112, 0x1161, 0x11B3},
	0xD565:  {0x1112, 0x1161, 0x11B4},
	0xD566:  {0x1112, 0x1161, 0x11B5},
	0xD567:  {0x1112, 0x1161, 0x11B6},
	0xD568:  {0x1112, 0x1161, 0x11B7},
	0xD569:  {0x1112, 0x1161, 0x11B8},
	0xD56A:  {0x1112, 0x1161, 0x11B9},
	0xD56B:  {0x1112, 0x1161, 0x11BA},
	0xD56C:  {0x1112, 0x1161, 0x11BB},
	0xD56D:  {0x1112, 0x1161, 0x11BC},
	0xD56E:  {0x1112, 0x1161, 0x11BD},
	0xD56F:  {0x1112, 0x1161, 0x11BE},
	0xD570:  {0x1112, 0x1161, 0x11BF},
	0xD571:  {0x1112, 0x1161, 0x11C0},
	0xD572:  {0x1112, 0x1161, 0x11C1},
	0xD573:  {0x1112, 0x1161, 0x11C2},
	0xD574:  {0x1112, 0x1162},
	0xD575:  {0x1112, 0x1162, 0x11A8},
	0xD576:  {0x1112, 0x1162, 0x11A9},
	0xD577:  {0x1112, 0x1162, 0x11AA},
	0xD578:  {0x1112, 0x1162, 0x11AB},
	0xD579:  {0x1112, 0x1162, 0x11AC},
	0xD57A:  {0x1112, 0x1162, 0x11AD},
	0xD57B:  {0x1112, 0x1162, 0x11AE},
	0xD57C:  {0x1112, 0x1162, 0x11AF},
	0xD57D:  {0x1112, 0x1162, 0x11B0},
	0xD57E:  {0x1112, 0x1162, 0x11B1},
	0xD57F:  {0x1112, 0x1162, 0x11B2},
	0xD580:  {0x1112, 0x1162, 0x11B3},
	0xD581:  {0x1112, 0x1162, 0x11B4},
	0xD582:  {0x1112, 0x1162, 0x11B5},
	0xD583:  {0x1112, 0x1162, 0x11B6},
	0xD584:  {0x1112, 0x1162, 0x11B7},
	0xD585:  {0x1112, 0x1162, 0x11B8},
	0xD586:  {0x1112, 0x1162, 0x11B9},
	0xD587:  {0x1112, 0x1162, 0x11BA},
	0xD588:  {0x1112, 0x1162, 0x11BB},
	0xD589:  {0x1112, 0x1162, 0x11BC},
	0xD58A:  {0x1112, 0x1162, 0x11BD},
	0xD58B:  {0x1112, 0x1162, 0x11BE},
	0xD58C:  {0x1112, 0x1162, 0x11BF},
	0xD58D:  {0x1112, 0x1162, 0x11C0},
	0xD58E:  {0x1112, 0x1162, 0x11C1},
	0xD58F:  {0x1112, 0x1162, 0x11C2},
	0xD590:  {0x1112, 0x1163},
	0xD591:  {0x1112, 0x1163, 0x11A8},
	0xD592:  {0x1112, 0x1163, 0x11A9},
	0xD593:  {0x1112, 0x1163, 0x11AA},
	0xD594:  {0x1112, 0x1163, 0x11AB},
	0xD595:  {0x1112, 0x1163, 0x11AC},
	0xD596:  {0x1112, 0x1163, 0x11AD},
	0xD597:  {0x1112, 0x1163, 0x11AE},
	0xD598:  {0x1112, 0x1163, 0x11AF},
	0xD599:  {0x1112, 0x1163, 0x11B0},
	0xD59A:  {0x1112, 0x1163, 0x11B1},
	0xD59B:  {0x1112, 0x1163, 0x11B2},
	0xD59C:  {0x1112, 0x1163, 0x11B3},
	0xD59D:  {0x1112, 0x1163, 0x11B4},
	0xD59E:  {0x1112, 0x1163, 0x11B5},
	0xD59F:  {0x1112, 0x1163, 0x11B6},
	0xD5A0:  {0x1112, 0x1163, 0x11B7},
	0xD5A1:  {0x1112, 0x1163, 0x11B8},
	0xD5A2:  {0x1112, 0x1163, 0x11B9},
	0xD5A3:  {0x1112, 0x1163, 0x11BA},
	0xD5A4:  {0x1112, 0x1163, 0x11BB},
	0xD5A5:  {0x1112, 0x1163, 0x11BC},
	0xD5A6:  {0x1112, 0x1163, 0x11BD},
	0xD5A7:  {0x1112, 0x1163, 0x11BE},
	0xD5A8:  {0x1112, 0x1163, 0x11BF},
	0xD5A9:  {0x1112, 0x1163, 0x11C0},
	0xD5AA:  {0x1112, 0x1163, 0x11C1},
	0xD5AB:  {0x1112, 0x1163, 0x11C2},
	0xD5AC:  {0x1112, 0x1164},
	0xD5AD:  {0x1112, 0x1164, 0x11A8},
	0xD5AE:  {0x1112, 0x1164, 0x11A9},
	0xD5AF:  {0x1112, 0x1164, 0x11AA},
	0xD5B0:  {0x1112, 0x1164, 0x11AB},
	0xD5B1:  {0x1112, 0x1164, 0x11AC},
	0xD5B2:  {0x1112, 0x1164, 0x11AD},
	0xD5B3:  {0x1112, 0x1164, 0x11AE},
	0xD5B4:  {0x1112, 0x1164, 0x11AF},
	0xD5B5:  {0x1112, 0x1164, 0x11B0},
	0xD5B6:  {0x1112, 0x1164, 0x11B1},
	0xD5B7:  {0x1112, 0x1164, 0x11B2},
	0xD5B8:  {0x1112, 0x1164, 0x11B3},
	0xD5B9:  {0x1112, 0x1164, 0x11B4},
	0xD5BA:  {0x1112, 0x1164, 0x11B5},
	0xD5BB:  {0x1112, 0x1164, 0x11B6},
	0xD5BC:  {0x1112, 0x1164, 0x11B7},
	0xD5BD:  {0x1112, 0x1164, 0x11B8},
	0xD5BE:  {0x1112, 0x1164, 0x11B9},
	0xD5BF:  {0x1112, 0x1164, 0x11BA},
	0xD5C0:  {0x1112, 0x1164, 0x11BB},
	0xD5C1:  {0x1112, 0x1164, 0x11BC},
	0xD5C2:  {0x1112, 0x1164, 0x11BD},
	0xD5C3:  {0x1112, 0x1164, 0x11BE},
	0xD5C4:  {0x1112, 0x1164, 0x11BF},
	0xD5C5:  {0x1112, 0x1164, 0x11C0},
	0xD5C6:  {0x1112, 0x1164, 0x11C1},
	0xD5C7:  {0x1112, 0x1164, 0x11C2},
	0xD5C8:  {0x1112, 0x1165},
	0xD5C9:  {0x1112, 0x1165, 0x11A8},
	0xD5CA:  {0x1112, 0x1165, 0x11A9},
	0xD5CB:  {0x1112, 0x1165, 0x11AA},
	0xD5CC:  {0x1112, 0x1165, 0x11AB},
	0xD5CD:  {0x1112, 0x1165, 0x11AC},
	0xD5CE:  {0x1112, 0x1165, 0x11AD},
	0xD5CF:  {0x1112, 0x1165, 0x11AE},
	0xD5D0:  {0x1112, 0x1165, 0x11AF},
	0xD5D1:  {0x1112, 0x1165, 0x11B0},
	0xD5D2:  {0x1112, 0x1165, 0x11B1},
	0xD5D3:  {0x1112, 0x1165, 0x11B2},
	0xD5D4:  {0x1112, 0x1165, 0x11B3},
	0xD5D5:  {0x1112, 0x1165, 0x11B4},
	0xD5D6:  {0x1112, 0x1165, 0x11B5},
	0xD5D7:  {0x1112, 0x1165, 0x11B6},
	0xD5D8:  {0x1112, 0x1165, 0x11B7},
	0xD5D9:  {0x1112, 0x1165, 0x11B8},
	0xD5DA:  {0x1112, 0x1165, 0x11B9},
	0xD5DB:  {0x1112, 0x1165, 0x11BA},
	0xD5DC:  {0x1112, 0x1165, 0x11BB},
	0xD5DD:  {0x1112, 0x1165, 0x11BC},
	0xD5DE:  {0x1112, 0x1165, 0x11BD},
	0xD5DF:  {0x1112, 0x1165, 0x11BE},
	0xD5E0:  {0x1112, 0x1165, 0x11BF},
	0xD5E1:  {0x1112, 0x1165, 0x11C0},
	0xD5E2:  {0x1112, 0x1165, 0x11C1},
	0xD5E3:  {0x1112, 0x1165, 0x11C2},
	0xD5E4:  {0x1112, 0x1166},
	0xD5E5:  {0x1112, 0x1166, 0x11A8},
	0xD5E6:  {0x1112, 0x1166, 0x11A9},
	0xD5E7:  {0x1112, 0x1166, 0x11AA},
	0xD5E8:  {0x1112, 0x1166, 0x11AB},
	0xD5E9:  {0x1112, 0x1166, 0x11AC},
	0xD5EA:  {0x1112, 0x1166, 0x11AD},
	0xD5EB:  {0x1112, 0x1166, 0x11AE},
	0xD5EC:  {0x1112, 0x1166, 0x11AF},
	0xD5ED:  {0x1112, 0x1166, 0x11B0},
	0xD5EE:  {0x1112, 0x1166, 0x11B1},
	0xD5EF:  {0x1112, 0x1166, 0x11B2},
	0xD5F0:  {0x1112, 0x1166, 0x11B3},
	0xD5F1:  {0x1112, 0x1166, 0x11B4},
	0xD5F2:  {0x1112, 0x1166, 0x11B5},
	0xD5F3:  {0x1112, 0x1166, 0x11B6},
	0xD5F4:  {0x1112, 0x1166, 0x11B7},
	0xD5F5:  {0x1112, 0x1166, 0x11B8},
	0xD5F6:  {0x1112, 0x1166, 0x11B9},
	0xD5F7:  {0x1112, 0x1166, 0x11BA},
	0xD5F8:  {0x1112, 0x1166, 0x11BB},
	0xD5F9:  {0x1112, 0x1166, 0x11BC},
	0xD5FA:  {0x1112, 0x1166, 0x11BD},
	0xD5FB:  {0x1112, 0x1166, 0x11BE},
	0xD5FC:  {0x1112, 0x1166, 0x11BF},
	0xD5FD:  {0x1112, 0x1166, 0x11C0},
	0xD5FE:  {0x1112, 0x1166, 0x11C1},
	0xD5FF:  {0x1112, 0x1166, 0x11C2},
	0xD600:  {0x1112, 0x1167},
	0xD601:  {0x1112, 0x1167, 0x11A8},
	0xD602:  {0x1112, 0x1167, 0x11A9},
	0xD603:  {0x1112, 0x1167, 0x11AA},
	0xD604:  {0x1112, 0x1167, 0x11AB},
	0xD605:  {0x1112, 0x1167, 0x11AC},
	0xD606:  {0x1112, 0x1167, 0x11AD},
	0xD607:  {0x1112, 0x1167, 0x11AE},
	0xD608:  {0x1112, 0x1167, 0x11AF},
	0xD609:  {0x1112, 0x1167, 0x11B0},
	0xD60A:  {0x1112, 0x1167, 0x11B1},
	0xD60B:  {0x1112, 0x1167, 0x11B2},
	0xD60C:  {0x1112, 0x1167, 0x11B3},
	0xD60D:  {0x1112, 0x1167, 0x11B4},
	0xD60E:  {0x1112, 0x1167, 0x11B5},
	0xD60F:  {0x1112, 0x1167, 0x11B6},
	0xD610:  {0x1112, 0x1167, 0x11B7},
	0xD611:  {0x1112, 0x1167, 0x11B8},
	0xD612:  {0x1112, 0x1167, 0x11B9},
	0xD613:  {0x1112, 0x1167, 0x11BA},
	0xD614:  {0x1112, 0x1167, 0x11BB},
	0xD615:  {0x1112, 0x1167, 0x11BC},
	0xD616:  {0x1112, 0x1167, 0x11BD},
	0xD617:  {0x1112, 0x1167, 0x11BE},
	0xD618:  {0x1112, 0x1167, 0x11BF},
	0xD619:  {0x1112, 0x1167, 0x11C0},
	0xD61A:  {0x1112, 0x1167, 0x11C1},
	0xD61B:  {0x1112, 0x1167, 0x11C2},
	0xD61C:  {0x1112, 0x1168},
	0xD61D:  {0x1112, 0x1168, 0x11A8},
	0xD61E:  {0x1112, 0x1168, 0x11A9},
	0xD61F:  {0x1112, 0x1168, 0x11AA},
	0xD620:  {0x1112, 0x1168, 0x11AB},
	0xD621:  {0x1112, 0x1168, 0x11AC},
	0xD622:  {0x1112, 0x1168, 0x11AD},
	0xD623:  {0x1112, 0x1168, 0x11AE},
	0xD624:  {0x1112, 0x1168, 0x11AF},
	0xD625:  {0x1112, 0x1168, 0x11B0},
	0xD626:  {0x1112, 0x1168, 0x11B1},
	0xD627:  {0x1112, 0x1168, 0x11B2},
	0xD628:  {0x1112, 0x1168, 0x11B3},
	0xD629:  {0x1112, 0x1168, 0x11B4},
	0xD62A:  {0x1112, 0x1168, 0x11B5},
	0xD62B:  {0x1112, 0x1168, 0x11B6},
	0xD62C:  {0x1112, 0x1168, 0x11B7},
	0xD62D:  {0x1112, 0x1168, 0x11B8},
	0xD62E:  {0x1112, 0x1168, 0x11B9},
	0xD62F:  {0x1112, 0x1168, 0x11BA},
	0xD630:  {0x1112, 0x1168, 0x11BB},
	0xD631:  {0x1112, 0x1168, 0x11BC},
	0xD632:  {0x1112, 0x1168, 0x11BD},
	0xD633:  {0x1112, 0x1168, 0x11BE},
	0xD634:  {0x1112, 0x1168, 0x11BF},
	0xD635:  {0x1112, 0x1168, 0x11C0},
	0xD636:  {0x1112, 0x1168, 0x11C1},
	0xD637:  {0x1112, 0x1168, 0x11C2},
	0xD638:  {0x1112, 0x1169},
	0xD639:  {0x1112, 0x1169, 0x11A8},
	0xD63A:  {0x1112, 0x1169, 0x11A9},
	0xD63B:  {0x1112, 0x1169, 0x11AA},
	0xD63C:  {0x1112, 0x1169, 0x11AB},
	0xD63D:  {0x1112, 0x1169, 0x11AC},
	0xD63E:  {0x1112, 0x1169, 0x11AD},
	0xD63F:  {0x1112, 0x1169, 0x11AE},
	0xD640:  {0x1112, 0x1169, 0x11AF},
	0xD641:  {0x1112, 0x1169, 0x11B0},
	0xD642:  {0x1112, 0x1169, 0x11B1},
	0xD643:  {0x1112, 0x1169, 0x11B2},
	0xD644:  {0x1112, 0x1169, 0x11B3},
	0xD645:  {0x1112, 0x1169, 0x11B4},
	0xD646:  {0x1112, 0x1169, 0x11B5},
	0xD647:  {0x1112, 0x1169, 0x11B6},
	0xD648:  {0x1112, 0x1169, 0x11B7},
	0xD649:  {0x1112, 0x1169, 0x11B8},
	0xD64A:  {0x1112, 0x1169, 0x11B9},
	0xD64B:  {0x1112, 0x1169, 0x11BA},
	0xD64C:  {0x1112, 0x1169, 0x11BB},
	0xD64D:  {0x1112, 0x1169, 0x11BC},
	0xD64E:  {0x1112, 0x1169, 0x11BD},
	0xD64F:  {0x1112, 0x1169, 0x11BE},
	0xD650:  {0x1112, 0x1169, 0x11BF},
	0xD651:  {0x1112, 0x1169, 0x11C0},
	0xD652:  {0x1112, 0x1169, 0x11C1},
	0xD653:  {0x1112, 0x1169, 0x11C2},
	0xD654:  {0x1112, 0x116A},
	0xD655:  {0x1112, 0x116A, 0x11A8},
	0xD656:  {0x1112, 0x116A, 0x11A9},
	0xD657:  {0x1112, 0x116A, 0x11AA},
	0xD658:  {0x1112, 0x116A, 0x11AB},
	0xD659:  {0x1112, 0x116A, 0x11AC},
	0xD65A:  {0x1112, 0x116A, 0x11AD},
	0xD65B:  {0x1112, 0x116A, 0x11AE},
	0xD65C:  {0x1112, 0x116A, 0x11AF},
	0xD65D:  {0x1112, 0x116A, 0x11B0},
	0xD65E:  {0x1112, 0x116A, 0x11B1},
	0xD65F:  {0x1112, 0x116A, 0x11B2},
	0xD660:  {0x1112, 0x116A, 0x11B3},
	0xD661:  {0x1112, 0x116A, 0x11B4},
	0xD662:  {0x1112, 0x116A, 0x11B5},
	0xD663:  {0x1112, 0x116A, 0x11B6},
	0xD664:  {0x1112, 0x116A, 0x11B7},
	0xD665:  {0x1112, 0x116A, 0x11B8},
	0xD666:  {0x1112, 0x116A, 0x11B9},
	0xD667:  {0x1112, 0x116A, 0x11BA},
	0xD668:  {0x1112, 0x116A, 0x11BB},
	0xD669:  {0x1112, 0x116A, 0x11BC},
	0xD66A:  {0x1112, 0x116A, 0x11BD},
	0xD66B:  {0x1112, 0x116A, 0x11BE},
	0xD66C:  {0x1112, 0x116A, 0x11BF},
	0xD66D:  {0x1112, 0x116A, 0x11C0},
	0xD66E:  {0x1112, 0x116A, 0x11C1},
	0xD66F:  {0x1112, 0x116A, 0x11C2},
	0xD670:  {0x1112, 0x116B},
	0xD671:  {0x1112, 0x116B, 0x11A8},
	0xD672:  {0x1112, 0x116B, 0x11A9},
	0xD673:  {0x1112, 0x116B, 0x11AA},
	0xD674:  {0x1112, 0x116B, 0x11AB},
	0xD675:  {0x1112, 0x116B, 0x11AC},
	0xD676:  {0x1112, 0x116B, 0x11AD},
	0xD677:  {0x1112, 0x116B, 0x11AE},
	0xD678:  {0x1112, 0x116B, 0x11AF},
	0xD679:  {0x1112, 0x116B, 0x11B0},
	0xD67A:  {0x1112, 0x116B, 0x11B1},
	0xD67B:  {0x1112, 0x116B, 0x11B2},
	0xD67C:  {0x1112, 0x116B, 0x11B3},
	0xD67D:  {0x1112, 0x116B, 0x11B4},
	0xD67E:  {0x1112, 0x116B, 0x11B5},
	0xD67F:  {0x1112, 0x116B, 0x11B6},
	0xD680:  {0x1112, 0x116B, 0x11B7},
	0xD681:  {0x1112, 0x116B, 0x11B8},
	0xD682:  {0x1112, 0x116B, 0x11B9},
	0xD683:  {0x1112, 0x116B, 0x11BA},
	0xD684:  {0x1112, 0x116B, 0x11BB},
	0xD685:  {0x1112, 0x116B, 0x11BC},
	0xD686:  {0x1112, 0x116B, 0x11BD},
	0xD687:  {0x1112, 0x116B, 0x11BE},
	0xD688:  {0x1112, 0x116B, 0x11BF},
	0xD689:  {0x1112, 0x116B, 0x11C0},
	0xD68A:  {0x1112, 0x116B, 0x11C1},
	0xD68B:  {0x1112, 0x116B, 0x11C2},
	0xD68C:  {0x1112, 0x116C},
	0xD68D:  {0x1112, 0x116C, 0x11A8},
	0xD68E:  {0x1112, 0x116C, 0x11A9},
	0xD68F:  {0x1112, 0x116C, 0x11AA},
	0xD690:  {0x1112, 0x116C, 0x11AB},
	0xD691:  {0x1112, 0x116C, 0x11AC},
	0xD692:  {0x1112, 0x116C, 0x11AD},
	0xD693:  {0x1112, 0x116C, 0x11AE},
	0xD694:  {0x1112, 0x116C, 0x11AF},
	0xD695:  {0x1112, 0x116C, 0x11B0},
	0xD696:  {0x1112, 0x116C, 0x11B1},
	0xD697:  {0x1112, 0x116C, 0x11B2},
	0xD698:  {0x1112, 0x116C, 0x11B3},
	0xD699:  {0x1112, 0x116C, 0x11B4},
	0xD69A:  {0x1112, 0x116C, 0x11B5},
	0xD69B:  {0x1112, 0x116C, 0x11B6},
	0xD69C:  {0x1112, 0x116C, 0x11B7},
	0xD69D:  {0x1112, 0x116C, 0x11B8},
	0xD69E:  {0x1112, 0x116C, 0x11B9},
	0xD69F:  {0x1112, 0x116C, 0x11BA},
	0xD6A0:  {0x1112, 0x116C, 0x11BB},
	0xD6A1:  {0x1112, 0x116C, 0x11BC},
	0xD6A2:  {0x1112, 0x116C, 0x11BD},
	0xD6A3:  {0x1112, 0x116C, 0x11BE},
	0xD6A4:  {0x1112, 0x116C, 0x11BF},
	0xD6A5:  {0x1112, 0x116C, 0x11C0},
	0xD6A6:  {0x1112, 0x116C, 0x11C1},
	0xD6A7:  {0x1112, 0x116C, 0x11C2},
	0xD6A8:  {0x1112, 0x116D},
	0xD6A9:  {0x1112, 0x116D, 0x11A8},
	0xD6AA:  {0x1112, 0x116D, 0x11A9},
	0xD6AB:  {0x1112, 0x116D, 0x11AA},
	0xD6AC:  {0x1112, 0x116D, 0x11AB},
	0xD6AD:  {0x1112, 0x116D, 0x11AC},
	0xD6AE:  {0x1112, 0x116D, 0x11AD},
	0xD6AF:  {0x1112, 0x116D, 0x11AE},
	0xD6B0:  {0x1112, 0x116D, 0x11AF},
	0xD6B1:  {0x1112, 0x116D, 0x11B0},
	0xD6B2:  {0x1112, 0x116D, 0x11B1},
	0xD6B3:  {0x1112, 0x116D, 0x11B2},
	0xD6B4:  {0x1112, 0x116D, 0x11B3},
	0xD6B5:  {0x1112, 0x116D, 0x11B4},
	0xD6B6:  {0x1112, 0x116D, 0x11B5},
	0xD6B7:  {0x1112, 0x116D, 0x11B6},
	0xD6B8:  {0x1112, 0x116D, 0x11B7},
	0xD6B9:  {0x1112, 0x116D, 0x11B8},
	0xD6BA:  {0x1112, 0x116D, 0x11B9},
	0xD6BB:  {0x1112, 0x116D, 0x11BA},
	0xD6BC:  {0x1112, 0x116D, 0x11BB},
	0xD6BD:  {0x1112, 0x116D, 0x11BC},
	0xD6BE:  {0x1112, 0x116D, 0x11BD},
	0xD6BF:  {0x1112, 0x116D, 0x11BE},
	0xD6C0:  {0x1112, 0x116D, 0x11BF},
	0xD6C1:  {0x1112, 0x116D, 0x11C0},
	0xD6C2:  {0x1112, 0x116D, 0x11C1},
	0xD6C3:  {0x1112, 0x116D, 0x11C2},
	0xD6C4:  {0x1112, 0x116E},
	0xD6C5:  {0x1112, 0x116E, 0x11A8},
	0xD6C6:  {0x1112, 0x116E, 0x11A9},
	0xD6C7:  {0x1112, 0x116E, 0x11AA},
	0xD6C8:  {0x1112, 0x116E, 0x11AB},
	0xD6C9:  {0x1112, 0x116E, 0x11AC},
	0xD6CA:  {0x1112, 0x116E, 0x11AD},
	0xD6CB:  {0x1112, 0x116E, 0x11AE},
	0xD6CC:  {0x1112, 0x116E, 0x11AF},
	0xD6CD:  {0x1112, 0x116E, 0x11B0},
	0xD6CE:  {0x1112, 0x116E, 0x11B1},
	0xD6CF:  {0x1112, 0x116E, 0x11B2},
	0xD6D0:  {0x1112, 0x116E, 0x11B3},
	0xD6D1:  {0x1112, 0x116E, 0x11B4},
	0xD6D2:  {0x1112, 0x116E, 0x11B5},
	0xD6D3:  {0x1112, 0x116E, 0x11B6},
	0xD6D4:  {0x1112, 0x116E, 0x11B7},
	0xD6D5:  {0x1112, 0x116E, 0x11B8},
	0xD6D6:  {0x1112, 0x116E, 0x11B9},
	0xD6D7:  {0x1112, 0x116E, 0x11BA},
	0xD6D8:  {0x1112, 0x116E, 0x11BB},
	0xD6D9:  {0x1112, 0x116E, 0x11BC},
	0xD6DA:  {0x1112, 0x116E, 0x11BD},
	0xD6DB:  {0x1112, 0x116E, 0x11BE},
	0xD6DC:  {0x1112, 0x116E, 0x11BF},
	0xD6DD:  {0x1112, 0x116E, 0x11C0},
	0xD6DE:  {0x1112, 0x116E, 0x11C1},
	0xD6DF:  {0x1112, 0x116E, 0x11C2},
	0xD6E0:  {0x1112, 0x116F},
	0xD6E1:  {0x1112, 0x116F, 0x11A8},
	0xD6E2:  {0x1112, 0x116F, 0x11A9},
	0xD6E3:  {0x1112, 0x116F, 0x11AA},
	0xD6E4:  {0x1112, 0x116F, 0x11AB},
	0xD6E5:  {0x1112, 0x116F, 0x11AC},
	0xD6E6:  {0x1112, 0x116F, 0x11AD},
	0xD6E7:  {0x1112, 0x116F, 0x11AE},
	0xD6E8:  {0x1112, 0x116F, 0x11AF},
	0xD6E9:  {0x1112, 0x116F, 0x11B0},
	0xD6EA:  {0x1112, 0x116F, 0x11B1},
	0xD6EB:  {0x1112, 0x116F, 0x11B2},
	0xD6EC:  {0x1112, 0x116F, 0x11B3},
	0xD6ED:  {0x1112, 0x116F, 0x11B4},
	0xD6EE:  {0x1112, 0x116F, 0x11B5},
	0xD6EF:  {0x1112, 0x116F, 0x11B6},
	0xD6F0:  {0x1112, 0x116F, 0x11B7},
	0xD6F1:  {0x1112, 0x116F, 0x11B8},
	0xD6F2:  {0x1112, 0x116F, 0x11B9},
	0xD6F3:  {0x1112, 0x116F, 0x11BA},
	0xD6F4:  {0x1112, 0x116F, 0x11BB},
	0xD6F5:  {0x1112, 0x116F, 0x11BC},
	0xD6F6:  {0x1112, 0x116F, 0x11BD},
	0xD6F7:  {0x1112, 0x116F, 0x11BE},
	0xD6F8:  {0x1112, 0x116F, 0x11BF},
	0xD6F9:  {0x1112, 0x116F, 0x11C0},
	0xD6FA:  {0x1112, 0x116F, 0x11C1},
	0xD6FB:  {0x1112, 0x116F, 0x11C2},
	0xD6FC:  {0x1112, 0x1170},
	0xD6FD:  {0x1112, 0x1170, 0x11A8},
	0xD6FE:  {0x1112, 0x1170, 0x11A9},
	0xD6FF:  {0x1112, 0x1170, 0x11AA},
	0xD700:  {0x1112, 0x1170, 0x11AB},
	0xD701:  {0x1112, 0x1170, 0x11AC},
	0xD702:  {0x1112, 0x1170, 0x11AD},
	0xD703:  {0x1112, 0x1170, 0x11AE},
	0xD704:  {0x1112, 0x1170, 0x11AF},
	0xD705:  {0x1112, 0x1170, 0x11B0},
	0xD706:  {0x1112, 0x1170, 0x11B1},
	0xD707:  {0x1112, 0x1170, 0x11B2},
	0xD708:  {0x1112, 0x1170, 0x11B3},
	0xD709:  {0x1112, 0x1170, 0x11B4},
	0xD70A:  {0x1112, 0x1170, 0x11B5},
	0xD70B:  {0x1112, 0x1170, 0x11B6},
	0xD70C:  {0x1112, 0x1170, 0x11B7},
	0xD70D:  {0x1112, 0x1170, 0x11B8},
	0xD70E:  {0x1112, 0x1170, 0x11B9},
	0xD70F:  {0x1112, 0x1170, 0x11BA},
	0xD710:  {0x1112, 0x1170, 0x11BB},
	0xD711:  {0x1112, 0x1170, 0x11BC},
	0xD712:  {0x1112, 0x1170, 0x11BD},
	0xD713:  {0x1112, 0x1170, 0x11BE},
	0xD714:  {0x1112, 0x1170, 0x11BF},
	0xD715:  {0x1112, 0x1170, 0x11C0},
	0xD716:  {0x1112, 0x1170, 0x11C1},
	0xD717:  {0x1112, 0x1170, 0x11C2},
	0xD718:  {0x1112, 0x1171},
	0xD719:  {0x1112, 0x1171, 0x11A8},
	0xD71A:  {0x1112, 0x1171, 0x11A9},
	0xD71B:  {0x1112, 0x1171, 0x11AA},
	0xD71C:  {0x1112, 0x1171, 0x11AB},
	0xD71D:  {0x1112, 0x1171, 0x11AC},
	0xD71E:  {0x1112, 0x1171, 0x11AD},
	0xD71F:  {0x1112, 0x1171, 0x11AE},
	0xD720:  {0x1112, 0x1171, 0x11AF},
	0xD721:  {0x1112, 0x1171, 0x11B0},
	0xD722:  {0x1112, 0x1171, 0x11B1},
	0xD723:  {0x1112, 0x1171, 0x11B2},
	0xD724:  {0x1112, 0x1171, 0x11B3},
	0xD725:  {0x1112, 0x1171, 0x11B4},
	0xD726:  {0x1112, 0x1171, 0x11B5},
	0xD727:  {0x1112, 0x1171, 0x11B6},
	0xD728:  {0x1112, 0x1171, 0x11B7},
	0xD729:  {0x1112, 0x1171, 0x11B8},
	0xD72A:  {0x1112, 0x1171, 0x11B9},
	0xD72B:  {0x1112, 0x1171, 0x11BA},
	0xD72C:  {0x1112, 0x1171, 0x11BB},
	0xD72D:  {0x1112, 0x1171, 0x11BC},
	0xD72E:  {0x1112, 0x1171, 0x11BD},
	0xD72F:  {0x1112, 0x1171, 0x11BE},
	0xD730:  {0x1112, 0x1171, 0x11BF},
	0xD731:  {0x1112, 0x1171, 0x11C0},
	0xD732:  {0x1112, 0x1171, 0x11C1},
	0xD733:  {0x1112, 0x1171, 0x11C2},
	0xD734:  {0x1112, 0x1172},
	0xD735:  {0x1112, 0x1172, 0x11A8},
	0xD736:  {0x1112, 0x1172, 0x11A9},
	0xD737:  {0x1112, 0x1172, 0x11AA},
	0xD738:  {0x1112, 0x1172, 0x11AB},
	0xD739:  {0x1112, 0x1172, 0x11AC},
	0xD73A:  {0x1112, 0x1172, 0x11AD},
	0xD73B:  {0x1112, 0x1172, 0x11AE},
	0xD73C:  {0x1112, 0x1172, 0x11AF},
	0xD73D:  {0x1112, 0x1172, 0x11B0},
	0xD73E:  {0x1112, 0x1172, 0x11B1},
	0xD73F:  {0x1112, 0x1172, 0x11B2},
	0xD740:  {0x1112, 0x1172, 0x11B3},
	0xD741:  {0x1112, 0x1172, 0x11B4},
	0xD742:  {0x1112, 0x1172, 0x11B5},
	0xD743:  {0x1112, 0x1172, 0x11B6},
	0xD744:  {0x1112, 0x1172, 0x11B7},
	0xD745:  {0x1112, 0x1172, 0x11B8},
	0xD746:  {0x1112, 0x1172, 0x11B9},
	0xD747:  {0x1112, 0x1172, 0x11BA},
	0xD748:  {0x1112, 0x1172, 0x11BB},
	0xD749:  {0x1112, 0x1172, 0x11BC},
	0xD74A:  {0x1112, 0x1172, 0x11BD},
	0xD74B:  {0x1112, 0x1172, 0x11BE},
	0xD74C:  {0x1112, 0x1172, 0x11BF},
	0xD74D:  {0x1112, 0x1172, 0x11C0},
	0xD74E:  {0x1112, 0x1172, 0x11C1},
	0xD74F:  {0x1112, 0x1172, 0x11C2},
	0xD750:  {0x1112, 0x1173},
	0xD751:  {0x1112, 0x1173, 0x11A8},
	0xD752:  {0x1112, 0x1173, 0x11A9},
	0xD753:  {0x1112, 0x1173, 0x11AA},
	0xD754:  {0x1112, 0x1173, 0x11AB},
	0xD755:  {0x1112, 0x1173, 0x11AC},
	0xD756:  {0x1112, 0x1173, 0x11AD},
	0xD757:  {0x1112, 0x1173, 0x11AE},
	0xD758:  {0x1112, 0x1173, 0x11AF},
	0xD759:  {0x1112, 0x1173, 0x11B0},
	0xD75A:  {0x1112, 0x1173, 0x11B1},
	0xD75B:  {0x1112, 0x1173, 0x11B2},
	0xD75C:  {0x1112, 0x1173, 0x11B3},
	0xD75D:  {0x1112, 0x1173, 0x11B4},
	0xD75E:  {0x1112, 0x1173, 0x11B5},
	0xD75F:  {0x1112, 0x1173, 0x11B6},
	0xD760:  {0x1112, 0x1173, 0x11B7},
	0xD761:  {0x1112, 0x1173, 0x11B8},
	0xD762:  {0x1112, 0x1173, 0x11B9},
	0xD763:  {0x1112, 0x1173, 0x11BA},
	0xD764:  {0x1112, 0x1173, 0x11BB},
	0xD765:  {0x1112, 0x1173, 0x11BC},
	0xD766:  {0x1112, 0x1173, 0x11BD},
	0xD767:  {0x1112, 0x1173, 0x11BE},
	0xD768:  {0x1112, 0x1173, 0x11BF},
	0xD769:  {0x1112, 0x1173, 0x11C0},
	0xD76A:  {0x1112, 0x1173, 0x11C1},
	0xD76B:  {0x1112, 0x1173, 0x11C2},
	0xD76C:  {0x1112, 0x1174},
	0xD76D:  {0x1112, 0x1174, 0x11A8},
	0xD76E:  {0x1112, 0x1174, 0x11A9},
	0xD76F:  {0x1112, 0x1174, 0x11AA},
	0xD770:  {0x1112, 0x1174, 0x11AB},
	0xD771:  {0x1112, 0x1174, 0x11AC},
	0xD772:  {0x1112, 0x1174, 0x11AD},
	0xD773:  {0x1112, 0x1174, 0x11AE},
	0xD774:  {0x1112, 0x1174, 0x11AF},
	0xD775:  {0x1112, 0x1174, 0x11B0},
	0xD776:  {0x1112, 0x1174, 0x11B1},
	0xD777:  {0x1112, 0x1174, 0x11B2},
	0xD778:  {0x1112, 0x1174, 0x11B3},
	0xD779:  {0x1112, 0x1174, 0x11B4},
	0xD77A:  {0x1112, 0x1174, 0x11B5},
	0xD77B:  {0x1112, 0x1174, 0x11B6},
	0xD77C:  {0x1112, 0x1174, 0x11B7},
	0xD77D:  {0x1112, 0x1174, 0x11B8},
	0xD77E:  {0x1112, 0x1174, 0x11B9},
	0xD77F:  {0x1112, 0x1174, 0x11BA},
	0xD780:  {0x1112, 0x1174, 0x11BB},
	0xD781:  {0x1112, 0x1174, 0x11BC},
	0xD782:  {0x1112, 0x1174, 0x11BD},
	0xD783:  {0x1112, 0x1174, 0x11BE},
	0xD784:  {0x1112, 0x1174, 0x11BF},
	0xD785:  {0x1112, 0x1174, 0x11C0},
	0xD786:  {0x1112, 0x1174, 0x11C1},
	0xD787:  {0x1112, 0x1174, 0x11C2},
	0xD788:  {0x1112, 0x1175},
	0xD789:  {0x1112, 0x1175, 0x11A8},
	0xD78A:  {0x1112, 0x1175, 0x11A9},
	0xD78B:  {0x1112, 0x1175, 0x11AA},
	0xD78C:  {0x1112, 0x1175, 0x11AB},
	0xD78D:  {0x1112, 0x1175, 0x11AC},
	0xD78E:  {0x1112, 0x1175, 0x11AD},
	0xD78F:  {0x1112, 0x1175, 0x11AE},
	0xD790:  {0x1112, 0x1175, 0x11AF},
	0xD791:  {0x1112, 0x1175, 0x11B0},
	0xD792:  {0x1112, 0x1175, 0x11B1},
	0xD793:  {0x1112, 0x1175, 0x11B2},
	0xD794:  {0x1112, 0x1175, 0x11B3},
	0xD795:  {0x1112, 0x1175, 0x11B4},
	0xD796:  {0x1112, 0x1175, 0x11B5},
	0xD797:  {0x1112, 0x1175, 0x11B6},
	0xD798:  {0x1112, 0x1175, 0x11B7},
	0xD799:  {0x1112, 0x1175, 0x11B8},
	0xD79A:  {0x1112, 0x1175, 0x11B9},
	0xD79B:  {0x1112, 0x1175, 0x11BA},
	0xD79C:  {0x1112, 0x1175, 0x11BB},
	0xD79D:  {0x1112, 0x1175, 0x11BC},
	0xD79E:  {0x1112, 0x1175, 0x11BD},
	0xD79F:  {0x1112, 0x1175, 0x11BE},
	0xD7A0:  {0x1112, 0x1175, 0x11BF},
	0xD7A1:  {0x1112, 0x1175, 0x11C0},
	0xD7A2:  {0x1112, 0x1175, 0x11C1},
	0xD7A3:  {0x1112, 0x1175, 0x11C2},
	0xF900:  {0x8C48},
	0xF901:  {0x66F4},
	0xF902:  {0x8ECA},
	0xF903:  {0x8CC8},
	0xF904:  {0x6ED1},
	0xF905:  {0x4E32},
	0xF906:  {0x53E5},
	0xF907:  {0x9F9C},
	0xF908:  {0x9F9C},
	0xF909:  {0x5951},
	0xF90A:  {0x91D1},
	0xF90B:  {0x5587},
	0xF90C:  {0x5948},
	0xF90D:  {0x61F6},
	0xF90E:  {0x7669},
	0xF90F:  {0x7F85},
	0xF910:  {0x863F},
	0xF911:  {0x87BA},
	0xF912:  {0x88F8},
	0xF913:  {0x908F},
	0xF914:  {0x6A02},
	0xF915:  {0x6D1B},
	0xF916:  {0x70D9},
	0xF917:  {0x73DE},
	0xF918:  {0x843D},
	0xF919:  {0x916A},
	0xF91A:  {0x99F1},
	0xF91B:  {0x4E82},
	0xF91C:  {0x5375},
	0xF91D:  {0x6B04},
	0xF91E:  {0x721B},
	0xF91F:  {0x862D},
	0xF920:  {0x9E1E},
	0xF921:  {0x5D50},
	0xF922:  {0x6FEB},
	0xF923:  {0x85CD},
	0xF924:  {0x8964},
	0xF925:  {0x62C9},
	0xF926:  {0x81D8},
	0xF927:  {0x881F},
	0xF928:  {0x5ECA},
	0xF929:  {0x6717},
	0xF92A:  {0x6D6A},
	0xF92B:  {0x72FC},
	0xF92C:  {0x90CE},
	0xF92D:  {0x4F86},
	0xF92E:  {0x51B7},
	0xF92F:  {0x52DE},
	0xF930:  {0x64C4},
	0xF931:  {0x6AD3},
	0xF932:  {0x7210},
	0xF933:  {0x76E7},
	0xF934:  {0x8001},
	0xF935:  {0x8606},
	0xF936:  {0x865C},
	0xF937:  {0x8DEF},
	0xF938:  {0x9732},
	0xF939:  {0x9B6F},
	0xF93A:  {0x9DFA},
	0xF93B:  {0x788C},
	0xF93C:  {0x797F},
	0xF93D:  {0x7DA0},
	0xF93E:  {0x83C9},
	0xF93F:  {0x9304},
	0xF940:  {0x9E7F},
	0xF941:  {0x8AD6},
	0xF942:  {0x58DF},
	0xF943:  {0x5F04},
	0xF944:  {0x7C60},
	0xF945:  {0x807E},
	0xF946:  {0x7262},
	0xF947:  {0x78CA},
	0xF948:  {0x8CC2},
	0xF949:  {0x96F7},
	0xF94A:  {0x58D8},
	0xF94B:  {0x5C62},
	0xF94C:  {0x6A13},
	0xF94D:  {0x6DDA},
	0xF94E:  {0x6F0F},
	0xF94F:  {0x7D2F},
	0xF950:  {0x7E37},
	0xF951:  {0x964B},
	0xF952:  {0x52D2},
	0xF953:  {0x808B},
	0xF954:  {0x51DC},
	0xF955:  {0x51CC},
	0xF956:  {0x7A1C},
	0xF957:  {0x7DBE},
	0xF958:  {0x83F1},
	0xF959:  {0x9675},
	0xF95A:  {0x8B80},
	0xF95B:  {0x62CF},
	0xF95C:  {0x6A02},
	0xF95D:  {0x8AFE},
	0xF95E:  {0x4E39},
	0xF95F:  {0x5BE7},
	0xF960:  {0x6012},
	0xF961:  {0x7387},
	0xF962:  {0x7570},
	0xF963:  {0x5317},
	0xF964:  {0x78FB},
	0xF965:  {0x4FBF},
	0xF966:  {0x5FA9},
	0xF967:  {0x4E0D},
	0xF968:  {0x6CCC},
	0xF969:  {0x6578},
	0xF96A:  {0x7D22},
	0xF96B:  {0x53C3},
	0xF96C:  {0x585E},
	0xF96D:  {0x7701},
	0xF96E:  {0x8449},
	0xF96F:  {0x8AAA},
	0xF970:  {0x6BBA},
	0xF971:  {0x8FB0},
	0xF972:  {0x6C88},
	0xF973:  {0x62FE},
	0xF974:  {0x82E5},
	0xF975:  {0x63A0},
	0xF976:  {0x7565},
	0xF977:  {0x4EAE},
	0xF978:  {0x5169},
	0xF979:  {0x51C9},
	0xF97A:  {0x6881},
	0xF97B:  {0x7CE7},
	0xF97C:  {0x826F},
	0xF97D:  {0x8AD2},
	0xF97E:  {0x91CF},
	0xF97F:  {0x52F5},
	0xF980:  {0x5442},
	0xF981:  {0x5973},
	0xF982:  {0x5EEC},
	0xF983:  {0x65C5},
	0xF984:  {0x6FFE},
	0xF985:  {0x792A},
	0xF986:  {0x95AD},
	0xF987:  {0x9A6A},
	0xF988:  {0x9E97},
	0xF989:  {0x9ECE},
	0xF98A:  {0x529B},
	0xF98B:  {0x66C6},
	0xF98C:  {0x6B77},
	0xF98D:  {0x8F62},
	0xF98E:  {0x5E74},
	0xF98F:  {0x6190},
	0xF990:  {0x6200},
	0xF991:  {0x649A},
	0xF992:  {0x6F23},
	0xF993:  {0x7149},
	0xF994:  {0x7489},
	0xF995:  {0x79CA},
	0xF996:  {0x7DF4},
	0xF997:  {0x806F},
	0xF998:  {0x8F26},
	0xF999:  {0x84EE},
	0xF99A:  {0x9023},
	0xF99B:  {0x934A},
	0xF99C:  {0x5217},
	0xF99D:  {0x52A3},
	0xF99E:  {0x54BD},
	0xF99F:  {0x70C8},
	0xF9A0:  {0x88C2},
	0xF9A1:  {0x8AAA},
	0xF9A2:  {0x5EC9},
	0xF9A3:  {0x5FF5},
	0xF9A4:  {0x637B},
	0xF9A5:  {0x6BAE},
	0xF9A6:  {0x7C3E},
	0xF9A7:  {0x7375},
	0xF9A8:  {0x4EE4},
	0xF9A9:  {0x56F9},
	0xF9AA:  {0x5BE7},
	0xF9AB:  {0x5DBA},
	0xF9AC:  {0x601C},
	0xF9AD:  {0x73B2},
	0xF9AE:  {0x7469},
	0xF9AF:  {0x7F9A},
	0xF9B0:  {0x8046},
	0xF9B1:  {0x9234},
	0xF9B2:  {0x96F6},
	0xF9B3:  {0x9748},
	0xF9B4:  {0x9818},
	0xF9B5:  {0x4F8B},
	0xF9B6:  {0x79AE},
	0xF9B7:  {0x91B4},
	0xF9B8:  {0x96B8},
	0xF9B9:  {0x60E1},
	0xF9BA:  {0x4E86},
	0xF9BB:  {0x50DA},
	0xF9BC:  {0x5BEE},
	0xF9BD:  {0x5C3F},
	0xF9BE:  {0x6599},
	0xF9BF:  {0x6A02},
	0xF9C0:  {0x71CE},
	0xF9C1:  {0x7642},
	0xF9C2:  {0x84FC},
	0xF9C3:  {0x907C},
	0xF9C4:  {0x9F8D},
	0xF9C5:  {0x6688},
	0xF9C6:  {0x962E},
	0xF9C7:  {0x5289},
	0xF9C8:  {0x677B},
	0xF9C9:  {0x67F3},
	0xF9CA:  {0x6D41},
	0xF9CB:  {0x6E9C},
	0xF9CC:  {0x7409},
	0xF9CD:  {0x7559},
	0xF9CE:  {0x786B},
	0xF9CF:  {0x7D10},
	0xF9D0:  {0x985E},
	0xF9D1:  {0x516D},
	0xF9D2:  {0x622E},
	0xF9D3:  {0x9678},
	0xF9D4:  {0x502B},
	0xF9D5:  {0x5D19},
	0xF9D6:  {0x6DEA},
	0xF9D7:  {0x8F2A},
	0xF9D8:  {0x5F8B},
	0xF9D9:  {0x6144},
	0xF9DA:  {0x6817},
	0xF9DB:  {0x7387},
	0xF9DC:  {0x9686},
	0xF9DD:  {0x5229},
	0xF9DE:  {0x540F},
	0xF9DF:  {0x5C65},
	0xF9E0:  {0x6613},
	0xF9E1:  {0x674E},
	0xF9E2:  {0x68A8},
	0xF9E3:  {0x6CE5},
	0xF9E4:  {0x7406},
	0xF9E5:  {0x75E2},
	0xF9E6:  {0x7F79},
	0xF9E7:  {0x88CF},
	0xF9E8:  {0x88E1},
	0xF9E9:  {0x91CC},
	0xF9EA:  {0x96E2},
	0xF9EB:  {0x533F},
	0xF9EC:  {0x6EBA},
	0xF9ED:  {0x541D},
	0xF9EE:  {0x71D0},
	0xF9EF:  {0x7498},
	0xF9F0:  {0x85FA},
	0xF9F1:  {0x96A3},
	0xF9F2:  {0x9C57},
	0xF9F3:  {0x9E9F},
	0xF9F4:  {0x6797},
	0xF9F5:  {0x6DCB},
	0xF9F6:  {0x81E8},
	0xF9F7:  {0x7ACB},
	0xF9F8:  {0x7B20},
	0xF9F9:  {0x7C92},
	0xF9FA:  {0x72C0},
	0xF9FB:  {0x7099},
	0xF9FC:  {0x8B58},
	0xF9FD:  {0x4EC0},
	0xF9FE:  {0x8336},
	0xF9FF:  {0x523A},
	0xFA00:  {0x5207},
	0xFA01:  {0x5EA6},
	0xFA02:  {0x62D3},
	0xFA03:  {0x7CD6},
	0xFA04:  {0x5B85},
	0xFA05:  {0x6D1E},
	0xFA06:  {0x66B4},
	0xFA07:  {0x8F3B},
	0xFA08:  {0x884C},
	0xFA09:  {0x964D},
	0xFA0A:  {0x898B},
	0xFA0B:  {0x5ED3},
	0xFA0C:  {0x5140},
	0xFA0D:  {0x55C0},
	0xFA10:  {0x585A},
	0xFA12:  {0x6674},
	0xFA15:  {0x51DE},
	0xFA16:  {0x732A},
	0xFA17:  {0x76CA},
	0xFA18:  {0x793C},
	0xFA19:  {0x795E},
	0xFA1A:  {0x7965},
	0xFA1B:  {0x798F},
	0xFA1C:  {0x9756},
	0xFA1D:  {0x7CBE},
	0xFA1E:  {0x7FBD},
	0xFA20:  {0x8612},
	0xFA22:  {0x8AF8},
	0xFA25:  {0x9038},
	0xFA26:  {0x90FD},
	0xFA2A:  {0x98EF},
	0xFA2B:  {0x98FC},
	0xFA2C:  {0x9928},
	0xFA2D:  {0x9DB4},
	0xFA2E:  {0x90DE},
	0xFA2F:  {0x96B7},
	0xFA30:  {0x4FAE},
	0xFA31:  {0x50E7},
	0xFA32:  {0x514D},
	0xFA33:  {0x52C9},
	0xFA34:  {0x52E4},
	0xFA35:  {0x5351},
	0xFA36:  {0x559D},
	0xFA37:  {0x5606},
	0xFA38:  {0x5668},
	0xFA39:  {0x5840},
	0xFA3A:  {0x58A8},
	0xFA3B:  {0x5C64},
	0xFA3C:  {0x5C6E},
	0xFA3D:  {0x6094},
	0xFA3E:  {0x6168},
	0xFA3F:  {0x618E},
	0xFA40:  {0x61F2},
	0xFA41:  {0x654F},
	0xFA42:  {0x65E2},
	0xFA43:  {0x6691},
	0xFA44:  {0x6885},
	0xFA45:  {0x6D77},
	0xFA46:  {0x6E1A},
	0xFA47:  {0x6F22},
	0xFA48:  {0x716E},
	0xFA49:  {0x722B},
	0xFA4A:  {0x7422},
	0xFA4B:  {0x7891},
	0xFA4C:  {0x793E},
	0xFA4D:  {0x7949},
	0xFA4E:  {0x7948},
	0xFA4F:  {0x7950},
	0xFA50:  {0x7956},
	0xFA51:  {0x795D},
	0xFA52:  {0x798D},
	0xFA53:  {0x798E},
	0xFA54:  {0x7A40},
	0xFA55:  {0x7A81},
	0xFA56:  {0x7BC0},
	0xFA57:  {0x7DF4},
	0xFA58:  {0x7E09},
	0xFA59:  {0x7E41},
	0xFA5A:  {0x7F72},
	0xFA5B:  {0x8005},
	0xFA5C:  {0x81ED},
	0xFA5D:  {0x8279},
	0xFA5E:  {0x8279},
	0xFA5F:  {0x8457},
	0xFA60:  {0x8910},
	0xFA61:  {0x8996},
	0xFA62:  {0x8B01},
	0xFA63:  {0x8B39},
	0xFA64:  {0x8CD3},
	0xFA65:  {0x8D08},
	0xFA66:  {0x8FB6},
	0xFA67:  {0x9038},
	0xFA68:  {0x96E3},
	0xFA69:  {0x97FF},
	0xFA6A:  {0x983B},
	0xFA6B:  {0x6075},
	0xFA6C:  {0x242EE},
	0xFA6D:  {0x8218},
	0xFA70:  {0x4E26},
	0xFA71:  {0x51B5},
	0xFA72:  {0x5168},
	0xFA73:  {0x4F80},
	0xFA74:  {0x5145},
	0xFA75:  {0x5180},
	0xFA76:  {0x52C7},
	0xFA77:  {0x52FA},
	0xFA78:  {0x559D},
	0xFA79:  {0x5555},
	0xFA7A:  {0x5599},
	0xFA7B:  {0x55E2},
	0xFA7C:  {0x585A},
	0xFA7D:  {0x58B3},
	0xFA7E:  {0x5944},
	0xFA7F:  {0x5954},
	0xFA80:  {0x5A62},
	0xFA81:  {0x5B28},
	0xFA82:  {0x5ED2},
	0xFA83:  {0x5ED9},
	0xFA84:  {0x5F69},
	0xFA85:  {0x5FAD},
	0xFA86:  {0x60D8},
	0xFA87:  {0x614E},
	0xFA88:  {0x6108},
	0xFA89:  {0x618E},
	0xFA8A:  {0x6160},
	0xFA8B:  {0x61F2},
	0xFA8C:  {0x6234},
	0xFA8D:  {0x63C4},
	0xFA8E:  {0x641C},
	0xFA8F:  {0x6452},
	0xFA90:  {0x6556},
	0xFA91:  {0x6674},
	0xFA92:  {0x6717},
	0xFA93:  {0x671B},
	0xFA94:  {0x6756},
	0xFA95:  {0x6B79},
	0xFA96:  {0x6BBA},
	0xFA97:  {0x6D41},
	0xFA98:  {0x6EDB},
	0xFA99:  {0x6ECB},
	0xFA9A:  {0x6F22},
	0xFA9B:  {0x701E},
	0xFA9C:  {0x716E},
	0xFA9D:  {0x77A7},
	0xFA9E:  {0x7235},
	0xFA9F:  {0x72AF},
	0xFAA0:  {0x732A},
	0xFAA1:  {0x7471},
	0xFAA2:  {0x7506},
	0xFAA3:  {0x753B},
	0xFAA4:  {0x761D},
	0xFAA5:  {0x761F},
	0xFAA6:  {0x76CA},
	0xFAA7:  {0x76DB},
	0xFAA8:  {0x76F4},
	0xFAA9:  {0x774A},
	0xFAAA:  {0x7740},
	0xFAAB:  {0x78CC},
	0xFAAC:  {0x7AB1},
	0xFAAD:  {0x7BC0},
	0xFAAE:  {0x7C7B},
	0xFAAF:  {0x7D5B},
	0xFAB0:  {0x7DF4},
	0xFAB1:  {0x7F3E},
	0xFAB2:  {0x8005},
	0xFAB3:  {0x8352},
	0xFAB4:  {0x83EF},
	0xFAB5:  {0x8779},
	0xFAB6:  {0x8941},
	0xFAB7:  {0x8986},
	0xFAB8:  {0x8996},
	0xFAB9:  {0x8ABF},
	0xFABA:  {0x8AF8},
	0xFABB:  {0x8ACB},
	0xFABC:  {0x8B01},
	0xFABD:  {0x8AFE},
	0xFABE:  {0x8AED},
	0xFABF:  {0x8B39},
	0xFAC0:  {0x8B8A},
	0xFAC1:  {0x8D08},
	0xFAC2:  {0x8F38},
	0xFAC3:  {0x9072},
	0xFAC4:  {0x9199},
	0xFAC5:  {0x9276},
	0xFAC6:  {0x967C},
	0xFAC7:  {0x96E3},
	0xFAC8:  {0x9756},
	0xFAC9:  {0x97DB},
	0xFACA:  {0x97FF},
	0xFACB:  {0x980B},
	0xFACC:  {0x983B},
	0xFACD:  {0x9B12},
	0xFACE:  {0x9F9C},
	0xFACF:  {0x2284A},
	0xFAD0:  {0x22844},
	0xFAD1:  {0x233D5},
	0xFAD2:  {0x3B9D},
	0xFAD3:  {0x4018},
	0xFAD4:  {0x4039},
	0xFAD5:  {0x25249},
	0xFAD6:  {0x25CD0},
	0xFAD7:  {0x27ED3},
	0xFAD8:  {0x9F43},
	0xFAD9:  {0x9F8E},
	0xFB1D:  {0x05D9, 0x05B4},
	0xFB1F:  {0x05F2, 0x05B7},
	0xFB2A:  {0x05E9, 0x05C1},
	0xFB2B:  {0x05E9, 0x05C2},
	0xFB2C:  {0x05E9, 0x05BC, 0x05C1},
	0xFB2D:  {0x05E9, 0x05BC, 0x05C2},
	0xFB2E:  {0x05D0, 0x05B7},
	0xFB2F:  {0x05D0, 0x05B8},
	0xFB30:  {0x05D0, 0x05BC},
	0xFB31:  {0x05D1, 0x05BC},
	0xFB32:  {0x05D2, 0x05BC},
	0xFB33:  {0x05D3, 0x05BC},
	0xFB34:  {0x05D4, 0x05BC},
	0xFB35:  {0x05D5, 0x05BC},
	0xFB36:  {0x05D6, 0x05BC},
	0xFB38:  {0x05D8, 0x05BC},
	0xFB39:  {0x05D9, 0x05BC},
	0xFB3A:  {0x05DA, 0x05BC},
	0xFB3B:  {0x05DB, 0x05BC},
	0xFB3C:  {0x05DC, 0x05BC},
	0xFB3E:  {0x05DE, 0x05BC},
	0xFB40:  {0x05E0, 0x05BC},
	0xFB41:  {0x05E1, 0x05BC},
	0xFB43:  {0x05E3, 0x05BC},
	0xFB44:  {0x05E4, 0x05BC},
	0xFB46:  {0x05E6, 0x05BC},
	0xFB47:  {0x05E7, 0x05BC},
	0xFB48:  {0x05E8, 0x05BC},
	0xFB49:  {0x05E9, 0x05BC},
	0xFB4A:  {0x05EA, 0x05BC},
	0xFB4B:  {0x05D5, 0x05B9},
	0xFB4C:  {0x05D1, 0x05BF},
	0xFB4D:  {0x05DB, 0x05BF},
	0xFB4E:  {0x05E4, 0x05BF},
	0x1109A: {0x11099, 0x110BA},
	0x1109C: {0x1109B, 0x110BA},
	0x110AB: {0x110A5, 0x110BA},
	0x1112E: {0x11131, 0x11127},
	0x1112F: {0x11132, 0x11127},
	0x1134B: {0x11347, 0x1133E},
	0x1134C: {0x11347, 0x11357},
	0x114BB: {0x114B9, 0x114BA},
	0x114BC: {0x114B9, 0x114B0},
	0x114BE: {0x114B9, 0x114BD},
	0x115BA: {0x115B8, 0x115AF},
	0x115BB: {0x115B9, 0x115AF},
	0x11938: {0x11935, 0x11930},
	0x1D15E: {0x1D157, 0x1D165},
	0x1D15F: {0x1D158, 0x1D165},
	0x1D160: {0x1D158, 0x1D165, 0x1D16E},
	0x1D161: {0x1D158, 0x1D165, 0x1D16F},
	0x1D162: {0x1D158, 0x1D165, 0x1D170},
	0x1D163: {0x1D158, 0x1D165, 0x1D171},
	0x1D164: {0x1D158, 0x1D165, 0x1D172},
	0x1D1BB: {0x1D1B9, 0x1D165},
	0x1D1BC: {0x1D1BA, 0x1D165},
	0x1D1BD: {0x1D1B9, 0x1D165, 0x1D16E},
	0x1D1BE: {0x1D1BA, 0x1D165, 0x1D16E},
	0x1D1BF: {0x1D1B9, 0x1D165, 0x1D16F},
	0x1D1C0: {0x1D1BA, 0x1D165, 0x1D16F},
	0x2F800: {0x4E3D},
	0x2F801: {0x4E38},
	0x2F802: {0x4E41},
	0x2F803: {0x20122},
	0x2F804: {0x4F60},
	0x2F805: {0x4FAE},
	0x2F806: {0x4FBB},
	0x2F807: {0x5002},
	0x2F808: {0x507A},
	0x2F809: {0x5099},
	0x2F80A: {0x50E7},
	0x2F80B: {0x50CF},
	0x2F80C: {0x349E},
	0x2F80D: {0x2063A},
	0x2F80E: {0x514D},
	0x2F80F: {0x5154},
	0x2F810: {0x5164},
	0x2F811: {0x5177},
	0x2F812: {0x2051C},
	0x2F813: {0x34B9},
	0x2F814: {0x5167},
	0x2F815: {0x518D},
	0x2F816: {0x2054B},
	0x2F817: {0x5197},
	0x2F818: {0x51A4},
	0x2F819: {0x4ECC},
	0x2F81A: {0x51AC},
	0x2F81B: {0x51B5},
	0x2F81C: {0x291DF},
	0x2F81D: {0x51F5},
	0x2F81E: {0x5203},
	0x2F81F: {0x34DF},
	0x2F820: {0x523B},
	0x2F821: {0x5246},
	0x2F822: {0x5272},
	0x2F823: {0x5277},
	0x2F824: {0x3515},
	0x2F825: {0x52C7},
	0x2F826: {0x52C9},
	0x2F827: {0x52E4},
	0x2F828: {0x52FA},
	0x2F829: {0x5305},
	0x2F82A: {0x5306},
	0x2F82B: {0x5317},
	0x2F82C: {0x5349},
	0x2F82D: {0x5351},
	0x2F82E: {0x535A},
	0x2F82F: {0x5373},
	0x2F830: {0x537D},
	0x2F831: {0x537F},
	0x2F832: {0x537F},
	0x2F833: {0x537F},
	0x2F834: {0x20A2C},
	0x2F835: {0x7070},
	0x2F836: {0x53CA},
	0x2F837: {0x53DF},
	0x2F838: {0x20B63},
	0x2F839: {0x53EB},
	0x2F83A: {0x53F1},
	0x2F83B: {0x5406},
	0x2F83C: {0x549E},
	0x2F83D: {0x5438},
	0x2F83E: {0x5448},
	0x2F83F: {0x5468},
	0x2F840: {0x54A2},
	0x2F841: {0x54F6},
	0x2F842: {0x5510},
	0x2F843: {0x5553},
	0x2F844: {0x5563},
	0x2F845: {0x5584},
	0x2F846: {0x5584},
	0x2F847: {0x5599},
	0x2F848: {0x55AB},
	0x2F849: {0x55B3},
	0x2F84A: {0x55C2},
	0x2F84B: {0x5716},
	0x2F84C: {0x5606},
	0x2F84D: {0x5717},
	0x2F84E: {0x5651},
	0x2F84F: {0x5674},
	0x2F850: {0x5207},
	0x2F851: {0x58EE},
	0x2F852: {0x57CE},
	0x2F853: {0x57F4},
	0x2F854: {0x580D},
	0x2F855: {0x578B},
	0x2F856: {0x5832},
	0x2F857: {0x5831},
	0x2F858: {0x58AC},
	0x2F859: {0x214E4},
	0x2F85A: {0x58F2},
	0x2F85B: {0x58F7},
	0x2F85C: {0x5906},
	0x2F85D: {0x591A},
	0x2F85E: {0x5922},
	0x2F85F: {0x5962},
	0x2F860: {0x216A8},
	0x2F861: {0x216EA},
	0x2F862: {0x59EC},
	0x2F863: {0x5A1B},
	0x2F864: {0x5A27},
	0x2F865: {0x59D8},
	0x2F866: {0x5A66},
	0x2F867: {0x36EE},
	0x2F868: {0x36FC},
	0x2F869: {0x5B08},
	0x2F86A: {0x5B3E},
	0x2F86B: {0x5B3E},
	0x2F86C: {0x219C8},
	0x2F86D: {0x5BC3},
	0x2F86E: {0x5BD8},
	0x2F86F: {0x5BE7},
	0x2F870: {0x5BF3},
	0x2F871: {0x21B18},
	0x2F872: {0x5BFF},
	0x2F873: {0x5C06},
	0x2F874: {0x5F53},
	0x2F875: {0x5C22},
	0x2F876: {0x3781},
	0x2F877: {0x5C60},
	0x2F878: {0x5C6E},
	0x2F879: {0x5CC0},
	0x2F87A: {0x5C8D},
	0x2F87B: {0x21DE4},
	0x2F87C: {0x5D43},
	0x2F87D: {0x21DE6},
	0x2F87E: {0x5D6E},
	0x2F87F: {0x5D6B},
	0x2F880: {0x5D7C},
	0x2F881: {0x5DE1},
	0x2F882: {0x5DE2},
	0x2F883: {0x382F},
	0x2F884: {0x5DFD},
	0x2F885: {0x5E28},
	0x2F886: {0x5E3D},
	0x2F887: {0x5E69},
	0x2F888: {0x3862},
	0x2F889: {0x22183},
	0x2F88A: {0x387C},
	0x2F88B: {0x5EB0},
	0x2F88C: {0x5EB3},
	0x2F88D: {0x5EB6},
	0x2F88E: {0x5ECA},
	0x2F88F: {0x2A392},
	0x2F890: {0x5EFE},
	0x2F891: {0x22331},
	0x2F892: {0x22331},
	0x2F893: {0x8201},
	0x2F894: {0x5F22},
	0x2F895: {0x5F22},
	0x2F896: {0x38C7},
	0x2F897: {0x232B8},
	0x2F898: {0x261DA},
	0x2F899: {0x5F62},
	0x2F89A: {0x5F6B},
	0x2F89B: {0x38E3},
	0x2F89C: {0x5F9A},
	0x2F89D: {0x5FCD},
	0x2F89E: {0x5FD7},
	0x2F89F: {0x5FF9},
	0x2F8A0: {0x6081},
	0x2F8A1: {0x393A},
	0x2F8A2: {0x391C},
	0x2F8A3: {0x6094},
	0x2F8A4: {0x226D4},
	0x2F8A5: {0x60C7},
	0x2F8A6: {0x6148},
	0x2F8A7: {0x614C},
	0x2F8A8: {0x614E},
	0x2F8A9: {0x614C},
	0x2F8AA: {0x617A},
	0x2F8AB: {0x618E},
	0x2F8AC: {0x61B2},
	0x2F8AD: {0x61A4},
	0x2F8AE: {0x61AF},
	0x2F8AF: {0x61DE},
	0x2F8B0: {0x61F2},
	0x2F8B1: {0x61F6},
	0x2F8B2: {0x6210},
	0x2F8B3: {0x621B},
	0x2F8B4: {0x625D},
	0x2F8B5: {0x62B1},
	0x2F8B6: {0x62D4},
	0x2F8B7: {0x6350},
	0x2F8B8: {0x22B0C},
	0x2F8B9: {0x633D},
	0x2F8BA: {0x62FC},
	0x2F8BB: {0x6368},
	0x2F8BC: {0x6383},
	0x2F8BD: {0x63E4},
	0x2F8BE: {0x22BF1},
	0x2F8BF: {0x6422},
	0x2F8C0: {0x63C5},
	0x2F8C1: {0x63A9},
	0x2F8C2: {0x3A2E},
	0x2F8C3: {0x6469},
	0x2F8C4: {0x647E},
	0x2F8C5: {0x649D},
	0x2F8C6: {0x6477},
	0x2F8C7: {0x3A6C},
	0x2F8C8: {0x654F},
	0x2F8C9: {0x656C},
	0x2F8CA: {0x2300A},
	0x2F8CB: {0x65E3},
	0x2F8CC: {0x66F8},
	0x2F8CD: {0x6649},
	0x2F8CE: {0x3B19},
	0x2F8CF: {0x6691},
	0x2F8D0: {0x3B08},
	0x2F8D1: {0x3AE4},
	0x2F8D2: {0x5192},
	0x2F8D3: {0x5195},
	0x2F8D4: {0x6700},
	0x2F8D5: {0x669C},
	0x2F8D6: {0x80AD},
	0x2F8D7: {0x43D9},
	0x2F8D8: {0x6717},
	0x2F8D9: {0x671B},
	0x2F8DA: {0x6721},
	0x2F8DB: {0x675E},
	0x2F8DC: {0x6753},
	0x2F8DD: {0x233C3},
	0x2F8DE: {0x3B49},
	0x2F8DF: {0x67FA},
	0x2F8E0: {0x6785},
	0x2F8E1: {0x6852},
	0x2F8E2: {0x6885},
	0x2F8E3: {0x2346D},
	0x2F8E4: {0x688E},
	0x2F8E5: {0x681F},
	0x2F8E6: {0x6914},
	0x2F8E7: {0x3B9D},
	0x2F8E8: {0x6942},
	0x2F8E9: {0x69A3},
	0x2F8EA: {0x69EA},
	0x2F8EB: {0x6AA8},
	0x2F8EC: {0x236A3},
	0x2F8ED: {0x6ADB},
	0x2F8EE: {0x3C18},
	0x2F8EF: {0x6B21},
	0x2F8F0: {0x238A7},
	0x2F8F1: {0x6B54},
	0x2F8F2: {0x3C4E},
	0x2F8F3: {0x6B72},
	0x2F8F4: {0x6B9F},
	0x2F8F5: {0x6BBA},
	0x2F8F6: {0x6BBB},
	0x2F8F7: {0x23A8D},
	0x2F8F8: {0x21D0B},
	0x2F8F9: {0x23AFA},
	0x2F8FA: {0x6C4E},
	0x2F8FB: {0x23CBC},
	0x2F8FC: {0x6CBF},
	0x2F8FD: {0x6CCD},
	0x2F8FE: {0x6C67},
	0x2F8FF: {0x6D16},
	0x2F900: {0x6D3E},
	0x2F901: {0x6D77},
	0x2F902: {0x6D41},
	0x2F903: {0x6D69},
	0x2F904: {0x6D78},
	0x2F905: {0x6D85},
	0x2F906: {0x23D1E},
	0x2F907: {0x6D34},
	0x2F908: {0x6E2F},
	0x2F909: {0x6E6E},
	0x2F90A: {0x3D33},
	0x2F90B: {0x6ECB},
	0x2F90C: {0x6EC7},
	0x2F90D: {0x23ED1},
	0x2F90E: {0x6DF9},
	0x2F90F: {0x6F6E},
	0x2F910: {0x23F5E},
	0x2F911: {0x23F8E},
	0x2F912: {0x6FC6},
	0x2F913: {0x7039},
	0x2F914: {0x701E},
	0x2F915: {0x701B},
	0x2F916: {0x3D96},
	0x2F917: {0x704A},
	0x2F918: {0x707D},
	0x2F919: {0x7077},
	0x2F91A: {0x70AD},
	0x2F91B: {0x20525},
	0x2F91C: {0x7145},
	0x2F91D: {0x24263},
	0x2F91E: {0x719C},
	0x2F91F: {0x243AB},
	0x2F920: {0x7228},
	0x2F921: {0x7235},
	0x2F922: {0x7250},
	0x2F923: {0x24608},
	0x2F924: {0x7280},
	0x2F925: {0x7295},
	0x2F926: {0x24735},
	0x2F927: {0x24814},
	0x2F928: {0x737A},
	0x2F929: {0x738B},
	0x2F92A: {0x3EAC},
	0x2F92B: {0x73A5},
	0x2F92C: {0x3EB8},
	0x2F92D: {0x3EB8},
	0x2F92E: {0x7447},
	0x2F92F: {0x745C},
	0x2F930: {0x7471},
	0x2F931: {0x7485},
	0x2F932: {0x74CA},
	0x2F933: {0x3F1B},
	0x2F934: {0x7524},
	0x2F935: {0x24C36},
	0x2F936: {0x753E},
	0x2F937: {0x24C92},
	0x2F938: {0x7570},
	0x2F939: {0x2219F},
	0x2F93A: {0x7610},
	0x2F93B: {0x24FA1},
	0x2F93C: {0x24FB8},
	0x2F93D: {0x25044},
	0x2F93E: {0x3FFC},
	0x2F93F: {0x4008},
	0x2F940: {0x76F4},
	0x2F941: {0x250F3},
	0x2F942: {0x250F2},
	0x2F943: {0x25119},
	0x2F944: {0x25133},
	0x2F945: {0x771E},
	0x2F946: {0x771F},
	0x2F947: {0x771F},
	0x2F948: {0x774A},
	0x2F949: {0x4039},
	0x2F94A: {0x778B},
	0x2F94B: {0x4046},
	0x2F94C: {0x4096},
	0x2F94D: {0x2541D},
	0x2F94E: {0x784E},
	0x2F94F: {0x788C},
	0x2F950: {0x78CC},
	0x2F951: {0x40E3},
	0x2F952: {0x25626},
	0x2F953: {0x7956},
	0x2F954: {0x2569A},
	0x2F955: {0x256C5},
	0x2F956: {0x798F},
	0x2F957: {0x79EB},
	0x2F958: {0x412F},
	0x2F959: {0x7A40},
	0x2F95A: {0x7A4A},
	0x2F95B: {0x7A4F},
	0x2F95C: {0x2597C},
	0x2F95D: {0x25AA7},
	0x2F95E: {0x25AA7},
	0x2F95F: {0x7AEE},
	0x2F960: {0x4202},
	0x2F961: {0x25BAB},
	0x2F962: {0x7BC6},
	0x2F963: {0x7BC9},
	0x2F964: {0x4227},
	0x2F965: {0x25C80},
	0x2F966: {0x7CD2},
	0x2F967: {0x42A0},
	0x2F968: {0x7CE8},
	0x2F969: {0x7CE3},
	0x2F96A: {0x7D00},
	0x2F96B: {0x25F86},
	0x2F96C: {0x7D63},
	0x2F96D: {0x4301},
	0x2F96E: {0x7DC7},
	0x2F96F: {0x7E02},
	0x2F970: {0x7E45},
	0x2F971: {0x4334},
	0x2F972: {0x26228},
	0x2F973: {0x26247},
	0x2F974: {0x4359},
	0x2F975: {0x262D9},
	0x2F976: {0x7F7A},
	0x2F977: {0x2633E},
	0x2F978: {0x7F95},
	0x2F979: {0x7FFA},
	0x2F97A: {0x8005},
	0x2F97B: {0x264DA},
	0x2F97C: {0x26523},
	0x2F97D: {0x8060},
	0x2F97E: {0x265A8},
	0x2F97F: {0x8070},
	0x2F980: {0x2335F},
	0x2F981: {0x43D5},
	0x2F982: {0x80B2},
	0x2F983: {0x8103},
	0x2F984: {0x440B},
	0x2F985: {0x813E},
	0x2F986: {0x5AB5},
	0x2F987: {0x267A7},
	0x2F988: {0x267B5},
	0x2F989: {0x23393},
	0x2F98A: {0x2339C},
	0x2F98B: {0x8201},
	0x2F98C: {0x8204},
	0x2F98D: {0x8F9E},
	0x2F98E: {0x446B},
	0x2F98F: {0x8291},
	0x2F990: {0x828B},
	0x2F991: {0x829D},
	0x2F992: {0x52B3},
	0x2F993: {0x82B1},
	0x2F994: {0x82B3},
	0x2F995: {0x82BD},
	0x2F996: {0x82E6},
	0x2F997: {0x26B3C},
	0x2F998: {0x82E5},
	0x2F999: {0x831D},
	0x2F99A: {0x8363},
	0x2F99B: {0x83AD},
	0x2F99C: {0x8323},
	0x2F99D: {0x83BD},
	0x2F99E: {0x83E7},
	0x2F99F: {0x8457},
	0x2F9A0: {0x8353},
	0x2F9A1: {0x83CA},
	0x2F9A2: {0x83CC},
	0x2F9A3: {0x83DC},
	0x2F9A4: {0x26C36},
	0x2F9A5: {0x26D6B},
	0x2F9A6: {0x26CD5},
	0x2F9A7: {0x452B},
	0x2F9A8: {0x84F1},
	0x2F9A9: {0x84F3},
	0x2F9AA: {0x8516},
	0x2F9AB: {0x273CA},
	0x2F9AC: {0x8564},
	0x2F9AD: {0x26F2C},
	0x2F9AE: {0x455D},
	0x2F9AF: {0x4561},
	0x2F9B0: {0x26FB1},
	0x2F9B1: {0x270D2},
	0x2F9B2: {0x456B},
	0x2F9B3: {0x8650},
	0x2F9B4: {0x865C},
	0x2F9B5: {0x8667},
	0x2F9B6: {0x8669},
	0x2F9B7: {0x86A9},
	0x2F9B8: {0x8688},
	0x2F9B9: {0x870E},
	0x2F9BA: {0x86E2},
	0x2F9BB: {0x8779},
	0x2F9BC: {0x8728},
	0x2F9BD: {0x876B},
	0x2F9BE: {0x8786},
	0x2F9BF: {0x45D7},
	0x2F9C0: {0x87E1},
	0x2F9C1: {0x8801},
	0x2F9C2: {0x45F9},
	0x2F9C3: {0x8860},
	0x2F9C4: {0x8863},
	0x2F9C5: {0x27667},
	0x2F9C6: {0x88D7},
	0x2F9C7: {0x88DE},
	0x2F9C8: {0x4635},
	0x2F9C9: {0x88FA},
	0x2F9CA: {0x34BB},
	0x2F9CB: {0x278AE},
	0x2F9CC: {0x27966},
	0x2F9CD: {0x46BE},
	0x2F9CE: {0x46C7},
	0x2F9CF: {0x8AA0},
	0x2F9D0: {0x8AED},
	0x2F9D1: {0x8B8A},
	0x2F9D2: {0x8C55},
	0x2F9D3: {0x27CA8},
	0x2F9D4: {0x8CAB},
	0x2F9D5: {0x8CC1},
	0x2F9D6: {0x8D1B},
	0x2F9D7: {0x8D77},
	0x2F9D8: {0x27F2F},
	0x2F9D9: {0x20804},
	0x2F9DA: {0x8DCB},
	0x2F9DB: {0x8DBC},
	0x2F9DC: {0x8DF0},
	0x2F9DD: {0x208DE},
	0x2F9DE: {0x8ED4},
	0x2F9DF: {0x8F38},
	0x2F9E0: {0x285D2},
	0x2F9E1: {0x285ED},
	0x2F9E2: {0x9094},
	0x2F9E3: {0x90F1},
	0x2F9E4: {0x9111},
	0x2F9E5: {0x2872E},
	0x2F9E6: {0x911B},
	0x2F9E7: {0x9238},
	0x2F9E8: {0x92D7},
	0x2F9E9: {0x92D8},
	0x2F9EA: {0x927C},
	0x2F9EB: {0x93F9},
	0x2F9EC: {0x9415},
	0x2F9ED: {0x28BFA},
	0x2F9EE: {0x958B},
	0x2F9EF: {0x4995},
	0x2F9F0: {0x95B7},
	0x2F9F1: {0x28D77},
	0x2F9F2: {0x49E6},
	0x2F9F3: {0x96C3},
	0x2F9F4: {0x5DB2},
	0x2F9F5: {0x9723},
	0x2F9F6: {0x29145},
	0x2F9F7: {0x2921A},
	0x2F9F8: {0x4A6E},
	0x2F9F9: {0x4A76},
	0x2F9FA: {0x97E0},
	0x2F9FB: {0x2940A},
	0x2F9FC: {0x4AB2},
	0x2F9FD: {0x29496},
	0x2F9FE: {0x980B},
	0x2F9FF: {0x980B},
	0x2FA00: {0x9829},
	0x2FA01: {0x295B6},
	0x2FA02: {0x98E2},
	0x2FA03: {0x4B33},
	0x2FA04: {0x9929},
	0x2FA05: {0x99A7},
	0x2FA06: {0x99C2},
	0x2FA07: {0x99FE},
	0x2FA08: {0x4BCE},
	0x2FA09: {0x29B30},
	0x2FA0A: {0x9B12},
	0x2FA0B: {0x9C40},
	0x2FA0C: {0x9CFD},
	0x2FA0D: {0x4CCE},
	0x2FA0E: {0x4CED},
	0x2FA0F: {0x9D67},
	0x2FA10: {0x2A0CE},
	0x2FA11: {0x4CF8},
	0x2FA12: {0x2A105},
	0x2FA13: {0x2A20E},
	0x2FA14: {0x2A291},
	0x2FA15: {0x9EBB},
	0x2FA16: {0x4D56},
	0x2FA17: {0x9EF9},
	0x2FA18: {0x9EFE},
	0x2FA19: {0x9F05},
	0x2FA1A: {0x9F0F},
	0x2FA1B: {0x9F16},
	0x2FA1C: {0x9F3B},
	0x2FA1D: {0x2A600},
}
